// From https://forum.pjrc.com/index.php?threads/uncanny-eyes-is-getting-expensive.71068/page-7#post-361781

#pragma once

#include "../eyes.h"
#include "polarAngle_240.h"
#include "polarDist_240_125_125_110.h"
#include "disp_240_125.h"

namespace green {
  // An array of vertical start (inclusive) and end (exclusive) locations for each leftUpper eyelid column
  const uint8_t leftUpper[screenWidth * 2] PROGMEM = {
    0x62, 0x7D, 0x5E, 0x80, 0x5A, 0x83, 0x57, 0x86, 0x54, 0x88, 0x51, 0x8A, 0x4E, 0x8C, 0x4C, 0x8D,
    0x4A, 0x8F, 0x47, 0x90, 0x45, 0x92, 0x43, 0x93, 0x41, 0x94, 0x3F, 0x95, 0x3E, 0x96, 0x3C, 0x97,
    0x3A, 0x98, 0x38, 0x99, 0x37, 0x9A, 0x35, 0x9B, 0x34, 0x9C, 0x32, 0x9D, 0x31, 0x9D, 0x30, 0x9E,
    0x2E, 0x9F, 0x2D, 0x9F, 0x2C, 0xA0, 0x2B, 0xA1, 0x29, 0xA1, 0x28, 0xA2, 0x27, 0xA3, 0x26, 0xA3,
    0x25, 0xA4, 0x24, 0xA4, 0x23, 0xA5, 0x22, 0xA5, 0x21, 0xA6, 0x20, 0xA6, 0x1F, 0xA7, 0x1E, 0xA7,
    0x1D, 0xA8, 0x1C, 0xA8, 0x1B, 0xA9, 0x1A, 0xA9, 0x19, 0xA9, 0x19, 0xAA, 0x18, 0xAA, 0x17, 0xAB,
    0x16, 0xAB, 0x16, 0xAB, 0x15, 0xAC, 0x14, 0xAC, 0x14, 0xAC, 0x13, 0xAD, 0x13, 0xAD, 0x12, 0xAD,
    0x12, 0xAD, 0x11, 0xAE, 0x10, 0xAE, 0x10, 0xAE, 0x0F, 0xAE, 0x0F, 0xAF, 0x0E, 0xAF, 0x0E, 0xAF,
    0x0E, 0xAF, 0x0D, 0xAF, 0x0D, 0xB0, 0x0C, 0xB0, 0x0C, 0xB0, 0x0C, 0xB0, 0x0B, 0xB0, 0x0B, 0xB0,
    0x0A, 0xB0, 0x0A, 0xB1, 0x0A, 0xB1, 0x09, 0xB1, 0x09, 0xB1, 0x09, 0xB1, 0x09, 0xB1, 0x08, 0xB1,
    0x08, 0xB1, 0x08, 0xB1, 0x07, 0xB1, 0x07, 0xB1, 0x07, 0xB1, 0x07, 0xB1, 0x07, 0xB1, 0x06, 0xB1,
    0x06, 0xB1, 0x06, 0xB1, 0x06, 0xB1, 0x06, 0xB1, 0x05, 0xB1, 0x05, 0xB1, 0x05, 0xB1, 0x05, 0xB1,
    0x05, 0xB1, 0x05, 0xB1, 0x05, 0xB1, 0x05, 0xB1, 0x04, 0xB1, 0x04, 0xB1, 0x04, 0xB1, 0x04, 0xB1,
    0x04, 0xB1, 0x04, 0xB1, 0x04, 0xB1, 0x04, 0xB1, 0x04, 0xB1, 0x04, 0xB0, 0x04, 0xB0, 0x04, 0xB0,
    0x04, 0xB0, 0x04, 0xB0, 0x04, 0xB0, 0x04, 0xB0, 0x04, 0xB0, 0x04, 0xB0, 0x04, 0xAF, 0x04, 0xAF,
    0x04, 0xAF, 0x04, 0xAF, 0x05, 0xAF, 0x05, 0xAF, 0x05, 0xAF, 0x05, 0xAE, 0x05, 0xAE, 0x05, 0xAE,
    0x05, 0xAE, 0x05, 0xAE, 0x06, 0xAE, 0x06, 0xAD, 0x06, 0xAD, 0x06, 0xAD, 0x06, 0xAD, 0x07, 0xAD,
    0x07, 0xAD, 0x07, 0xAC, 0x07, 0xAC, 0x08, 0xAC, 0x08, 0xAC, 0x08, 0xAC, 0x09, 0xAB, 0x09, 0xAB,
    0x09, 0xAB, 0x09, 0xAB, 0x0A, 0xAB, 0x0A, 0xAA, 0x0B, 0xAA, 0x0B, 0xAA, 0x0B, 0xAA, 0x0C, 0xAA,
    0x0C, 0xA9, 0x0C, 0xA9, 0x0D, 0xA9, 0x0D, 0xA9, 0x0E, 0xA8, 0x0E, 0xA8, 0x0F, 0xA8, 0x0F, 0xA8,
    0x10, 0xA8, 0x10, 0xA7, 0x11, 0xA7, 0x11, 0xA7, 0x12, 0xA7, 0x13, 0xA6, 0x13, 0xA6, 0x14, 0xA6,
    0x14, 0xA6, 0x15, 0xA6, 0x16, 0xA5, 0x16, 0xA5, 0x17, 0xA5, 0x18, 0xA5, 0x18, 0xA4, 0x19, 0xA4,
    0x1A, 0xA4, 0x1A, 0xA4, 0x1B, 0xA3, 0x1C, 0xA3, 0x1C, 0xA3, 0x1D, 0xA3, 0x1E, 0xA3, 0x1F, 0xA2,
    0x1F, 0xA2, 0x20, 0xA2, 0x21, 0xA2, 0x22, 0xA1, 0x23, 0xA1, 0x23, 0xA1, 0x24, 0xA1, 0x25, 0xA1,
    0x26, 0xA0, 0x27, 0xA0, 0x28, 0xA0, 0x29, 0xA0, 0x2A, 0xA0, 0x2B, 0x9F, 0x2C, 0x9F, 0x2D, 0x9F,
    0x2E, 0x9F, 0x2F, 0x9F, 0x30, 0x9E, 0x31, 0x9E, 0x33, 0x9E, 0x34, 0x9E, 0x35, 0x9E, 0x36, 0x9D,
    0x38, 0x9D, 0x39, 0x9D, 0x3B, 0x9D, 0x3C, 0x9D, 0x3D, 0x9D, 0x3F, 0x9D, 0x41, 0x9C, 0x42, 0x9C,
    0x44, 0x9C, 0x46, 0x9C, 0x47, 0x9C, 0x49, 0x9C, 0x4B, 0x9C, 0x4D, 0x9C, 0x4F, 0x9C, 0x50, 0x9C,
    0x52, 0x9C, 0x54, 0x9C, 0x56, 0x9C, 0x57, 0x9C, 0x59, 0x9C, 0x5A, 0x9C, 0x5C, 0x9C, 0x5D, 0x9C,
    0x5F, 0x9D, 0x60, 0x9D, 0x62, 0x9D, 0x63, 0x9D, 0x64, 0x9D, 0x66, 0x9D, 0x67, 0x9D, 0x69, 0x9D
  };

  // An array of vertical start (inclusive) and end (exclusive) locations for each leftLower eyelid column
  const uint8_t leftLower[screenWidth * 2] PROGMEM = {
    0x76, 0x92, 0x7B, 0x97, 0x7F, 0x9B, 0x81, 0x9E, 0x84, 0xA1, 0x86, 0xA4, 0x88, 0xA7, 0x89, 0xA9,
    0x8B, 0xAC, 0x8C, 0xAE, 0x8E, 0xB0, 0x8F, 0xB2, 0x90, 0xB4, 0x91, 0xB6, 0x92, 0xB7, 0x93, 0xB9,
    0x94, 0xBB, 0x95, 0xBC, 0x96, 0xBE, 0x97, 0xBF, 0x98, 0xC0, 0x98, 0xC2, 0x99, 0xC3, 0x9A, 0xC4,
    0x9A, 0xC6, 0x9B, 0xC7, 0x9C, 0xC8, 0x9C, 0xC9, 0x9D, 0xCA, 0x9D, 0xCB, 0x9E, 0xCC, 0x9E, 0xCD,
    0x9F, 0xCE, 0x9F, 0xCF, 0xA0, 0xD0, 0xA0, 0xD1, 0xA1, 0xD2, 0xA1, 0xD3, 0xA2, 0xD4, 0xA2, 0xD5,
    0xA3, 0xD5, 0xA3, 0xD6, 0xA3, 0xD7, 0xA4, 0xD8, 0xA4, 0xD8, 0xA4, 0xD9, 0xA5, 0xDA, 0xA5, 0xDA,
    0xA5, 0xDB, 0xA6, 0xDC, 0xA6, 0xDC, 0xA6, 0xDD, 0xA6, 0xDE, 0xA7, 0xDE, 0xA7, 0xDF, 0xA7, 0xDF,
    0xA7, 0xE0, 0xA8, 0xE0, 0xA8, 0xE1, 0xA8, 0xE1, 0xA8, 0xE2, 0xA9, 0xE2, 0xA9, 0xE3, 0xA9, 0xE3,
    0xA9, 0xE4, 0xA9, 0xE4, 0xA9, 0xE4, 0xAA, 0xE5, 0xAA, 0xE5, 0xAA, 0xE6, 0xAA, 0xE6, 0xAA, 0xE6,
    0xAA, 0xE6, 0xAA, 0xE7, 0xAA, 0xE7, 0xAA, 0xE7, 0xAB, 0xE8, 0xAB, 0xE8, 0xAB, 0xE8, 0xAB, 0xE8,
    0xAB, 0xE9, 0xAB, 0xE9, 0xAB, 0xE9, 0xAB, 0xE9, 0xAB, 0xE9, 0xAB, 0xEA, 0xAB, 0xEA, 0xAB, 0xEA,
    0xAB, 0xEA, 0xAB, 0xEA, 0xAB, 0xEA, 0xAB, 0xEA, 0xAB, 0xEA, 0xAB, 0xEB, 0xAB, 0xEB, 0xAB, 0xEB,
    0xAB, 0xEB, 0xAB, 0xEB, 0xAB, 0xEB, 0xAB, 0xEB, 0xAB, 0xEB, 0xAB, 0xEB, 0xAB, 0xEB, 0xAB, 0xEB,
    0xAB, 0xEB, 0xAB, 0xEB, 0xAB, 0xEB, 0xAB, 0xEB, 0xAB, 0xEB, 0xAB, 0xEB, 0xAB, 0xEB, 0xAA, 0xEB,
    0xAA, 0xEB, 0xAA, 0xEA, 0xAA, 0xEA, 0xAA, 0xEA, 0xAA, 0xEA, 0xAA, 0xEA, 0xAA, 0xEA, 0xAA, 0xEA,
    0xAA, 0xEA, 0xA9, 0xEA, 0xA9, 0xE9, 0xA9, 0xE9, 0xA9, 0xE9, 0xA9, 0xE9, 0xA9, 0xE9, 0xA9, 0xE8,
    0xA8, 0xE8, 0xA8, 0xE8, 0xA8, 0xE8, 0xA8, 0xE8, 0xA8, 0xE7, 0xA8, 0xE7, 0xA8, 0xE7, 0xA7, 0xE7,
    0xA7, 0xE6, 0xA7, 0xE6, 0xA7, 0xE6, 0xA7, 0xE6, 0xA6, 0xE5, 0xA6, 0xE5, 0xA6, 0xE5, 0xA6, 0xE4,
    0xA6, 0xE4, 0xA5, 0xE4, 0xA5, 0xE4, 0xA5, 0xE3, 0xA5, 0xE3, 0xA5, 0xE3, 0xA4, 0xE2, 0xA4, 0xE2,
    0xA4, 0xE2, 0xA4, 0xE1, 0xA3, 0xE1, 0xA3, 0xE0, 0xA3, 0xE0, 0xA3, 0xE0, 0xA2, 0xDF, 0xA2, 0xDF,
    0xA2, 0xDF, 0xA2, 0xDE, 0xA1, 0xDE, 0xA1, 0xDD, 0xA1, 0xDD, 0xA0, 0xDD, 0xA0, 0xDC, 0xA0, 0xDC,
    0xA0, 0xDB, 0x9F, 0xDB, 0x9F, 0xDA, 0x9F, 0xDA, 0x9E, 0xD9, 0x9E, 0xD9, 0x9E, 0xD9, 0x9E, 0xD8,
    0x9D, 0xD8, 0x9D, 0xD7, 0x9D, 0xD7, 0x9C, 0xD6, 0x9C, 0xD6, 0x9C, 0xD5, 0x9B, 0xD5, 0x9B, 0xD4,
    0x9B, 0xD4, 0x9A, 0xD3, 0x9A, 0xD2, 0x9A, 0xD2, 0x99, 0xD1, 0x99, 0xD1, 0x99, 0xD0, 0x98, 0xCF,
    0x98, 0xCF, 0x98, 0xCE, 0x97, 0xCE, 0x97, 0xCD, 0x97, 0xCC, 0x96, 0xCC, 0x96, 0xCB, 0x96, 0xCA,
    0x95, 0xC9, 0x95, 0xC9, 0x95, 0xC8, 0x95, 0xC7, 0x94, 0xC6, 0x94, 0xC6, 0x94, 0xC5, 0x93, 0xC4,
    0x93, 0xC3, 0x93, 0xC2, 0x93, 0xC1, 0x93, 0xC0, 0x93, 0xBF, 0x92, 0xBE, 0x92, 0xBD, 0x92, 0xBC,
    0x92, 0xBB, 0x92, 0xBA, 0x92, 0xB8, 0x92, 0xB7, 0x92, 0xB6, 0x92, 0xB5, 0x93, 0xB3, 0x93, 0xB2,
    0x93, 0xB1, 0x93, 0xB0, 0x93, 0xAE, 0x93, 0xAD, 0x94, 0xAC, 0x94, 0xAB, 0x94, 0xAB, 0x95, 0xAA,
    0x95, 0xAA, 0x95, 0xA9, 0x96, 0xA9, 0x96, 0xA9, 0x96, 0xA8, 0x97, 0xA8, 0x97, 0xA8, 0x97, 0xA8
  };

  // 512x85, 16 bit 565 RGB
  constexpr uint16_t leftIrisWidth = 512;
  constexpr uint16_t leftIrisHeight = 85;
  const uint16_t leftIris[leftIrisWidth * leftIrisHeight] PROGMEM = {
    0x2569, 0x15E7, 0x0D85, 0x03A3, 0x0202, 0x0221, 0x0BC4, 0x04A4, 0x0403, 0x03E3, 0x03E3, 0x03C3,
    0x03C3, 0x03C3, 0x03C3, 0x03E3, 0x0404, 0x1425, 0x1C47, 0x2467, 0x2467, 0x1C05, 0x1485, 0x0D45,
    0x03E3, 0x02A2, 0x02E2, 0x03A3, 0x0C44, 0x0C64, 0x0464, 0x0444, 0x03E3, 0x0382, 0x02C2, 0x0242,
    0x0262, 0x0BC3, 0x0D25, 0x0464, 0x0383, 0x03E3, 0x03E4, 0x03E3, 0x03A3, 0x03A3, 0x03A3, 0x03A3,
    0x03C3, 0x03C3, 0x03E2, 0x04A4, 0x0CC5, 0x0BE4, 0x02E2, 0x0282, 0x02C2, 0x02C2, 0x0282, 0x0242,
    0x0262, 0x0363, 0x04C4, 0x0464, 0x1405, 0x2448, 0x3449, 0x3C29, 0x442A, 0x3C49, 0x444A, 0x5C6D,
    0x750F, 0x75F0, 0x6E2F, 0x6DCF, 0x650E, 0x3C89, 0x1485, 0x03E3, 0x0282, 0x0262, 0x02A2, 0x0282,
    0x0282, 0x0282, 0x02C2, 0x02E3, 0x0303, 0x0302, 0x0302, 0x02E2, 0x02C2, 0x02C2, 0x0262, 0x0201,
    0x02E2, 0x0424, 0x14E5, 0x3489, 0x5C4C, 0x64AD, 0x64CD, 0x5CCD, 0x54CC, 0x44EB, 0x44EB, 0x5CEC,
    0x6D0F, 0x7DB0, 0x7650, 0x6ED0, 0x7650, 0x7550, 0x4D2C, 0x1D47, 0x0484, 0x0342, 0x0282, 0x02C2,
    0x02C2, 0x02A2, 0x0262, 0x0241, 0x0322, 0x1CE6, 0x558C, 0x6DF0, 0x572F, 0x4F4E, 0x3F0C, 0x272A,
    0x1748, 0x270A, 0x56AD, 0x5EAF, 0x472D, 0x2F4A, 0x2648, 0x1CC6, 0x03C3, 0x02C2, 0x0242, 0x0262,
    0x0281, 0x02A2, 0x02C2, 0x02E2, 0x02A2, 0x0241, 0x0262, 0x02C2, 0x02E2, 0x02E2, 0x02C2, 0x02C2,
    0x02C2, 0x02A2, 0x02A2, 0x0242, 0x0221, 0x0302, 0x0C44, 0x0CA4, 0x03C3, 0x03A2, 0x0403, 0x03E3,
    0x03C3, 0x03C3, 0x03A3, 0x03C3, 0x03E3, 0x0403, 0x0403, 0x03E3, 0x0443, 0x0524, 0x15A6, 0x1D07,
    0x24E7, 0x1D47, 0x1D47, 0x1D27, 0x1CE7, 0x0CA5, 0x0423, 0x0322, 0x0201, 0x0B43, 0x0D04, 0x0484,
    0x03E3, 0x03C3, 0x03E3, 0x03E3, 0x03C3, 0x03C3, 0x03A3, 0x03A3, 0x03C3, 0x03C3, 0x03C3, 0x03C3,
    0x0484, 0x0D05, 0x0C84, 0x0343, 0x02A2, 0x02E2, 0x0323, 0x0303, 0x0303, 0x02E2, 0x02C2, 0x02C2,
    0x0241, 0x0241, 0x0BC3, 0x0CE5, 0x0CA4, 0x0403, 0x03C3, 0x03E3, 0x03C3, 0x03A3, 0x0383, 0x03A3,
    0x03E3, 0x0424, 0x0464, 0x0D25, 0x0D86, 0x0C44, 0x0362, 0x0362, 0x0302, 0x02C2, 0x0281, 0x02A2,
    0x0241, 0x0221, 0x0363, 0x0C64, 0x0423, 0x03C3, 0x0383, 0x03C2, 0x03E2, 0x0402, 0x0422, 0x0443,
    0x0C45, 0x2C88, 0x2528, 0x1DE7, 0x1606, 0x1546, 0x1526, 0x0D45, 0x0444, 0x0323, 0x02A2, 0x02E2,
    0x0383, 0x0424, 0x04A4, 0x0505, 0x0D25, 0x0D05, 0x0505, 0x04E4, 0x0444, 0x0383, 0x03A3, 0x0CC4,
    0x0CE4, 0x0403, 0x03E3, 0x03E3, 0x03C3, 0x03C3, 0x03A3, 0x03A3, 0x03A3, 0x03E3, 0x0464, 0x0D05,
    0x0484, 0x0343, 0x02A2, 0x02C2, 0x0322, 0x0302, 0x02E2, 0x02E2, 0x02C2, 0x02A2, 0x0282, 0x0241,
    0x0322, 0x1CE6, 0x3E0B, 0x56AE, 0x570E, 0x4ECD, 0x2F0A, 0x1748, 0x2EAA, 0x560D, 0x5DEE, 0x3EAB,
    0x1E68, 0x14E6, 0x0C04, 0x03A3, 0x0363, 0x0363, 0x0363, 0x0343, 0x0363, 0x0B63, 0x0363, 0x02C2,
    0x0262, 0x0262, 0x02A2, 0x02A2, 0x0262, 0x0222, 0x0322, 0x04C4, 0x1485, 0x2427, 0x3C69, 0x3C4A,
    0x3C29, 0x3C29, 0x3429, 0x3C09, 0x540B, 0x5C8D, 0x5D8D, 0x464D, 0x464C, 0x458B, 0x34A9, 0x14E6,
    0x0484, 0x0302, 0x02C2, 0x02E2, 0x02E2, 0x02E2, 0x02C2, 0x02A2, 0x02C2, 0x0262, 0x0222, 0x03C3,
    0x0CC5, 0x2467, 0x3C49, 0x544B, 0x4C6B, 0x4C4B, 0x444A, 0x3C49, 0x442A, 0x542C, 0x64AD, 0x5DAD,
    0x4E6D, 0x462C, 0x3D2A, 0x2CC8, 0x1506, 0x0424, 0x0302, 0x02C2, 0x02E2, 0x02E2, 0x02C2, 0x02C2,
    0x0262, 0x0221, 0x02C2, 0x0403, 0x0484, 0x0403, 0x03A3, 0x0403, 0x0403, 0x03E3, 0x03C3, 0x03A3,
    0x03A3, 0x03C3, 0x03E3, 0x03E3, 0x03E2, 0x0CC4, 0x0CE5, 0x03A3, 0x0242, 0x0201, 0x0302, 0x0C84,
    0x0D25, 0x04E4, 0x04A4, 0x04A4, 0x04A5, 0x04C4, 0x0CE5, 0x2D08, 0x2D29, 0x1CA7, 0x0363, 0x0221,
    0x01A1, 0x01E2, 0x01A1, 0x01C0, 0x0342, 0x24C8, 0x560E, 0x5ECF, 0x572E, 0x472C, 0x3EEB, 0x26E9,
    0x1EE9, 0x3EAC, 0x5E6F, 0x6EB0, 0x4ECD, 0x466C, 0x3D4A, 0x2407, 0x0BE4, 0x04A4, 0x0CE4, 0x0CC4,
    0x0484, 0x0484, 0x0484, 0x0C84, 0x04A4, 0x0CC4, 0x0C85, 0x0BC4, 0x0222, 0x0201, 0x0404, 0x2CC8,
    0x548B, 0x5CCD, 0x5CCD, 0x4CAC, 0x44AA, 0x448A, 0x548B, 0x6CCE, 0x6DAF, 0x5E6E, 0x5E4E, 0x556D,
    0x34E9, 0x0D05, 0x03E3, 0x02A2, 0x02C2, 0x0261, 0x0262, 0x0BA3, 0x0CA4, 0x0CA4, 0x0423, 0x0403,
    0x0423, 0x0403, 0x03E3, 0x03E3, 0x0BE3, 0x0343, 0x0242, 0x0201, 0x0383, 0x04C4, 0x03E4, 0x0383,
    0x03A3, 0x03C3, 0x03C3, 0x03C3, 0x03E3, 0x0403, 0x0404, 0x13E5, 0x1BC5, 0x13A5, 0x0B64, 0x03C3,
    0x0423, 0x0362, 0x02C2, 0x0282, 0x02A2, 0x02C2, 0x02E2, 0x02C2, 0x5C4C, 0x2CC8, 0x0DA5, 0x0D45,
    0x0B43, 0x0201, 0x03E4, 0x04E5, 0x03C3, 0x03E3, 0x0424, 0x03E3, 0x03E3, 0x03C3, 0x03C3, 0x03C3,
    0x03E3, 0x0403, 0x0C44, 0x0C04, 0x0BA3, 0x0424, 0x0CC4, 0x0C84, 0x0322, 0x0322, 0x0CA5, 0x2D28,
    0x3CEA, 0x3CC9, 0x24E8, 0x1D07, 0x24C7, 0x14A5, 0x0443, 0x0363, 0x0222, 0x02C2, 0x0CC4, 0x0D25,
    0x0484, 0x03C3, 0x03C3, 0x03C3, 0x0363, 0x0342, 0x0383, 0x0403, 0x0443, 0x04A3, 0x0545, 0x0D65,
    0x0C64, 0x0322, 0x02A2, 0x02A2, 0x0282, 0x02A2, 0x0282, 0x0241, 0x0262, 0x0363, 0x04A4, 0x0443,
    0x03A2, 0x0403, 0x0423, 0x0C24, 0x1425, 0x0C25, 0x1C06, 0x440A, 0x4CCC, 0x45CC, 0x3E8B, 0x3E4B,
    0x456B, 0x34A9, 0x14C6, 0x0423, 0x02C2, 0x0282, 0x02E2, 0x02C2, 0x02E2, 0x0302, 0x0303, 0x0303,
    0x0303, 0x0303, 0x0303, 0x02E2, 0x02C2, 0x02C2, 0x0262, 0x0201, 0x02E3, 0x0C44, 0x0CA4, 0x0C64,
    0x1445, 0x2467, 0x2C68, 0x3448, 0x3448, 0x3448, 0x3428, 0x442A, 0x5C6D, 0x652E, 0x5E0E, 0x4E8D,
    0x562D, 0x554D, 0x3D0A, 0x1D27, 0x04C4, 0x0383, 0x0282, 0x02C2, 0x02E2, 0x0282, 0x0222, 0x02C2,
    0x03E3, 0x1CE6, 0x54EC, 0x74CF, 0x6D8F, 0x65AE, 0x55AD, 0x45CB, 0x360A, 0x45EB, 0x65EF, 0x7651,
    0x6ED0, 0x56AE, 0x55CD, 0x44EA, 0x1485, 0x0382, 0x02A2, 0x0262, 0x0262, 0x0282, 0x0282, 0x0282,
    0x0282, 0x02A1, 0x02C2, 0x02C2, 0x0282, 0x02A2, 0x0322, 0x03A2, 0x03E3, 0x03C3, 0x03C2, 0x0342,
    0x02C2, 0x02E2, 0x0C44, 0x0CE5, 0x03A2, 0x0382, 0x0403, 0x03E3, 0x03C3, 0x03A3, 0x03A3, 0x03A3,
    0x03A3, 0x03A3, 0x03A2, 0x0443, 0x0504, 0x1D26, 0x3CAA, 0x5C8D, 0x54CC, 0x352A, 0x2D29, 0x4CCB,
    0x5CAC, 0x34E9, 0x1506, 0x0444, 0x0302, 0x02C2, 0x0C04, 0x0D45, 0x04C4, 0x0363, 0x0383, 0x03A3,
    0x0382, 0x0363, 0x0363, 0x0342, 0x0363, 0x0363, 0x03E3, 0x0CC4, 0x0D45, 0x0C64, 0x0302, 0x0282,
    0x02E3, 0x02E2, 0x0302, 0x0323, 0x0322, 0x0302, 0x02C2, 0x02C2, 0x0282, 0x0261, 0x0282, 0x0BE4,
    0x1525, 0x0D04, 0x04A4, 0x0484, 0x0464, 0x03E3, 0x03C3, 0x0484, 0x0545, 0x0DA5, 0x0DA6, 0x15C6,
    0x15C6, 0x1566, 0x0D65, 0x0585, 0x0564, 0x0423, 0x02C2, 0x0242, 0x0201, 0x0241, 0x03C3, 0x0464,
    0x0403, 0x03C3, 0x03A3, 0x03C3, 0x03C3, 0x03C3, 0x03E3, 0x0403, 0x0424, 0x1446, 0x2467, 0x24A7,
    0x2487, 0x1405, 0x0CA5, 0x0D65, 0x0BE3, 0x0282, 0x0303, 0x0484, 0x05A5, 0x0DA6, 0x1DA7, 0x25A8,
    0x1DE8, 0x25E8, 0x25C8, 0x1DA7, 0x15A6, 0x0D85, 0x0D25, 0x0CA4, 0x0CA5, 0x0CE5, 0x0CE5, 0x04A4,
    0x0484, 0x0484, 0x0464, 0x0464, 0x04A4, 0x04E5, 0x0CC5, 0x03E3, 0x02E2, 0x02A2, 0x02E2, 0x0322,
    0x0302, 0x0302, 0x0302, 0x02C2, 0x02E2, 0x0282, 0x0242, 0x0301, 0x1445, 0x45AB, 0x56CE, 0x576E,
    0x47AD, 0x3F4C, 0x1F4A, 0x0F88, 0x272A, 0x56AE, 0x66AF, 0x474C, 0x274A, 0x2608, 0x1506, 0x03E4,
    0x0302, 0x0281, 0x0262, 0x0282, 0x0282, 0x0262, 0x0282, 0x02A2, 0x02C2, 0x02C2, 0x02C2, 0x02A2,
    0x0282, 0x0222, 0x0303, 0x0C84, 0x0463, 0x03E3, 0x0424, 0x0C24, 0x0C04, 0x0C04, 0x0424, 0x0C24,
    0x2427, 0x3C89, 0x3569, 0x1E48, 0x1668, 0x1DA8, 0x1CE7, 0x1526, 0x04A4, 0x0322, 0x02E2, 0x0323,
    0x0302, 0x0302, 0x02E2, 0x02A2, 0x02A2, 0x0242, 0x0201, 0x0B83, 0x0CA4, 0x0444, 0x0C24, 0x0C25,
    0x1445, 0x1425, 0x1405, 0x0C24, 0x1425, 0x2C27, 0x3C8A, 0x2D89, 0x1E68, 0x1668, 0x1D68, 0x1D07,
    0x0D45, 0x0444, 0x0343, 0x0302, 0x02E2, 0x02C2, 0x0282, 0x0282, 0x0222, 0x01C1, 0x0242, 0x0BE4,
    0x0D25, 0x0444, 0x0342, 0x03E3, 0x0403, 0x03C3, 0x03A3, 0x0383, 0x03A3, 0x03A3, 0x0383, 0x03E3,
    0x04C4, 0x0D04, 0x0BE4, 0x0262, 0x01C1, 0x02E2, 0x0CC4, 0x0D05, 0x0444, 0x03E3, 0x03E3, 0x03E3,
    0x03E3, 0x0403, 0x1446, 0x548C, 0x6D6F, 0x560D, 0x2D89, 0x0C24, 0x02A2, 0x01C1, 0x0181, 0x0261,
    0x0444, 0x34E9, 0x64EE, 0x758F, 0x6DAF, 0x658E, 0x556D, 0x458B, 0x3D6B, 0x554D, 0x6D70, 0x7DD1,
    0x75EF, 0x6D6F, 0x5CAD, 0x3BE9, 0x13C5, 0x03A2, 0x0322, 0x0343, 0x0383, 0x0363, 0x0342, 0x0B43,
    0x0343, 0x0323, 0x02A2, 0x0221, 0x01C1, 0x0282, 0x0C24, 0x0C84, 0x1425, 0x1C46, 0x2447, 0x1C26,
    0x1C26, 0x1C06, 0x2C07, 0x4C6A, 0x454B, 0x2669, 0x1E69, 0x25A8, 0x24E7, 0x0CE5, 0x03E3, 0x02C2,
    0x02E2, 0x02C2, 0x0282, 0x0282, 0x0B83, 0x0C84, 0x0CA4, 0x0C64, 0x0444, 0x0423, 0x0424, 0x0BC4,
    0x0B22, 0x0242, 0x0201, 0x0282, 0x03C3, 0x0484, 0x0403, 0x03C3, 0x03E3, 0x03E3, 0x03E3, 0x03C3,
    0x03C3, 0x03A3, 0x03C3, 0x03A3, 0x03A3, 0x03A3, 0x0383, 0x03C3, 0x03C3, 0x02C2, 0x0262, 0x0282,
    0x0282, 0x02A2, 0x02C2, 0x02C2, 0x5CCD, 0x2CA8, 0x14E5, 0x0DE6, 0x0C64, 0x0242, 0x03C3, 0x0505,
    0x0443, 0x03A3, 0x03A3, 0x03E3, 0x03C3, 0x03A3, 0x03A3, 0x03A3, 0x03C3, 0x03C3, 0x03C2, 0x03E2,
    0x0423, 0x04E4, 0x0484, 0x0382, 0x03C3, 0x1CE7, 0x3DCB, 0x55EE, 0x5D8E, 0x4D4C, 0x2D89, 0x356A,
    0x550C, 0x452A, 0x1D47, 0x0C84, 0x0322, 0x0262, 0x0323, 0x0C44, 0x0D05, 0x0CA4, 0x0464, 0x0423,
    0x0424, 0x0484, 0x04E4, 0x0525, 0x0D25, 0x0D66, 0x15C6, 0x15A6, 0x0D05, 0x0484, 0x04A3, 0x0423,
    0x0302, 0x0262, 0x0242, 0x0221, 0x02A2, 0x0BA3, 0x0484, 0x0403, 0x0362, 0x03C2, 0x03E2, 0x0402,
    0x0403, 0x0423, 0x0424, 0x2427, 0x34A9, 0x2D89, 0x1E48, 0x1E28, 0x2568, 0x1CC7, 0x0CE6, 0x0444,
    0x02E2, 0x02C2, 0x0323, 0x0302, 0x02C2, 0x02A2, 0x02A2, 0x02C2, 0x02E2, 0x02E2, 0x02C2, 0x02A2,
    0x0282, 0x02A2, 0x0262, 0x0201, 0x02E2, 0x0C04, 0x0484, 0x0423, 0x03E2, 0x0423, 0x0424, 0x0C04,
    0x0C05, 0x0C24, 0x1405, 0x2407, 0x3C4A, 0x44EB, 0x2E0A, 0x1E89, 0x2649, 0x2D89, 0x2508, 0x1506,
    0x04C5, 0x0383, 0x0282, 0x02C2, 0x02E2, 0x0262, 0x0201, 0x02E3, 0x0444, 0x14A5, 0x2467, 0x3C49,
    0x4C8B, 0x4C8B, 0x4C6B, 0x44AA, 0x3CAA, 0x4CAB, 0x6CEE, 0x7590, 0x6E30, 0x664F, 0x658E, 0x54CC,
    0x24C7, 0x0444, 0x0342, 0x0282, 0x0282, 0x02C2, 0x02A2, 0x0282, 0x02C2, 0x0302, 0x02A2, 0x0262,
    0x02C2, 0x03A3, 0x1445, 0x1C87, 0x1C86, 0x1485, 0x1445, 0x1405, 0x0BA4, 0x0342, 0x0444, 0x0D45,
    0x0C84, 0x0403, 0x03E3, 0x03C3, 0x03C3, 0x03C3, 0x03A3, 0x03A3, 0x03C3, 0x0403, 0x0483, 0x0D04,
    0x2527, 0x3D2A, 0x5D4D, 0x658F, 0x4DCD, 0x2E0A, 0x2E09, 0x558D, 0x756F, 0x55ED, 0x2E09, 0x1546,
    0x0444, 0x02E2, 0x02E2, 0x0C84, 0x0D45, 0x04C4, 0x0C84, 0x0444, 0x0444, 0x0444, 0x0424, 0x0424,
    0x0424, 0x0484, 0x0CE5, 0x0CC5, 0x0BE4, 0x02C2, 0x0261, 0x02C2, 0x0342, 0x0342, 0x0322, 0x0302,
    0x02E2, 0x0302, 0x0323, 0x02E2, 0x02C2, 0x0282, 0x0241, 0x02A2, 0x0BA4, 0x0C64, 0x0464, 0x0424,
    0x0C04, 0x0CA4, 0x0585, 0x05A5, 0x15A6, 0x1E08, 0x2629, 0x2649, 0x2649, 0x2649, 0x2609, 0x25A8,
    0x1D66, 0x1565, 0x0CC4, 0x0302, 0x01E1, 0x0262, 0x0C24, 0x04A4, 0x03C3, 0x03E3, 0x0403, 0x03E3,
    0x03C3, 0x03C3, 0x03C3, 0x03E3, 0x0403, 0x0C24, 0x1425, 0x13C5, 0x13A5, 0x0C24, 0x0CE5, 0x0CA4,
    0x0303, 0x0322, 0x04E4, 0x1586, 0x25A8, 0x35E9, 0x3E4B, 0x3ECB, 0x3EEC, 0x370B, 0x3EAB, 0x45EC,
    0x4D2B, 0x3509, 0x1566, 0x0D45, 0x0CA5, 0x0BE4, 0x0BE4, 0x0424, 0x0424, 0x0424, 0x0424, 0x0C44,
    0x0C44, 0x0424, 0x0383, 0x02C2, 0x0282, 0x02C2, 0x0302, 0x0322, 0x0303, 0x0303, 0x0302, 0x02C2,
    0x02C2, 0x0262, 0x0242, 0x03E2, 0x24E7, 0x5D2E, 0x6DF0, 0x666F, 0x5E6E, 0x4E4D, 0x364B, 0x2E69,
    0x462C, 0x662F, 0x7670, 0x66CF, 0x56AE, 0x5DCD, 0x44EA, 0x1C46, 0x03A3, 0x0261, 0x01C1, 0x0222,
    0x0241, 0x0221, 0x0241, 0x0262, 0x0282, 0x0282, 0x0282, 0x02A2, 0x0282, 0x0201, 0x02E2, 0x0C84,
    0x0443, 0x03A2, 0x03C2, 0x03E2, 0x03E2, 0x03E2, 0x0402, 0x0423, 0x0C44, 0x1C67, 0x24E8, 0x1D67,
    0x1546, 0x14E6, 0x0CA5, 0x0D25, 0x0484, 0x0323, 0x0302, 0x0363, 0x0342, 0x0322, 0x0302, 0x02E2,
    0x02C2, 0x0261, 0x0201, 0x0343, 0x0484, 0x0423, 0x03E2, 0x03C2, 0x03E2, 0x0403, 0x0403, 0x0402,
    0x0423, 0x0C45, 0x2468, 0x24E8, 0x1D67, 0x1567, 0x14A6, 0x0CC5, 0x0D65, 0x0404, 0x02A2, 0x02C2,
    0x0322, 0x0342, 0x0342, 0x0342, 0x0322, 0x02E2, 0x02A2, 0x0B43, 0x0CA4, 0x0CA4, 0x0423, 0x0404,
    0x03E3, 0x03E3, 0x03C3, 0x03C3, 0x03C3, 0x03E3, 0x0444, 0x0CC5, 0x0CC5, 0x0BE4, 0x02A2, 0x0201,
    0x0241, 0x03C3, 0x0D25, 0x04A4, 0x0383, 0x03A3, 0x03C3, 0x0383, 0x0382, 0x03E2, 0x2426, 0x648D,
    0x6E10, 0x5F2F, 0x4ECE, 0x35C9, 0x0C65, 0x02C2, 0x01C1, 0x02A2, 0x04A4, 0x1CE7, 0x3C29, 0x4C8B,
    0x4CAC, 0x4C6B, 0x446A, 0x3C69, 0x3C49, 0x4C4B, 0x648D, 0x654E, 0x55EC, 0x45EB, 0x3D2A, 0x2C48,
    0x1425, 0x03A2, 0x0281, 0x0262, 0x02A2, 0x0282, 0x0262, 0x0262, 0x0282, 0x0262, 0x0221, 0x0201,
    0x01E1, 0x02A2, 0x0C24, 0x0463, 0x03E2, 0x03E3, 0x03E3, 0x03E3, 0x03E3, 0x0403, 0x0C24, 0x2447,
    0x2CE8, 0x1D87, 0x1547, 0x1506, 0x0CE5, 0x0CE4, 0x03C3, 0x02A2, 0x02A2, 0x02A2, 0x0262, 0x0201,
    0x0242, 0x0AC3, 0x0303, 0x0B43, 0x0B43, 0x0342, 0x0323, 0x02E2, 0x0282, 0x0201, 0x0222, 0x02C2,
    0x0424, 0x04A4, 0x03C3, 0x03A2, 0x0423, 0x0403, 0x03E3, 0x03C3, 0x0383, 0x0383, 0x0383, 0x0382,
    0x0342, 0x0322, 0x0342, 0x0302, 0x0262, 0x01E2, 0x0202, 0x0242, 0x0222, 0x0221, 0x0242, 0x02A2,
    0x364B, 0x2567, 0x1C46, 0x1566, 0x0505, 0x0323, 0x0343, 0x0C64, 0x0505, 0x0423, 0x0383, 0x03E3,
    0x03E3, 0x03C3, 0x03A3, 0x03A3, 0x03C3, 0x03E3, 0x03E3, 0x0443, 0x0CC4, 0x0C84, 0x03A3, 0x03A4,
    0x2528, 0x46AC, 0x56CE, 0x668F, 0x566E, 0x366B, 0x2669, 0x3E2B, 0x75AF, 0x65EF, 0x3E2B, 0x1D86,
    0x04A4, 0x0322, 0x0201, 0x02E3, 0x0C04, 0x0C44, 0x0C24, 0x0464, 0x0D65, 0x0DC6, 0x15E6, 0x1DE7,
    0x1E08, 0x2609, 0x2609, 0x1E08, 0x1E08, 0x1E07, 0x15E6, 0x0D85, 0x0464, 0x0323, 0x0222, 0x0202,
    0x0303, 0x0C24, 0x0464, 0x03E3, 0x03A3, 0x03A4, 0x03C3, 0x03C3, 0x03C3, 0x0403, 0x0403, 0x1445,
    0x2487, 0x24E8, 0x1D47, 0x1507, 0x14C6, 0x0D05, 0x0CE5, 0x03E4, 0x02C2, 0x02C2, 0x0303, 0x02C2,
    0x02A2, 0x02C2, 0x0322, 0x0362, 0x0382, 0x0383, 0x0362, 0x0302, 0x02C2, 0x02A2, 0x0242, 0x0201,
    0x02E2, 0x0C23, 0x0464, 0x03E4, 0x0383, 0x03C3, 0x03E3, 0x03E3, 0x0403, 0x0422, 0x0423, 0x0C45,
    0x2447, 0x2CC8, 0x1DA7, 0x0E07, 0x15A7, 0x1506, 0x1506, 0x0D25, 0x0464, 0x0342, 0x02A2, 0x02C2,
    0x02E2, 0x0261, 0x0201, 0x02E3, 0x0C04, 0x0464, 0x0443, 0x0423, 0x1425, 0x1C26, 0x2406, 0x1C06,
    0x2406, 0x3409, 0x544C, 0x552C, 0x460C, 0x466C, 0x45CC, 0x3CEA, 0x24C7, 0x0C85, 0x03A3, 0x02C2,
    0x02A2, 0x0302, 0x02E2, 0x02C2, 0x02C2, 0x02A2, 0x0262, 0x02A1, 0x03E3, 0x1D27, 0x3D6B, 0x552C,
    0x3D0A, 0x2D08, 0x2CA8, 0x3489, 0x2C68, 0x1425, 0x0444, 0x0CE5, 0x0D05, 0x0CA4, 0x0423, 0x0423,
    0x0424, 0x0423, 0x0403, 0x0403, 0x0444, 0x04C4, 0x0D45, 0x1D47, 0x452A, 0x55CD, 0x56CE, 0x4F0D,
    0x2F2A, 0x1748, 0x1F29, 0x4ECD, 0x6ED0, 0x576F, 0x372B, 0x2649, 0x1546, 0x0404, 0x02E2, 0x0302,
    0x0C44, 0x0D25, 0x0D05, 0x0CA4, 0x0CA4, 0x0CA4, 0x0CA4, 0x0CA4, 0x0CA5, 0x0D05, 0x0CC5, 0x0B83,
    0x02A2, 0x02C2, 0x03A3, 0x0423, 0x0424, 0x0444, 0x0403, 0x03A3, 0x0322, 0x0303, 0x0323, 0x02E2,
    0x02C2, 0x02C2, 0x02A2, 0x0242, 0x0222, 0x02E2, 0x0302, 0x02E3, 0x0BC4, 0x0D45, 0x1647, 0x2DA8,
    0x3D6A, 0x462B, 0x46AC, 0x470D, 0x472C, 0x3EEC, 0x4DCD, 0x5CAC, 0x4449, 0x1D67, 0x0E26, 0x04A4,
    0x0282, 0x0242, 0x0C64, 0x04E4, 0x03C3, 0x03C3, 0x0403, 0x03E3, 0x03C3, 0x03C3, 0x03C3, 0x03C3,
    0x03E3, 0x0403, 0x0403, 0x03C3, 0x0403, 0x0504, 0x0CA4, 0x0343, 0x0303, 0x04A4, 0x1606, 0x3529,
    0x548B, 0x5D8D, 0x4EEE, 0x4FCE, 0x57EE, 0x47ED, 0x4F2E, 0x6DCF, 0x748F, 0x542B, 0x1CC7, 0x0DC6,
    0x0D05, 0x0303, 0x0282, 0x02C2, 0x02E2, 0x0303, 0x0323, 0x0363, 0x0323, 0x02A2, 0x0261, 0x0282,
    0x0302, 0x0322, 0x0322, 0x0323, 0x0323, 0x0323, 0x02E2, 0x02A2, 0x02A2, 0x0242, 0x0282, 0x0443,
    0x1D07, 0x4C4B, 0x64AD, 0x64ED, 0x64CD, 0x54EC, 0x44EB, 0x44EA, 0x54CC, 0x6CEF, 0x7590, 0x6E30,
    0x6E10, 0x6D6F, 0x548C, 0x2C88, 0x04A4, 0x0362, 0x02A2, 0x0302, 0x0343, 0x0342, 0x0362, 0x0362,
    0x0322, 0x02E2, 0x02A2, 0x0282, 0x0262, 0x0221, 0x0322, 0x0484, 0x0423, 0x0383, 0x03A3, 0x03A3,
    0x03C3, 0x03C3, 0x03C3, 0x03E3, 0x0424, 0x1425, 0x2447, 0x2447, 0x1BE6, 0x1405, 0x0CA5, 0x04C5,
    0x03E4, 0x02C3, 0x02E2, 0x0322, 0x0302, 0x02E2, 0x02C2, 0x02A2, 0x02A2, 0x0241, 0x0202, 0x0363,
    0x0484, 0x0424, 0x03A3, 0x0383, 0x03A3, 0x03C3, 0x03E3, 0x03E3, 0x0403, 0x0424, 0x1446, 0x2447,
    0x2427, 0x1C06, 0x1405, 0x0C85, 0x0CE5, 0x03A3, 0x02C2, 0x0383, 0x0423, 0x0464, 0x0484, 0x0CA4,
    0x0CC4, 0x04C4, 0x0404, 0x03C4, 0x0C64, 0x0CE4, 0x0CC4, 0x0464, 0x0424, 0x0444, 0x0443, 0x0443,
    0x0443, 0x0464, 0x0CE4, 0x0CC5, 0x03C3, 0x02A2, 0x0201, 0x0242, 0x0302, 0x0404, 0x0CA4, 0x0404,
    0x03A3, 0x0403, 0x0403, 0x03C3, 0x03C3, 0x0403, 0x2467, 0x5CCC, 0x5E6E, 0x4F8E, 0x5F0F, 0x5E4E,
    0x356A, 0x0C44, 0x0261, 0x0242, 0x0464, 0x04C4, 0x0404, 0x1445, 0x1C46, 0x1C26, 0x1C06, 0x1405,
    0x1405, 0x2C07, 0x4449, 0x3D2A, 0x2629, 0x1667, 0x0DA6, 0x1485, 0x0C85, 0x0444, 0x02E2, 0x0241,
    0x0262, 0x0262, 0x0262, 0x0262, 0x0262, 0x0282, 0x02A2, 0x02A2, 0x0221, 0x0282, 0x0404, 0x0444,
    0x03A3, 0x03A3, 0x03A3, 0x03C3, 0x03E3, 0x0403, 0x0423, 0x0C45, 0x1C67, 0x2447, 0x23E6, 0x1465,
    0x04E5, 0x0444, 0x0342, 0x02C2, 0x02E2, 0x0302, 0x02E2, 0x0302, 0x02C2, 0x0241, 0x0222, 0x0222,
    0x0241, 0x0262, 0x0262, 0x0241, 0x0282, 0x0282, 0x0262, 0x02A2, 0x0C04, 0x0D05, 0x0403, 0x0382,
    0x03E3, 0x03E3, 0x03C3, 0x03A3, 0x0363, 0x0362, 0x0342, 0x0322, 0x0322, 0x0363, 0x0383, 0x02E2,
    0x0221, 0x0262, 0x02C2, 0x02E2, 0x02E2, 0x02A2, 0x0261, 0x0262, 0x16A8, 0x1DA7, 0x2467, 0x1485,
    0x0504, 0x0C64, 0x02A2, 0x0302, 0x0D25, 0x0D45, 0x0484, 0x0443, 0x0423, 0x0403, 0x03C3, 0x03A3,
    0x03C3, 0x0423, 0x04C4, 0x0CE5, 0x0C44, 0x0302, 0x0B23, 0x2CC8, 0x560D, 0x5F0E, 0x47CD, 0x476D,
    0x372B, 0x1768, 0x0F68, 0x370B, 0x66CF, 0x6770, 0x47AD, 0x2EAA, 0x1586, 0x0444, 0x02E2, 0x0282,
    0x0262, 0x0242, 0x0AC3, 0x0464, 0x0E06, 0x1DA8, 0x3529, 0x45CB, 0x468C, 0x3F0C, 0x3F0C, 0x370B,
    0x3E6B, 0x4D6B, 0x3CAA, 0x2528, 0x0DE6, 0x04E4, 0x02C3, 0x01E2, 0x0343, 0x0CA4, 0x0424, 0x03E3,
    0x03E3, 0x03E3, 0x03C3, 0x03C3, 0x03C3, 0x03C3, 0x03E3, 0x0424, 0x1445, 0x1C66, 0x1C66, 0x13C5,
    0x0C24, 0x0D45, 0x0484, 0x0323, 0x02C2, 0x02C2, 0x02A2, 0x0282, 0x0362, 0x0463, 0x04C4, 0x0CE5,
    0x0CE5, 0x0D05, 0x0CC5, 0x0484, 0x03E3, 0x0342, 0x0262, 0x01E2, 0x0323, 0x0C84, 0x0444, 0x03C3,
    0x0383, 0x03A3, 0x03C3, 0x03C3, 0x03C3, 0x03E3, 0x0403, 0x0424, 0x1446, 0x2467, 0x2488, 0x2CC8,
    0x2467, 0x1405, 0x0CE5, 0x0D45, 0x03E3, 0x0302, 0x02E2, 0x02C2, 0x02C2, 0x0262, 0x0201, 0x02E2,
    0x0C24, 0x0464, 0x03E3, 0x03A2, 0x03E2, 0x0403, 0x0403, 0x0403, 0x0403, 0x1425, 0x3448, 0x3509,
    0x1E08, 0x1668, 0x1DE8, 0x2528, 0x1526, 0x0CA4, 0x03C3, 0x0302, 0x02E2, 0x0303, 0x02E3, 0x02E2,
    0x02A2, 0x0262, 0x02C1, 0x03E3, 0x2548, 0x4DEC, 0x65EF, 0x65CF, 0x3DEB, 0x2E09, 0x3D6A, 0x5CED,
    0x550D, 0x2D69, 0x14C5, 0x0C04, 0x0464, 0x04A4, 0x0CA4, 0x0CA4, 0x0C84, 0x0484, 0x0484, 0x0C64,
    0x0C64, 0x04E4, 0x1CC6, 0x3CCA, 0x4DED, 0x4EED, 0x474D, 0x3F4C, 0x2769, 0x0F88, 0x1749, 0x46ED,
    0x6730, 0x57CF, 0x3FEC, 0x2F6A, 0x1E08, 0x1506, 0x0403, 0x02A2, 0x0282, 0x0323, 0x0383, 0x03A3,
    0x0383, 0x0383, 0x0383, 0x03A3, 0x03C3, 0x0363, 0x02A2, 0x02A1, 0x03A3, 0x0CE5, 0x1587, 0x25E8,
    0x25E8, 0x25C8, 0x1D67, 0x1506, 0x0C44, 0x0363, 0x02E3, 0x0302, 0x0302, 0x02E2, 0x02C2, 0x02A2,
    0x0282, 0x0282, 0x01E1, 0x0262, 0x0CC4, 0x1585, 0x34A8, 0x648D, 0x6D8F, 0x570E, 0x57AF, 0x57CF,
    0x57CE, 0x576E, 0x6E50, 0x7D10, 0x5C8C, 0x24A8, 0x0D26, 0x0DE6, 0x0C04, 0x0241, 0x0C24, 0x0D05,
    0x0403, 0x03A2, 0x03A3, 0x03E3, 0x03C3, 0x03A3, 0x03A3, 0x03A3, 0x03C3, 0x03A3, 0x0382, 0x0423,
    0x04E5, 0x0CE5, 0x0B63, 0x0282, 0x0484, 0x05A6, 0x1CE7, 0x546B, 0x74EF, 0x7630, 0x5F50, 0x57F0,
    0x5FF0, 0x57EF, 0x6710, 0x7DF1, 0x658F, 0x454B, 0x24E7, 0x0D05, 0x0D45, 0x0CA4, 0x02C2, 0x01E1,
    0x0282, 0x0282, 0x0262, 0x0282, 0x0282, 0x02A2, 0x02E2, 0x0302, 0x0322, 0x0322, 0x0323, 0x0343,
    0x0342, 0x0302, 0x02E2, 0x02A2, 0x0281, 0x0241, 0x02A2, 0x0444, 0x04C4, 0x1425, 0x2447, 0x2C68,
    0x2C48, 0x3428, 0x2C27, 0x2427, 0x3C29, 0x546C, 0x5D2D, 0x462C, 0x36AB, 0x362A, 0x3509, 0x24C7,
    0x0D05, 0x04A4, 0x0464, 0x04C4, 0x04E4, 0x0D05, 0x0D25, 0x0545, 0x0544, 0x04C4, 0x0363, 0x0242,
    0x0221, 0x0242, 0x0363, 0x0484, 0x0424, 0x03A3, 0x03E3, 0x03E3, 0x03C3, 0x03C3, 0x03C3, 0x03C3,
    0x03E3, 0x0403, 0x0C24, 0x0C05, 0x03A3, 0x0423, 0x0D45, 0x0C44, 0x0302, 0x02A2, 0x02C2, 0x02C2,
    0x02C2, 0x02A2, 0x0282, 0x0242, 0x0261, 0x0241, 0x0242, 0x03A3, 0x0484, 0x0423, 0x03C3, 0x03C3,
    0x03C3, 0x03C3, 0x03C3, 0x03C3, 0x03C3, 0x03E3, 0x0403, 0x0C45, 0x0C04, 0x03A3, 0x0484, 0x0CE5,
    0x0BE4, 0x03A3, 0x0464, 0x0565, 0x15A6, 0x1586, 0x15C7, 0x1DC8, 0x25C8, 0x1DA7, 0x1586, 0x0D85,
    0x0D45, 0x0CA5, 0x0C44, 0x0C64, 0x0C84, 0x0C84, 0x0464, 0x0C44, 0x0C64, 0x0C44, 0x03E3, 0x0323,
    0x02A2, 0x0282, 0x0282, 0x0241, 0x0302, 0x0C24, 0x0484, 0x0403, 0x03A3, 0x03E3, 0x03E3, 0x03C3,
    0x03C3, 0x0403, 0x2426, 0x5C8C, 0x5DCE, 0x472D, 0x4F4D, 0x65EF, 0x5D0D, 0x1D07, 0x0322, 0x0241,
    0x0C24, 0x0484, 0x03C3, 0x03E3, 0x03E3, 0x03E3, 0x03E3, 0x0403, 0x0423, 0x0C24, 0x2447, 0x2CC8,
    0x2548, 0x1D68, 0x1CE7, 0x1445, 0x0CA4, 0x0464, 0x02E2, 0x0241, 0x0281, 0x02A1, 0x02C2, 0x02C2,
    0x02A2, 0x0282, 0x0282, 0x02A2, 0x0242, 0x02A2, 0x0C23, 0x0464, 0x03C3, 0x03C3, 0x03E3, 0x03C3,
    0x03C3, 0x03C3, 0x03E3, 0x0423, 0x0424, 0x0BE4, 0x0BA3, 0x0CA4, 0x0CE5, 0x0343, 0x02C2, 0x03A3,
    0x0443, 0x0484, 0x0C85, 0x0CA5, 0x04C4, 0x04A3, 0x0403, 0x0323, 0x0262, 0x02A2, 0x02C2, 0x02C2,
    0x02C2, 0x02C2, 0x0281, 0x0221, 0x0B83, 0x0D25, 0x04E4, 0x0403, 0x0383, 0x03A3, 0x03A3, 0x0383,
    0x0363, 0x0342, 0x0322, 0x0302, 0x0404, 0x0CE4, 0x0CA4, 0x0C04, 0x0BE4, 0x0C24, 0x0484, 0x04A4,
    0x0CC5, 0x0444, 0x0362, 0x0281, 0x0E67, 0x1D48, 0x2447, 0x0C04, 0x04C4, 0x0D05, 0x02C2, 0x0201,
    0x0BA3, 0x0C64, 0x0484, 0x0464, 0x0C64, 0x0C64, 0x0464, 0x0464, 0x0484, 0x0484, 0x0C84, 0x0BA4,
    0x02A2, 0x02C1, 0x0C04, 0x450A, 0x6D6F, 0x7610, 0x56CE, 0x4EAD, 0x3EAB, 0x2709, 0x1F09, 0x3EEC,
    0x6710, 0x67B0, 0x57EF, 0x476D, 0x2E4A, 0x1526, 0x0403, 0x02A2, 0x01C1, 0x0221, 0x03E3, 0x0D45,
    0x2507, 0x54AB, 0x6CEE, 0x5E2F, 0x574E, 0x4FAE, 0x57CF, 0x4FAE, 0x5ECE, 0x754F, 0x646E, 0x3CAA,
    0x1566, 0x0DE5, 0x0C44, 0x0201, 0x0363, 0x04E4, 0x0423, 0x03C3, 0x03E3, 0x0403, 0x0403, 0x03E3,
    0x03C3, 0x03C3, 0x03E3, 0x0403, 0x0404, 0x0BC3, 0x0BA3, 0x0C04, 0x0CC5, 0x0CC4, 0x03A3, 0x0282,
    0x02A2, 0x0262, 0x02A2, 0x03A2, 0x14A5, 0x2D08, 0x3D0A, 0x3D0A, 0x2D29, 0x2548, 0x2CE8, 0x2C88,
    0x1486, 0x0424, 0x0322, 0x0242, 0x0363, 0x0C84, 0x0424, 0x03E3, 0x03E3, 0x03C3, 0x03C3, 0x03C3,
    0x03C3, 0x03C3, 0x03E3, 0x0403, 0x0424, 0x0C25, 0x1C46, 0x1BE5, 0x13C4, 0x0C04, 0x0D05, 0x0CE5,
    0x0343, 0x02C2, 0x0302, 0x02C2, 0x02C2, 0x0262, 0x0201, 0x0302, 0x0C44, 0x0444, 0x03C3, 0x0383,
    0x03C2, 0x03E3, 0x03E3, 0x03E3, 0x0402, 0x0423, 0x1C46, 0x24A7, 0x1D27, 0x1587, 0x14C6, 0x14A5,
    0x0D65, 0x04A4, 0x0363, 0x0302, 0x0302, 0x0302, 0x02E2, 0x02A2, 0x0262, 0x0281, 0x0BC3, 0x2588,
    0x468C, 0x570E, 0x572E, 0x46ED, 0x270A, 0x1728, 0x36AA, 0x5DEE, 0x5E2E, 0x2ECA, 0x1627, 0x0CE5,
    0x0443, 0x03C3, 0x0B63, 0x0343, 0x0343, 0x0323, 0x0323, 0x0303, 0x0363, 0x0463, 0x2C48, 0x642D,
    0x6D8F, 0x5E6E, 0x566D, 0x4E6C, 0x366B, 0x2689, 0x366B, 0x564E, 0x7690, 0x6F30, 0x5F8F, 0x570E,
    0x558C, 0x3509, 0x1485, 0x0362, 0x0261, 0x0221, 0x0262, 0x02A2, 0x0282, 0x0282, 0x02A2, 0x02A2,
    0x02C2, 0x0242, 0x0261, 0x03C3, 0x1CC6, 0x456B, 0x4E8D, 0x476D, 0x3F8D, 0x4EAD, 0x558C, 0x3509,
    0x0D46, 0x0463, 0x0323, 0x0303, 0x0302, 0x0302, 0x02E2, 0x0302, 0x02C2, 0x0221, 0x0282, 0x0403,
    0x0565, 0x1D27, 0x444A, 0x6CCF, 0x7DF1, 0x6F30, 0x5FF0, 0x5FF0, 0x5FEF, 0x6730, 0x7651, 0x6DAF,
    0x45AB, 0x24E7, 0x1486, 0x0DA6, 0x0D04, 0x0322, 0x0323, 0x0C64, 0x0D25, 0x0464, 0x03E3, 0x0403,
    0x03E3, 0x03C3, 0x03A3, 0x03A3, 0x03C3, 0x0403, 0x0464, 0x0CE5, 0x0CA4, 0x0B63, 0x02C2, 0x03A3,
    0x0D65, 0x1587, 0x2C88, 0x450B, 0x5DEE, 0x6E8F, 0x6F30, 0x6790, 0x67B0, 0x6F50, 0x76B0, 0x6E2F,
    0x466C, 0x2648, 0x1D67, 0x1446, 0x14E5, 0x0DA5, 0x03A3, 0x0242, 0x0282, 0x0282, 0x0282, 0x02A2,
    0x02C2, 0x02E2, 0x0302, 0x0302, 0x02E2, 0x02E2, 0x02E2, 0x02E2, 0x02E2, 0x02E2, 0x02E2, 0x02C2,
    0x02A2, 0x0241, 0x0282, 0x0424, 0x04A4, 0x03E2, 0x03E3, 0x0424, 0x0C04, 0x0C04, 0x0C04, 0x0C04,
    0x1C06, 0x3428, 0x3CC9, 0x25C9, 0x1E68, 0x1E08, 0x1CE7, 0x14E6, 0x05A5, 0x0DA6, 0x1567, 0x1DA7,
    0x1DE8, 0x2608, 0x25E8, 0x25A8, 0x1D87, 0x0D66, 0x0D25, 0x0BE4, 0x0242, 0x0222, 0x03A3, 0x0CE4,
    0x0403, 0x0383, 0x0403, 0x0423, 0x03E3, 0x03E3, 0x03C3, 0x03C3, 0x03C3, 0x03E3, 0x03C3, 0x03C3,
    0x0463, 0x04E4, 0x0C64, 0x0B23, 0x02C2, 0x0382, 0x03C3, 0x03C3, 0x03E3, 0x03E3, 0x03E3, 0x03A3,
    0x0322, 0x0241, 0x01E1, 0x03C4, 0x0CC5, 0x03E3, 0x03C3, 0x0423, 0x0403, 0x03E3, 0x03E3, 0x03C3,
    0x03C3, 0x03E3, 0x0403, 0x03C3, 0x03C3, 0x0443, 0x04C4, 0x0C84, 0x0C03, 0x04C4, 0x0DC6, 0x1E08,
    0x2E29, 0x368A, 0x36CB, 0x36EB, 0x3E6B, 0x458C, 0x450B, 0x2D08, 0x0D46, 0x0565, 0x0C84, 0x0B43,
    0x0B22, 0x0363, 0x0322, 0x0322, 0x0323, 0x0323, 0x02E2, 0x0282, 0x0282, 0x02C2, 0x02A2, 0x0242,
    0x02C2, 0x03E3, 0x0484, 0x0423, 0x03A3, 0x03E3, 0x03E3, 0x03C3, 0x03E3, 0x0403, 0x1C06, 0x4C6B,
    0x4D8C, 0x370B, 0x2F6B, 0x4E0C, 0x550C, 0x2D48, 0x0383, 0x02A2, 0x0C04, 0x0C64, 0x03C3, 0x03A2,
    0x03C2, 0x03C3, 0x03E3, 0x03E2, 0x0402, 0x0423, 0x0C45, 0x1C66, 0x2487, 0x1C46, 0x1426, 0x0C64,
    0x0CA4, 0x03E4, 0x0282, 0x02A2, 0x0383, 0x0BA4, 0x0BC4, 0x0BE4, 0x03A3, 0x0322, 0x02A2, 0x0262,
    0x0242, 0x0302, 0x04A4, 0x0464, 0x0383, 0x03E3, 0x0403, 0x03E3, 0x03A3, 0x03A3, 0x03C3, 0x03C3,
    0x03A2, 0x03E3, 0x04A4, 0x0CA4, 0x0BE3, 0x0382, 0x0443, 0x0525, 0x1587, 0x1DC7, 0x1E08, 0x2609,
    0x25A8, 0x2547, 0x1526, 0x04C4, 0x03E3, 0x0302, 0x02E2, 0x0323, 0x0303, 0x02E2, 0x02A1, 0x0242,
    0x02A2, 0x0BC3, 0x0CC4, 0x04E5, 0x0484, 0x0464, 0x0423, 0x0403, 0x03C3, 0x0363, 0x0363, 0x0C44,
    0x0D05, 0x0CE4, 0x0C84, 0x0C44, 0x0C64, 0x0484, 0x04A4, 0x14C6, 0x34E9, 0x3D2A, 0x24E7, 0x0C03,
    0x1D87, 0x24A8, 0x1C26, 0x03E4, 0x04A4, 0x0D25, 0x0363, 0x01E1, 0x0241, 0x02E2, 0x0363, 0x03A3,
    0x0BC3, 0x0BE4, 0x0C24, 0x0C64, 0x0C44, 0x0BE4, 0x0B23, 0x01E1, 0x0181, 0x0383, 0x0CE5, 0x3468,
    0x548C, 0x64CE, 0x64ED, 0x5D2D, 0x4D4C, 0x3D8B, 0x3DAB, 0x55AE, 0x6E10, 0x76D1, 0x6F70, 0x5F4F,
    0x562D, 0x3529, 0x0CA4, 0x02E2, 0x0282, 0x0403, 0x05A5, 0x1587, 0x3468, 0x648D, 0x7DB0, 0x6ED0,
    0x5FB0, 0x57F0, 0x5FF0, 0x5FAF, 0x6ED0, 0x7DD1, 0x656E, 0x3CE9, 0x1C66, 0x0DA6, 0x0D45, 0x0302,
    0x0323, 0x0484, 0x04A4, 0x0403, 0x03A3, 0x03E3, 0x03E3, 0x03C3, 0x03A3, 0x03A3, 0x03C3, 0x03C3,
    0x03E2, 0x03C2, 0x0403, 0x04E4, 0x0D05, 0x0BC3, 0x02C2, 0x0262, 0x0262, 0x02A2, 0x03A3, 0x1D46,
    0x3DEA, 0x5D8E, 0x6D0E, 0x550C, 0x3D4A, 0x3549, 0x54AC, 0x5C6D, 0x3CE9, 0x1526, 0x0424, 0x0302,
    0x0BE3, 0x0CC5, 0x0404, 0x03E3, 0x0403, 0x0403, 0x03E3, 0x03E3, 0x03C3, 0x03C3, 0x03C3, 0x03E3,
    0x03E3, 0x0403, 0x0403, 0x03C2, 0x0423, 0x04E4, 0x0CE5, 0x0BE4, 0x02E2, 0x02E2, 0x0322, 0x02E2,
    0x02C2, 0x0262, 0x0221, 0x0363, 0x04A4, 0x0403, 0x03C3, 0x03E3, 0x03C3, 0x03C3, 0x03C3, 0x03C3,
    0x03E3, 0x0404, 0x0C25, 0x1C46, 0x2427, 0x2426, 0x13E5, 0x0C44, 0x0D25, 0x0444, 0x0302, 0x0302,
    0x0302, 0x02E2, 0x02C2, 0x0262, 0x0261, 0x0362, 0x24C7, 0x4DED, 0x5ECF, 0x576E, 0x3FAD, 0x374B,
    0x1F49, 0x0F68, 0x2F0B, 0x5E8E, 0x5ECF, 0x3F6C, 0x2F0A, 0x2DC9, 0x1485, 0x0363, 0x0282, 0x01E1,
    0x01E1, 0x01E1, 0x01A1, 0x01C1, 0x0281, 0x03E3, 0x2C27, 0x5C0C, 0x64CE, 0x650E, 0x650D, 0x5D0D,
    0x452B, 0x3D2B, 0x4D2C, 0x652E, 0x7D90, 0x7650, 0x6EB0, 0x7630, 0x752F, 0x4C8B, 0x1C86, 0x0443,
    0x0362, 0x0262, 0x0262, 0x0262, 0x0262, 0x0262, 0x0282, 0x0282, 0x0242, 0x0282, 0x03A3, 0x0D26,
    0x3D4A, 0x652E, 0x6EB0, 0x5FF0, 0x5FCF, 0x6EF1, 0x658F, 0x3CEA, 0x1547, 0x0505, 0x03E3, 0x0302,
    0x02E2, 0x0323, 0x0323, 0x0303, 0x02C2, 0x0262, 0x0403, 0x0DC6, 0x1D27, 0x2CC8, 0x3D6A, 0x4E2C,
    0x5E8E, 0x66D0, 0x6750, 0x6790, 0x6F30, 0x7691, 0x664F, 0x3E6B, 0x1688, 0x15A7, 0x2467, 0x0CA5,
    0x0524, 0x0C64, 0x0262, 0x0303, 0x1525, 0x0D05, 0x0464, 0x0443, 0x0444, 0x0424, 0x0403, 0x0403,
    0x0423, 0x0484, 0x0D05, 0x0CA5, 0x0B62, 0x0201, 0x0322, 0x0D45, 0x2527, 0x34A9, 0x3549, 0x2669,
    0x26EA, 0x46CC, 0x66CF, 0x6EF0, 0x6ED0, 0x7670, 0x7630, 0x4E6D, 0x1EA8, 0x0E67, 0x1D67, 0x1C06,
    0x1445, 0x0545, 0x0464, 0x0322, 0x02A2, 0x02C2, 0x0322, 0x0302, 0x0302, 0x0302, 0x0302, 0x0302,
    0x0302, 0x0322, 0x0302, 0x0302, 0x0302, 0x02E2, 0x02C2, 0x02A2, 0x0282, 0x0242, 0x0262, 0x0404,
    0x0484, 0x03A3, 0x03A2, 0x03E3, 0x03E3, 0x0403, 0x0402, 0x0402, 0x0424, 0x1C46, 0x2C87, 0x2528,
    0x1D47, 0x24E7, 0x1465, 0x0CE5, 0x1607, 0x2609, 0x360A, 0x3E6B, 0x3EAB, 0x3EAB, 0x3E2B, 0x552C,
    0x4C8B, 0x2CE8, 0x15E7, 0x0DA5, 0x03A4, 0x0242, 0x0343, 0x0D04, 0x0464, 0x0383, 0x03E3, 0x03E3,
    0x03E3, 0x03C3, 0x03A3, 0x03A3, 0x03A3, 0x03C3, 0x03E3, 0x0423, 0x0CE5, 0x0CA5, 0x0363, 0x0342,
    0x0403, 0x04C4, 0x0D25, 0x0D46, 0x0D66, 0x0D86, 0x0D65, 0x0D25, 0x0CA4, 0x0363, 0x0241, 0x0BA3,
    0x0CE5, 0x0423, 0x03C3, 0x03E3, 0x03E3, 0x03E3, 0x03C3, 0x03A3, 0x03A3, 0x03A3, 0x03C3, 0x03A3,
    0x0403, 0x04C4, 0x0C64, 0x0424, 0x04E4, 0x1D87, 0x35A9, 0x45CB, 0x468C, 0x474D, 0x4F8E, 0x478D,
    0x56EE, 0x7570, 0x6C6E, 0x444A, 0x1CA6, 0x0DC5, 0x0D45, 0x0323, 0x0201, 0x0201, 0x0221, 0x0241,
    0x0241, 0x0241, 0x0282, 0x02E2, 0x02E2, 0x0302, 0x02A2, 0x0262, 0x02A2, 0x03A3, 0x04A4, 0x0424,
    0x0383, 0x03C3, 0x03C3, 0x03C3, 0x03E3, 0x0403, 0x1425, 0x444A, 0x458B, 0x1F09, 0x1769, 0x2689,
    0x356A, 0x2528, 0x0BE4, 0x0322, 0x0424, 0x0444, 0x03E3, 0x03C3, 0x03C3, 0x03C3, 0x03E3, 0x03C3,
    0x03C3, 0x03E3, 0x0423, 0x0C24, 0x1405, 0x0BC4, 0x0403, 0x04A4, 0x0404, 0x0302, 0x02E2, 0x13E5,
    0x24E8, 0x2508, 0x2507, 0x2D28, 0x2547, 0x14A5, 0x0383, 0x02A2, 0x0221, 0x02E2, 0x04A4, 0x04A4,
    0x03C3, 0x03E3, 0x03E3, 0x03E3, 0x03A3, 0x03A3, 0x03A3, 0x03C3, 0x03E3, 0x0464, 0x0CE5, 0x0C04,
    0x0363, 0x0CA4, 0x15A7, 0x2E09, 0x366B, 0x3ECB, 0x3F0B, 0x46CC, 0x55AD, 0x54CC, 0x2D08, 0x0DA6,
    0x0D45, 0x03C3, 0x0302, 0x0323, 0x0303, 0x02E2, 0x02C2, 0x02C2, 0x0242, 0x0262, 0x0BA3, 0x0CA4,
    0x04C5, 0x0C64, 0x0C24, 0x03C3, 0x0383, 0x0323, 0x03C3, 0x0D65, 0x0D24, 0x03E3, 0x03C3, 0x03E3,
    0x03C3, 0x03C2, 0x03E3, 0x1C26, 0x5C8D, 0x6D8F, 0x4E4D, 0x2DE8, 0x2CC8, 0x2447, 0x0C25, 0x03C3,
    0x0484, 0x0D25, 0x03A3, 0x0262, 0x0262, 0x0262, 0x0262, 0x0262, 0x0282, 0x0282, 0x02A2, 0x02A2,
    0x02A2, 0x0262, 0x0242, 0x0201, 0x0201, 0x0BC3, 0x04C4, 0x0C44, 0x1446, 0x2467, 0x3468, 0x3C4A,
    0x3C49, 0x3469, 0x446A, 0x5C8D, 0x750F, 0x6DF0, 0x6E70, 0x7650, 0x6D4F, 0x44CB, 0x0CC5, 0x0342,
    0x0383, 0x0585, 0x1D47, 0x2CA8, 0x3569, 0x3E0B, 0x566D, 0x66AF, 0x6F30, 0x6790, 0x6790, 0x6F10,
    0x7670, 0x660E, 0x364B, 0x1DC8, 0x1CA6, 0x14E6, 0x0526, 0x0464, 0x02E2, 0x0B63, 0x0D45, 0x0CC4,
    0x03A3, 0x03A3, 0x03A2, 0x0382, 0x0363, 0x0363, 0x0383, 0x0383, 0x03A3, 0x0443, 0x0504, 0x0CC4,
    0x0BA3, 0x02A2, 0x0282, 0x0262, 0x0262, 0x03E3, 0x1D67, 0x45EC, 0x568E, 0x5EAE, 0x566E, 0x3E6B,
    0x26A9, 0x2E8A, 0x55ED, 0x6DAF, 0x4E0C, 0x2DE9, 0x14E6, 0x0BA3, 0x0485, 0x0525, 0x03E3, 0x03A3,
    0x0403, 0x0403, 0x0403, 0x03E3, 0x03E3, 0x03C3, 0x03C3, 0x03C3, 0x0403, 0x03E3, 0x03A3, 0x03E3,
    0x04C4, 0x0D45, 0x0C24, 0x02E2, 0x02E2, 0x0322, 0x0302, 0x02E2, 0x02C2, 0x0262, 0x0242, 0x03C3,
    0x0CC4, 0x0403, 0x03E3, 0x0423, 0x03E3, 0x03C3, 0x03C3, 0x03C3, 0x03C3, 0x03E3, 0x0403, 0x0444,
    0x0404, 0x0384, 0x0424, 0x0505, 0x0C84, 0x0383, 0x02C2, 0x0323, 0x0322, 0x02C2, 0x02C2, 0x0242,
    0x02A2, 0x0483, 0x34E9, 0x6CEF, 0x6DD0, 0x662F, 0x5E2E, 0x4E2C, 0x364A, 0x364A, 0x4E0C, 0x6E0F,
    0x7670, 0x66CF, 0x5E6E, 0x556D, 0x3C89, 0x1445, 0x03A2, 0x0262, 0x0222, 0x0222, 0x01E1, 0x0222,
    0x0322, 0x0423, 0x0C65, 0x1C27, 0x3488, 0x3C89, 0x3C4A, 0x3C4A, 0x3449, 0x3449, 0x444A, 0x5C4C,
    0x6CCE, 0x5DAE, 0x566D, 0x564D, 0x55AD, 0x3CCA, 0x1C87, 0x0C84, 0x03A3, 0x0282, 0x02A2, 0x02C2,
    0x02C2, 0x02C2, 0x02E2, 0x02C2, 0x0281, 0x0362, 0x0CA6, 0x2D08, 0x358A, 0x464C, 0x5EEE, 0x6F30,
    0x6F11, 0x668F, 0x466C, 0x1DE8, 0x14C6, 0x14A6, 0x0484, 0x0342, 0x02E2, 0x0343, 0x0343, 0x02E2,
    0x02A2, 0x0362, 0x0CC4, 0x2568, 0x448A, 0x3D0A, 0x2669, 0x26E9, 0x36EB, 0x56CE, 0x66CF, 0x7690,
    0x7650, 0x7610, 0x4E4D, 0x1EC9, 0x0E87, 0x1D87, 0x2447, 0x0C05, 0x0504, 0x0D05, 0x02E2, 0x0201,
    0x0343, 0x0C04, 0x0464, 0x0464, 0x0C64, 0x0C84, 0x0CA4, 0x0CA4, 0x0CA5, 0x0C64, 0x0BC3, 0x02E2,
    0x0261, 0x0262, 0x0423, 0x1586, 0x4CAB, 0x5C8D, 0x3E0B, 0x1EE8, 0x1748, 0x272A, 0x46CC, 0x664F,
    0x75D0, 0x7D70, 0x5DAE, 0x2E4A, 0x0EA7, 0x1607, 0x2CC8, 0x1BE6, 0x0C24, 0x04E4, 0x04C4, 0x03A3,
    0x02A2, 0x0303, 0x0343, 0x02E2, 0x02C2, 0x0303, 0x03A3, 0x0403, 0x0443, 0x0444, 0x0444, 0x0464,
    0x0423, 0x0363, 0x02A2, 0x0241, 0x0262, 0x0262, 0x02A2, 0x0C24, 0x0484, 0x03A3, 0x03A3, 0x03C3,
    0x03C3, 0x03C3, 0x03C3, 0x03E3, 0x0403, 0x0C24, 0x1446, 0x1C66, 0x1C46, 0x13E5, 0x0443, 0x1506,
    0x3DCA, 0x4E6C, 0x4F0D, 0x4FAE, 0x4FCE, 0x4FAE, 0x56EE, 0x7590, 0x74AF, 0x3CAA, 0x14C6, 0x0D85,
    0x0D86, 0x0323, 0x02A2, 0x0CC4, 0x0505, 0x0424, 0x0383, 0x0383, 0x03A3, 0x0383, 0x0363, 0x0362,
    0x0382, 0x03A3, 0x0464, 0x0D44, 0x0C64, 0x0B63, 0x03C3, 0x0504, 0x0DC6, 0x1DA7, 0x25C8, 0x25E8,
    0x2609, 0x2DE9, 0x2D69, 0x2527, 0x0DC7, 0x0585, 0x0424, 0x0BA3, 0x0C44, 0x0D05, 0x0423, 0x0342,
    0x03A3, 0x03A3, 0x0383, 0x0383, 0x0382, 0x0362, 0x0383, 0x0484, 0x0CE4, 0x0C64, 0x0BC3, 0x0444,
    0x1526, 0x44AB, 0x6CAE, 0x662F, 0x576F, 0x4FEF, 0x57EF, 0x5FCF, 0x6710, 0x7DD1, 0x5D8E, 0x356A,
    0x1CE7, 0x0CE5, 0x0D45, 0x0D05, 0x0B43, 0x0222, 0x02A2, 0x02C2, 0x02A2, 0x02C2, 0x02E2, 0x0302,
    0x0302, 0x0323, 0x02E2, 0x0282, 0x0282, 0x0363, 0x04A4, 0x0424, 0x0363, 0x03A3, 0x03C3, 0x03C3,
    0x03E3, 0x0422, 0x0C24, 0x3C49, 0x454A, 0x26C9, 0x1768, 0x26A9, 0x35AA, 0x2D48, 0x0C24, 0x03A3,
    0x0444, 0x0424, 0x03E3, 0x03E3, 0x0403, 0x03E3, 0x03E3, 0x03C3, 0x03C3, 0x03C3, 0x0403, 0x0403,
    0x03C3, 0x03C3, 0x0423, 0x0C64, 0x0322, 0x02C2, 0x14A5, 0x45CB, 0x55CD, 0x360A, 0x35CA, 0x560D,
    0x4E8D, 0x2EAA, 0x0D85, 0x03C3, 0x0241, 0x0262, 0x0BC3, 0x0CE5, 0x04C4, 0x0403, 0x03A3, 0x03E3,
    0x03E3, 0x03C3, 0x03C3, 0x0403, 0x0CE5, 0x0CE5, 0x0BA3, 0x0363, 0x0464, 0x2527, 0x4D2B, 0x5DAE,
    0x572E, 0x4FCE, 0x4FCE, 0x5F4F, 0x7630, 0x6D2F, 0x34E9, 0x1526, 0x0D45, 0x0CE5, 0x03A3, 0x02C2,
    0x0303, 0x0323, 0x02E2, 0x02C2, 0x02A2, 0x02A2, 0x0282, 0x02C2, 0x0322, 0x0302, 0x02E3, 0x0282,
    0x0201, 0x02A2, 0x0BE4, 0x0CE4, 0x0463, 0x0383, 0x03C3, 0x03E3, 0x03A3, 0x03C2, 0x0403, 0x2C67,
    0x64EE, 0x6670, 0x4F6E, 0x56AD, 0x2447, 0x1425, 0x0423, 0x03C2, 0x0484, 0x0D25, 0x03A3, 0x0282,
    0x02C2, 0x02A2, 0x0262, 0x0262, 0x0262, 0x0262, 0x0241, 0x0241, 0x0222, 0x0222, 0x0242, 0x0222,
    0x0262, 0x0BE4, 0x04A4, 0x03E2, 0x03E2, 0x0403, 0x0C04, 0x1405, 0x1405, 0x1405, 0x2C07, 0x442A,
    0x54CC, 0x45CC, 0x3E8B, 0x464C, 0x4D4B, 0x3489, 0x0C85, 0x0423, 0x0CA4, 0x1D68, 0x44AA, 0x44AB,
    0x2E4A, 0x1F09, 0x2EEA, 0x4ECD, 0x66CF, 0x6ED0, 0x7690, 0x7631, 0x662F, 0x368B, 0x16C7, 0x1607,
    0x24C7, 0x1425, 0x04C5, 0x0545, 0x0322, 0x0241, 0x0C44, 0x0D05, 0x0CC4, 0x0484, 0x0464, 0x0464,
    0x0424, 0x0424, 0x0424, 0x0464, 0x04A4, 0x04C4, 0x0464, 0x0363, 0x02A2, 0x0282, 0x0241, 0x0281,
    0x03A3, 0x2507, 0x462C, 0x56EE, 0x4F6E, 0x478D, 0x3F4C, 0x1F6A, 0x0FA8, 0x1F69, 0x4ECD, 0x668F,
    0x46ED, 0x2F0A, 0x1607, 0x04A4, 0x04A4, 0x0545, 0x0504, 0x0403, 0x0383, 0x03A3, 0x03C3, 0x03A3,
    0x0383, 0x0363, 0x0363, 0x0383, 0x0383, 0x03C3, 0x0444, 0x0CE5, 0x0D05, 0x0C24, 0x0342, 0x02E2,
    0x0343, 0x0343, 0x0323, 0x02E2, 0x02E2, 0x0282, 0x0222, 0x0BE4, 0x0D25, 0x0423, 0x03A3, 0x03C3,
    0x03E3, 0x03C3, 0x03C3, 0x03A3, 0x03A3, 0x03C3, 0x03C3, 0x03C2, 0x03E3, 0x0444, 0x0505, 0x0CE4,
    0x03A3, 0x0302, 0x0323, 0x0323, 0x0302, 0x02C2, 0x02A2, 0x0242, 0x02E2, 0x04C4, 0x24E7, 0x444A,
    0x54CC, 0x5CED, 0x54AC, 0x4CCB, 0x44CA, 0x44CA, 0x5CCC, 0x6D0F, 0x75B0, 0x664F, 0x662E, 0x5D6E,
    0x4CAB, 0x24A7, 0x0463, 0x02E2, 0x0262, 0x0282, 0x0222, 0x0262, 0x0363, 0x0C84, 0x0463, 0x03E3,
    0x0C24, 0x1425, 0x1405, 0x1405, 0x1405, 0x1405, 0x2406, 0x3C29, 0x4CAB, 0x35AA, 0x2669, 0x1E89,
    0x2DE9, 0x2528, 0x1CC6, 0x0CC5, 0x03C3, 0x02C2, 0x02E2, 0x0323, 0x0302, 0x0302, 0x0302, 0x02E2,
    0x02E1, 0x0C04, 0x3529, 0x4D2B, 0x2E2A, 0x1768, 0x370B, 0x6E0F, 0x7D71, 0x55CD, 0x2649, 0x15C7,
    0x1445, 0x1445, 0x04C5, 0x0383, 0x02E2, 0x0322, 0x0343, 0x02A2, 0x02A2, 0x0443, 0x1526, 0x44CA,
    0x64AD, 0x4DAC, 0x1F09, 0x0F68, 0x1749, 0x36EB, 0x5E2E, 0x7D90, 0x7D30, 0x656E, 0x362A, 0x1667,
    0x1DE7, 0x24E8, 0x2427, 0x0BC4, 0x04C4, 0x0D45, 0x0B63, 0x0201, 0x0242, 0x02C2, 0x0323, 0x0343,
    0x0343, 0x0343, 0x0383, 0x03A3, 0x0383, 0x0343, 0x02C2, 0x0262, 0x0261, 0x0322, 0x04A4, 0x2D68,
    0x64CD, 0x6D0F, 0x3E8C, 0x1F49, 0x0F67, 0x1728, 0x368B, 0x5D8E, 0x7CCF, 0x748F, 0x4D2C, 0x25C8,
    0x1DC7, 0x2528, 0x2C68, 0x13E5, 0x0423, 0x0484, 0x0CC5, 0x0404, 0x02E2, 0x02E2, 0x0302, 0x0322,
    0x0403, 0x04A4, 0x0CE5, 0x0D25, 0x0D46, 0x1546, 0x1546, 0x0D66, 0x0565, 0x0525, 0x0464, 0x0343,
    0x0221, 0x0221, 0x0323, 0x0C64, 0x0464, 0x03C3, 0x03C3, 0x0403, 0x03E3, 0x03C3, 0x03C3, 0x03C3,
    0x03E3, 0x0423, 0x0424, 0x0C04, 0x0BA4, 0x03C3, 0x04C4, 0x3549, 0x6D2E, 0x6E4F, 0x5F8F, 0x57F0,
    0x57EF, 0x5FAF, 0x6ED0, 0x7DF1, 0x5D8E, 0x2D89, 0x1486, 0x14C6, 0x0DC6, 0x0464, 0x02E2, 0x0323,
    0x0484, 0x0D25, 0x0C84, 0x0464, 0x0464, 0x0464, 0x0444, 0x0444, 0x0464, 0x0CA4, 0x0CA4, 0x0C24,
    0x0B83, 0x03C3, 0x04E5, 0x15A7, 0x2E09, 0x366B, 0x3ECC, 0x3F0B, 0x3F0B, 0x466C, 0x5D6D, 0x54AC,
    0x34E9, 0x0D86, 0x0D85, 0x0C64, 0x0BE4, 0x0CC5, 0x04C5, 0x0484, 0x0444, 0x0444, 0x0444, 0x0444,
    0x0443, 0x0464, 0x0484, 0x0CC4, 0x0C44, 0x0343, 0x0403, 0x04E5, 0x24C7, 0x548C, 0x750F, 0x7650,
    0x6770, 0x5FD0, 0x5FD0, 0x6770, 0x76D1, 0x6E30, 0x3E6B, 0x1E68, 0x1D47, 0x1C26, 0x0CA5, 0x0DC6,
    0x0C64, 0x02C2, 0x02E2, 0x0302, 0x0322, 0x0322, 0x0323, 0x0343, 0x0342, 0x0302, 0x02C2, 0x02C2,
    0x02A2, 0x0363, 0x04A4, 0x0424, 0x0363, 0x03A3, 0x03C3, 0x03E3, 0x0403, 0x0424, 0x1C06, 0x4C2A,
    0x5D0D, 0x4E6C, 0x3F2C, 0x4E6D, 0x5D8D, 0x3D2A, 0x1425, 0x03E3, 0x0CA4, 0x0464, 0x03A3, 0x03C3,
    0x03E3, 0x03E3, 0x03C3, 0x03A3, 0x0383, 0x0383, 0x03A3, 0x03A2, 0x03E3, 0x0464, 0x0C44, 0x0323,
    0x02C2, 0x1C26, 0x464C, 0x5F2F, 0x4F0E, 0x270A, 0x36CB, 0x5EEF, 0x6F91, 0x5F8F, 0x368A, 0x1506,
    0x0323, 0x0242, 0x02A2, 0x0C04, 0x0CC5, 0x04A4, 0x0464, 0x0464, 0x0C64, 0x0444, 0x0464, 0x0484,
    0x0C84, 0x03C4, 0x02C2, 0x03E3, 0x0D66, 0x34E9, 0x64ED, 0x75D0, 0x6F50, 0x5FEF, 0x5FD0, 0x6F11,
    0x6E70, 0x4E0C, 0x25A8, 0x14C6, 0x1485, 0x0D45, 0x0464, 0x0302, 0x0302, 0x0343, 0x0323, 0x0302,
    0x02C2, 0x0282, 0x0201, 0x0221, 0x0282, 0x0262, 0x0242, 0x0201, 0x0181, 0x0282, 0x0C24, 0x0464,
    0x03E3, 0x03A3, 0x03E3, 0x03E3, 0x03A3, 0x03C3, 0x0C04, 0x2C67, 0x5CED, 0x5E6F, 0x4F8E, 0x5F0F,
    0x1425, 0x0424, 0x0423, 0x03C3, 0x0484, 0x0525, 0x03A3, 0x0282, 0x02C2, 0x0302, 0x0303, 0x0303,
    0x0302, 0x02E2, 0x02E2, 0x02E2, 0x02C2, 0x02C2, 0x02A2, 0x0241, 0x0262, 0x0C04, 0x0CA4, 0x03A3,
    0x0383, 0x03C3, 0x03E2, 0x0402, 0x0422, 0x0422, 0x0424, 0x2447, 0x34C9, 0x25C8, 0x1667, 0x1627,
    0x1547, 0x1465, 0x0444, 0x04E3, 0x1526, 0x44AA, 0x64CE, 0x558D, 0x26CA, 0x1748, 0x1748, 0x2F0A,
    0x566D, 0x75D0, 0x7D70, 0x756F, 0x4E0C, 0x1EA8, 0x0E67, 0x1D68, 0x2487, 0x13C4, 0x0484, 0x0D65,
    0x03A3, 0x0201, 0x02A2, 0x0C03, 0x0CC4, 0x0C84, 0x0C84, 0x0C84, 0x0C84, 0x0484, 0x04A4, 0x04C4,
    0x04C5, 0x0424, 0x02E2, 0x0241, 0x0282, 0x02A2, 0x0241, 0x02E2, 0x0D05, 0x454B, 0x6D8F, 0x5F0F,
    0x4F6D, 0x470D, 0x3EEC, 0x270A, 0x1728, 0x270A, 0x56AD, 0x66AF, 0x4F0E, 0x374B, 0x2689, 0x1D27,
    0x0C45, 0x04C4, 0x0D85, 0x04E5, 0x03E3, 0x03E3, 0x03E3, 0x03C3, 0x03C3, 0x03A3, 0x03A3, 0x03C3,
    0x03C3, 0x0443, 0x0D04, 0x0D05, 0x0404, 0x02C2, 0x02C2, 0x0342, 0x0342, 0x0323, 0x0303, 0x02E2,
    0x02E2, 0x02A2, 0x0222, 0x0363, 0x0CC5, 0x04C4, 0x0403, 0x03A2, 0x03C3, 0x03E3, 0x03A3, 0x03A3,
    0x03A3, 0x03C3, 0x03C3, 0x03C3, 0x0424, 0x0CE5, 0x0CC4, 0x0BC3, 0x02E2, 0x0302, 0x0343, 0x0302,
    0x02E2, 0x02C2, 0x0282, 0x0242, 0x0302, 0x04A4, 0x04A4, 0x0C04, 0x2446, 0x2C48, 0x2C28, 0x2C07,
    0x2407, 0x2C08, 0x440A, 0x546C, 0x554D, 0x462C, 0x3E6B, 0x3DCB, 0x34C9, 0x1CC6, 0x0CA4, 0x0302,
    0x0262, 0x0282, 0x0221, 0x0262, 0x0363, 0x0484, 0x0443, 0x0362, 0x03C2, 0x0403, 0x0403, 0x0403,
    0x0402, 0x0422, 0x0443, 0x1C46, 0x2CA8, 0x2568, 0x1607, 0x0DE7, 0x1546, 0x1506, 0x0D06, 0x04E4,
    0x03C3, 0x02E2, 0x0302, 0x0323, 0x0322, 0x0322, 0x0302, 0x02E2, 0x0342, 0x1C46, 0x4D6B, 0x5E0D,
    0x2F0A, 0x0F88, 0x2E6A, 0x5CED, 0x644D, 0x3CEA, 0x2548, 0x24C7, 0x1405, 0x0444, 0x04A4, 0x03A3,
    0x0302, 0x0322, 0x0322, 0x02A2, 0x02C2, 0x04C4, 0x2D48, 0x5CCD, 0x6D8F, 0x4E6D, 0x272A, 0x0F68,
    0x1748, 0x2E8A, 0x558C, 0x6CAF, 0x6C6E, 0x4CEB, 0x2D89, 0x25A8, 0x2D08, 0x2C68, 0x1426, 0x03A3,
    0x0483, 0x0D25, 0x03C3, 0x02A2, 0x0282, 0x0241, 0x0221, 0x0221, 0x0222, 0x0242, 0x0242, 0x0262,
    0x0262, 0x0282, 0x02C2, 0x02A2, 0x02A2, 0x0382, 0x0CA5, 0x3D6A, 0x65AE, 0x660F, 0x46EC, 0x274A,
    0x1768, 0x1EC9, 0x3DCA, 0x54CC, 0x5C4C, 0x542B, 0x3CAA, 0x2CE8, 0x34C8, 0x2C88, 0x1C47, 0x0404,
    0x0403, 0x0464, 0x0CE5, 0x0C44, 0x02C2, 0x02A2, 0x0363, 0x0463, 0x0D85, 0x1607, 0x1DE8, 0x2609,
    0x2629, 0x2E49, 0x2E29, 0x2DC9, 0x2589, 0x15A7, 0x0DE6, 0x0505, 0x0302, 0x0222, 0x0323, 0x0CA4,
    0x04A4, 0x03C3, 0x03C3, 0x0403, 0x03E3, 0x03C3, 0x03A3, 0x03A3, 0x03C3, 0x03E3, 0x03E3, 0x03E3,
    0x0402, 0x04A3, 0x1566, 0x3D6B, 0x6D4F, 0x7650, 0x6770, 0x5FB0, 0x5FB0, 0x6F10, 0x7671, 0x5E2E,
    0x2E8A, 0x1667, 0x1D27, 0x1C47, 0x0CA5, 0x0545, 0x0404, 0x0201, 0x0322, 0x0CC4, 0x0CC5, 0x0CA4,
    0x04A4, 0x04A4, 0x0484, 0x04A4, 0x0CA4, 0x0CA4, 0x0BC3, 0x02A2, 0x03A3, 0x0CE5, 0x2528, 0x452B,
    0x55AC, 0x4F0D, 0x4FCE, 0x4FEE, 0x47CE, 0x5ECF, 0x7DB0, 0x74CF, 0x444A, 0x14C6, 0x0D65, 0x0D45,
    0x0C44, 0x0BA3, 0x0C84, 0x0D25, 0x0CA4, 0x0484, 0x04A5, 0x0C84, 0x0484, 0x0CC4, 0x0CC5, 0x0BC4,
    0x02E2, 0x0302, 0x0484, 0x1547, 0x34A9, 0x3D6A, 0x4E4C, 0x5E6F, 0x66D0, 0x6730, 0x6730, 0x76B1,
    0x7650, 0x564D, 0x1EA8, 0x0E87, 0x2568, 0x1C06, 0x0C04, 0x0505, 0x04E4, 0x03A3, 0x02E2, 0x02E2,
    0x0322, 0x0322, 0x0343, 0x0342, 0x0322, 0x02E2, 0x02C2, 0x02A2, 0x0262, 0x0343, 0x0CC5, 0x0444,
    0x0363, 0x03C3, 0x03E3, 0x0403, 0x0C25, 0x1446, 0x3448, 0x5C6D, 0x7530, 0x6E50, 0x672F, 0x6EB0,
    0x75D0, 0x456B, 0x1425, 0x03A2, 0x0C64, 0x0CA4, 0x0443, 0x03E3, 0x03C3, 0x03E3, 0x03C3, 0x03A3,
    0x03A3, 0x03A3, 0x03A3, 0x03E3, 0x0444, 0x0C64, 0x0B83, 0x0241, 0x0B43, 0x3D6A, 0x666F, 0x66EF,
    0x3EEC, 0x26C9, 0x368A, 0x56AE, 0x6F51, 0x6F51, 0x5E8E, 0x2DA9, 0x0C24, 0x02C2, 0x0242, 0x02A2,
    0x0BA3, 0x0C44, 0x0C64, 0x0C24, 0x0C04, 0x0404, 0x0424, 0x0424, 0x0322, 0x0261, 0x0342, 0x0CA5,
    0x1D67, 0x34E9, 0x4D6C, 0x568E, 0x6710, 0x6730, 0x76F0, 0x7651, 0x564D, 0x26A8, 0x1647, 0x1CA6,
    0x13E5, 0x0CE4, 0x04C4, 0x0383, 0x0302, 0x0322, 0x0342, 0x0303, 0x02C2, 0x02C2, 0x02C2, 0x02C2,
    0x02A2, 0x0282, 0x02A2, 0x0262, 0x01E1, 0x02E2, 0x0C44, 0x0444, 0x0403, 0x03E3, 0x03E3, 0x03E3,
    0x03C3, 0x03C3, 0x0404, 0x2447, 0x54AC, 0x560D, 0x3F4C, 0x4F4D, 0x0424, 0x0403, 0x0403, 0x03C3,
    0x0484, 0x0525, 0x03A3, 0x02A2, 0x02E2, 0x0302, 0x0323, 0x0323, 0x0302, 0x0302, 0x0322, 0x0302,
    0x02E2, 0x02C2, 0x0282, 0x0261, 0x02E2, 0x0444, 0x0484, 0x03A3, 0x03A3, 0x03C3, 0x03C3, 0x03C3,
    0x03E3, 0x03E3, 0x0403, 0x1446, 0x2487, 0x2CE8, 0x2507, 0x1CC7, 0x0C85, 0x0424, 0x0424, 0x04E4,
    0x2527, 0x5CED, 0x6D8F, 0x4E6D, 0x2F0A, 0x1768, 0x1748, 0x26C9, 0x4DCC, 0x6CEE, 0x748F, 0x5CCD,
    0x358A, 0x1607, 0x1D87, 0x2CC8, 0x1C47, 0x0BA4, 0x0443, 0x0D45, 0x0404, 0x0282, 0x0262, 0x0282,
    0x02C2, 0x0302, 0x0323, 0x0323, 0x0363, 0x03A3, 0x03C3, 0x03A3, 0x0323, 0x02A2, 0x0282, 0x02A2,
    0x0282, 0x0282, 0x0282, 0x03A3, 0x0D26, 0x4CEB, 0x748F, 0x7570, 0x6DCF, 0x5D8D, 0x55AD, 0x3DEB,
    0x35EA, 0x45EB, 0x65EE, 0x7610, 0x6E6F, 0x5E6E, 0x55CD, 0x4CCB, 0x2C07, 0x03E4, 0x0484, 0x0D05,
    0x0D25, 0x04E4, 0x04C4, 0x04C4, 0x04A4, 0x04A4, 0x04A4, 0x04A4, 0x0CE5, 0x0D05, 0x0C84, 0x0383,
    0x02C2, 0x02A2, 0x02E2, 0x0303, 0x0302, 0x02E2, 0x02E2, 0x0302, 0x0302, 0x02C2, 0x0281, 0x0282,
    0x0BA3, 0x1525, 0x0D25, 0x0443, 0x0403, 0x03E3, 0x03E3, 0x03E3, 0x03C3, 0x03E3, 0x0443, 0x04C4,
    0x0CE5, 0x0C24, 0x0323, 0x0282, 0x02C2, 0x0302, 0x0322, 0x0322, 0x0302, 0x02C2, 0x0282, 0x0242,
    0x02E2, 0x0C64, 0x0484, 0x03C2, 0x03E3, 0x0403, 0x0404, 0x0403, 0x0403, 0x0C24, 0x1C26, 0x3468,
    0x3529, 0x1E08, 0x1668, 0x1DC8, 0x24C7, 0x1506, 0x04C4, 0x0322, 0x0282, 0x02A2, 0x0221, 0x0282,
    0x0BA3, 0x0484, 0x0424, 0x0382, 0x03A3, 0x03C3, 0x03C3, 0x03C3, 0x03E3, 0x0403, 0x0423, 0x0C45,
    0x2447, 0x2C88, 0x24C8, 0x24A7, 0x1C05, 0x0C85, 0x0525, 0x0484, 0x0383, 0x0302, 0x0322, 0x0342,
    0x0342, 0x0342, 0x0302, 0x02C2, 0x0322, 0x1C86, 0x4E2C, 0x4F2E, 0x3F6C, 0x368B, 0x452B, 0x3C49,
    0x2427, 0x2446, 0x2467, 0x1C26, 0x03E4, 0x0443, 0x04A4, 0x03A3, 0x0303, 0x0302, 0x0322, 0x02A2,
    0x02E2, 0x04A4, 0x3589, 0x5D8E, 0x5E6F, 0x4F0D, 0x372B, 0x1F49, 0x1EC9, 0x35CA, 0x4CCB, 0x542C,
    0x442A, 0x3C49, 0x2CA9, 0x2CA8, 0x2C68, 0x1C46, 0x0424, 0x03A2, 0x0463, 0x0D25, 0x03E3, 0x02C2,
    0x02A2, 0x02C2, 0x02C2, 0x02A2, 0x02A2, 0x02A2, 0x02A2, 0x02C2, 0x02E2, 0x02E2, 0x0302, 0x02A2,
    0x02A2, 0x0382, 0x14A6, 0x458B, 0x5E6E, 0x56EE, 0x472C, 0x372B, 0x2ECA, 0x360A, 0x4CEB, 0x444A,
    0x2C28, 0x2427, 0x2447, 0x2C48, 0x2C47, 0x1C46, 0x0C45, 0x0403, 0x03E3, 0x0444, 0x0D25, 0x0424,
    0x0262, 0x0B22, 0x04E4, 0x0DE6, 0x25A8, 0x358A, 0x3E6B, 0x46EC, 0x476C, 0x3F6C, 0x46EC, 0x5DCE,
    0x64AD, 0x444A, 0x1D27, 0x0DE6, 0x04E5, 0x0303, 0x0282, 0x0CA5, 0x0525, 0x03A2, 0x0382, 0x03E3,
    0x03C3, 0x03A3, 0x0383, 0x0383, 0x03A3, 0x03A3, 0x0383, 0x03E3, 0x04A4, 0x0D66, 0x1D67, 0x2D89,
    0x3E2C, 0x56AE, 0x66EF, 0x6EF0, 0x6ED0, 0x7671, 0x6E30, 0x3E8C, 0x16C8, 0x0E47, 0x2528, 0x2406,
    0x0404, 0x0545, 0x04C5, 0x0282, 0x0221, 0x02C2, 0x0322, 0x0343, 0x0323, 0x0323, 0x0322, 0x0343,
    0x0343, 0x02C2, 0x0282, 0x0343, 0x04C4, 0x1D07, 0x544C, 0x74EF, 0x6E70, 0x5F8F, 0x5FEF, 0x5FF0,
    0x5FB0, 0x6ED1, 0x7610, 0x55CD, 0x2DC9, 0x1527, 0x1445, 0x0D46, 0x0D25, 0x0322, 0x02C2, 0x0363,
    0x03A3, 0x03A3, 0x0363, 0x0343, 0x0363, 0x0363, 0x0323, 0x0242, 0x02A2, 0x0464, 0x1CE6, 0x34C9,
    0x354A, 0x2E49, 0x1EE9, 0x36EB, 0x4ECD, 0x668F, 0x7630, 0x7DB0, 0x65AE, 0x364A, 0x1687, 0x1607,
    0x24E8, 0x1C06, 0x0404, 0x0484, 0x0505, 0x0444, 0x02E2, 0x02C2, 0x0343, 0x0322, 0x0322, 0x0302,
    0x02E2, 0x0323, 0x0B23, 0x02A2, 0x0221, 0x0302, 0x0CA4, 0x04A4, 0x03C3, 0x03C3, 0x03E3, 0x0424,
    0x1C26, 0x2487, 0x34E9, 0x552D, 0x75D0, 0x76D1, 0x6790, 0x676F, 0x56CE, 0x35EA, 0x0C44, 0x0302,
    0x0303, 0x0C84, 0x0D65, 0x0484, 0x0403, 0x0403, 0x0403, 0x0423, 0x0403, 0x0403, 0x0484, 0x04E5,
    0x0CA4, 0x0363, 0x0241, 0x02A1, 0x13E4, 0x3508, 0x550C, 0x5D0D, 0x452B, 0x350A, 0x44AB, 0x650D,
    0x662F, 0x5E8F, 0x560D, 0x3569, 0x1465, 0x0342, 0x02A2, 0x0262, 0x02A2, 0x02C2, 0x02C2, 0x02C2,
    0x02A2, 0x02A2, 0x02C2, 0x02C2, 0x0241, 0x02A1, 0x0484, 0x24E7, 0x3CCA, 0x35CA, 0x26A9, 0x2F0A,
    0x46ED, 0x6E4F, 0x7DD0, 0x756F, 0x3E0B, 0x1667, 0x1D87, 0x2447, 0x0BE5, 0x0484, 0x04A4, 0x0BE4,
    0x0322, 0x0302, 0x0322, 0x02C2, 0x0363, 0x0C25, 0x0C04, 0x0322, 0x0282, 0x02A2, 0x02E2, 0x0282,
    0x0201, 0x02E2, 0x0424, 0x0464, 0x0404, 0x03C3, 0x03E3, 0x03E3, 0x03C3, 0x03E3, 0x03E4, 0x2427,
    0x4C8B, 0x45CC, 0x2F2B, 0x374B, 0x0403, 0x03E3, 0x03E3, 0x03C3, 0x0484, 0x0D05, 0x0383, 0x02A2,
    0x0302, 0x0322, 0x0342, 0x0343, 0x0322, 0x0323, 0x0343, 0x0323, 0x0302, 0x02C2, 0x0262, 0x0282,
    0x0363, 0x0464, 0x0464, 0x03C3, 0x03E3, 0x0403, 0x03C3, 0x03C3, 0x03C3, 0x03C3, 0x0403, 0x0C24,
    0x1445, 0x1C66, 0x1C06, 0x13A5, 0x0C24, 0x0423, 0x03C3, 0x0484, 0x2D48, 0x5DAE, 0x666F, 0x4F0D,
    0x372B, 0x2749, 0x1EE9, 0x35EA, 0x4CEB, 0x5C4C, 0x4C2B, 0x446A, 0x34E9, 0x2D08, 0x2CA8, 0x2C67,
    0x1445, 0x03C3, 0x0423, 0x0D24, 0x0C24, 0x02C2, 0x0282, 0x0242, 0x0242, 0x0262, 0x0262, 0x0282,
    0x02A2, 0x02C2, 0x02E2, 0x02C2, 0x0282, 0x0261, 0x02C2, 0x02E2, 0x02A2, 0x0242, 0x02C2, 0x0403,
    0x0CE5, 0x2487, 0x3C29, 0x4C8B, 0x54AC, 0x548C, 0x4C8C, 0x44AA, 0x44AA, 0x54AB, 0x6CCE, 0x7550,
    0x75CF, 0x65CE, 0x652E, 0x5C8C, 0x3408, 0x0BC4, 0x03A3, 0x03C3, 0x0C04, 0x0C44, 0x0444, 0x0424,
    0x0444, 0x0444, 0x0C64, 0x0C64, 0x0C64, 0x0C04, 0x0323, 0x0282, 0x02A1, 0x0362, 0x03A3, 0x0383,
    0x0383, 0x03C2, 0x0382, 0x0302, 0x02E2, 0x02E2, 0x02C2, 0x0262, 0x02A2, 0x0BE4, 0x0C84, 0x0CA4,
    0x0C84, 0x0464, 0x0464, 0x0484, 0x0484, 0x0444, 0x0C44, 0x0C64, 0x0423, 0x0382, 0x0302, 0x0322,
    0x0383, 0x03A3, 0x0343, 0x02C2, 0x0282, 0x02A2, 0x02A2, 0x0241, 0x02C2, 0x0C64, 0x0C64, 0x0382,
    0x03C2, 0x03E2, 0x03E3, 0x03E2, 0x0402, 0x0402, 0x0424, 0x1C46, 0x24A7, 0x1D47, 0x1527, 0x14C6,
    0x0CA5, 0x0D05, 0x04C4, 0x0323, 0x02A2, 0x02A2, 0x0221, 0x02C2, 0x0C04, 0x0484, 0x0423, 0x03A3,
    0x03C3, 0x03C3, 0x03C3, 0x03C3, 0x03C3, 0x03C3, 0x03E3, 0x0404, 0x1425, 0x1C46, 0x1C26, 0x1BE5,
    0x0BA4, 0x0CC4, 0x0D45, 0x03E3, 0x0302, 0x0342, 0x0342, 0x0342, 0x0343, 0x0343, 0x0302, 0x02C2,
    0x02E2, 0x1C86, 0x46AD, 0x4FAE, 0x5ECF, 0x5D2D, 0x444A, 0x1C25, 0x0423, 0x0C24, 0x1405, 0x0C04,
    0x03C3, 0x0463, 0x0484, 0x0383, 0x02E2, 0x0302, 0x0302, 0x02A2, 0x0302, 0x0C84, 0x35AA, 0x5E2E,
    0x572E, 0x476D, 0x3F0C, 0x36AA, 0x3DEB, 0x4CEB, 0x444A, 0x2C27, 0x1446, 0x1C46, 0x2447, 0x2447,
    0x1C26, 0x0C44, 0x0423, 0x03A2, 0x0464, 0x0525, 0x0424, 0x0302, 0x02C2, 0x02E2, 0x0322, 0x0323,
    0x0323, 0x0323, 0x0302, 0x0322, 0x0323, 0x0342, 0x0322, 0x02C2, 0x0282, 0x0362, 0x1486, 0x45CB,
    0x56EE, 0x478E, 0x476C, 0x46CC, 0x4DEC, 0x550C, 0x4C4B, 0x2C27, 0x0C44, 0x0444, 0x1425, 0x1C26,
    0x1426, 0x0C25, 0x0423, 0x03E3, 0x03E3, 0x0464, 0x0505, 0x03C4, 0x0282, 0x0463, 0x15C6, 0x3529,
    0x5CCD, 0x65AE, 0x570E, 0x57AF, 0x57EF, 0x4FEE, 0x5F2F, 0x75F0, 0x7CEF, 0x4CAB, 0x1CC7, 0x0D26,
    0x0DC6, 0x0464, 0x0282, 0x0BA3, 0x0D05, 0x0CC4, 0x0423, 0x03E3, 0x03E3, 0x03E3, 0x03E3, 0x03C3,
    0x03C3, 0x03E3, 0x0443, 0x0CC4, 0x1CE7, 0x34C9, 0x2D28, 0x1E07, 0x1F08, 0x2F2B, 0x4ECD, 0x664F,
    0x75D0, 0x7590, 0x5DAE, 0x2669, 0x0E67, 0x1DA7, 0x2CC8, 0x1BE6, 0x03C3, 0x0504, 0x0D05, 0x0343,
    0x0241, 0x0221, 0x0282, 0x0282, 0x0262, 0x0262, 0x0262, 0x0282, 0x0282, 0x0201, 0x02C2, 0x0484,
    0x0D25, 0x2CC8, 0x54AC, 0x6D8F, 0x6E90, 0x6750, 0x67B0, 0x67B0, 0x6F31, 0x7671, 0x5E4E, 0x2E8A,
    0x1688, 0x1D47, 0x1BE6, 0x0CA5, 0x0544, 0x0403, 0x0282, 0x0221, 0x02A2, 0x02C2, 0x0282, 0x0282,
    0x02A2, 0x0282, 0x0261, 0x0221, 0x0322, 0x0D25, 0x3CC9, 0x5C6C, 0x45CB, 0x26E9, 0x0F47, 0x1768,
    0x36EB, 0x5E0D, 0x7530, 0x7CB0, 0x5D0D, 0x2DA9, 0x1DC7, 0x2548, 0x2C68, 0x1406, 0x0423, 0x0423,
    0x0D05, 0x04A4, 0x02E2, 0x02A2, 0x0343, 0x0323, 0x02C2, 0x0302, 0x0C65, 0x1D87, 0x1D87, 0x0C65,
    0x02C2, 0x0261, 0x03A3, 0x0CE4, 0x0CC4, 0x03C3, 0x03A2, 0x0403, 0x2447, 0x2507, 0x25C8, 0x3E2B,
    0x668F, 0x6F51, 0x5FEF, 0x4FAE, 0x3EEC, 0x1E08, 0x0444, 0x02A2, 0x0262, 0x0B83, 0x0C84, 0x0CA5,
    0x0C84, 0x0464, 0x0464, 0x0464, 0x0C64, 0x0C64, 0x0C84, 0x0C44, 0x03A3, 0x0262, 0x0201, 0x02C2,
    0x0C04, 0x1485, 0x2426, 0x23E7, 0x2406, 0x1C06, 0x2BE7, 0x444A, 0x456B, 0x3DCA, 0x2D89, 0x2527,
    0x0C64, 0x0382, 0x02E2, 0x02A2, 0x0282, 0x0262, 0x0261, 0x0262, 0x0282, 0x02A2, 0x0282, 0x0282,
    0x0261, 0x0342, 0x0D05, 0x450B, 0x5CCD, 0x3E6B, 0x0F68, 0x0F68, 0x2ECA, 0x5D8E, 0x74AF, 0x64AD,
    0x3D2A, 0x2568, 0x2CC8, 0x1C26, 0x0404, 0x0443, 0x0CA4, 0x0C24, 0x0323, 0x0282, 0x0302, 0x0C45,
    0x1D87, 0x2629, 0x25E9, 0x1D47, 0x0C44, 0x02E2, 0x02C2, 0x02C2, 0x0242, 0x02C2, 0x03E3, 0x0464,
    0x0404, 0x03A3, 0x03C3, 0x03C3, 0x03C3, 0x03E3, 0x0403, 0x1425, 0x3C8A, 0x3DAB, 0x1F29, 0x1768,
    0x03E3, 0x03E3, 0x03C3, 0x03C3, 0x0484, 0x0D05, 0x0363, 0x0282, 0x0322, 0x0342, 0x0343, 0x0363,
    0x0363, 0x0363, 0x0363, 0x0323, 0x0322, 0x02E2, 0x0262, 0x0282, 0x03A4, 0x04A4, 0x0464, 0x03C3,
    0x03E3, 0x0423, 0x03E3, 0x03C3, 0x03C3, 0x03C3, 0x03E3, 0x0403, 0x0403, 0x0404, 0x03E4, 0x03C3,
    0x0444, 0x03E3, 0x0322, 0x0C44, 0x2DC9, 0x564E, 0x572E, 0x478D, 0x3F0C, 0x3EAB, 0x3E0B, 0x4D0B,
    0x4C4A, 0x3428, 0x2447, 0x2447, 0x2C48, 0x2C48, 0x2C47, 0x1445, 0x0444, 0x03C3, 0x0423, 0x0D25,
    0x0C24, 0x02C2, 0x02A2, 0x02E2, 0x02E2, 0x02C2, 0x02A2, 0x02C2, 0x02A2, 0x02A2, 0x02A2, 0x02E2,
    0x0302, 0x0302, 0x02E2, 0x02E2, 0x0282, 0x0221, 0x02C2, 0x03E4, 0x04A4, 0x0463, 0x0424, 0x1465,
    0x2467, 0x2428, 0x2C08, 0x2C07, 0x2C07, 0x3C09, 0x544C, 0x5CED, 0x4DCC, 0x460B, 0x3D8B, 0x34CA,
    0x2447, 0x0C04, 0x03A3, 0x02A2, 0x0242, 0x02C2, 0x0302, 0x02E2, 0x02E2, 0x0323, 0x0363, 0x0343,
    0x0302, 0x0282, 0x0262, 0x0302, 0x03E3, 0x0C84, 0x0CE5, 0x1505, 0x0D05, 0x0CE5, 0x0484, 0x03C3,
    0x0323, 0x02E2, 0x02E2, 0x02C2, 0x0262, 0x0262, 0x0B23, 0x0BE3, 0x0C24, 0x0404, 0x0404, 0x0C24,
    0x0444, 0x0C44, 0x0C44, 0x0BE3, 0x03C3, 0x03E3, 0x0464, 0x04C4, 0x04C4, 0x04A4, 0x0444, 0x03A3,
    0x0302, 0x0282, 0x0282, 0x0261, 0x0302, 0x0C64, 0x0444, 0x0383, 0x03C3, 0x03C3, 0x03C3, 0x03C3,
    0x03C3, 0x03E3, 0x0404, 0x0C25, 0x1C46, 0x2447, 0x1BE6, 0x13E5, 0x0CA5, 0x04C5, 0x03E3, 0x02C2,
    0x02A2, 0x02A2, 0x0221, 0x0303, 0x0C64, 0x0463, 0x0403, 0x03C3, 0x03E3, 0x0403, 0x03E3, 0x03E3,
    0x03C3, 0x03C3, 0x03C3, 0x03E3, 0x0423, 0x0423, 0x03E3, 0x03E3, 0x0464, 0x0504, 0x0CA4, 0x0343,
    0x02E2, 0x0363, 0x0343, 0x0343, 0x0363, 0x0343, 0x0303, 0x02A2, 0x02C1, 0x1466, 0x464C, 0x66AF,
    0x6DAF, 0x546B, 0x2426, 0x0403, 0x0403, 0x03E3, 0x0403, 0x03E3, 0x03A2, 0x0443, 0x04A4, 0x0383,
    0x02C2, 0x02E2, 0x02E2, 0x02A2, 0x02E2, 0x0C84, 0x35AA, 0x568E, 0x4FAE, 0x47AD, 0x4EAD, 0x55CC,
    0x54EC, 0x4C4B, 0x2C27, 0x0C44, 0x0443, 0x0444, 0x1425, 0x0C25, 0x0424, 0x0423, 0x0403, 0x03A3,
    0x0464, 0x0525, 0x0424, 0x0302, 0x02A2, 0x02C2, 0x0302, 0x0302, 0x0302, 0x0322, 0x0342, 0x0343,
    0x0322, 0x0322, 0x0323, 0x02C2, 0x0282, 0x0342, 0x1485, 0x45CB, 0x570E, 0x4FAE, 0x474D, 0x562D,
    0x64EE, 0x5C4C, 0x3429, 0x1425, 0x0443, 0x0423, 0x0423, 0x0424, 0x0424, 0x0423, 0x0403, 0x03C3,
    0x03E3, 0x0444, 0x0484, 0x0BE4, 0x03A3, 0x0564, 0x1D87, 0x4C0B, 0x74AF, 0x7631, 0x6770, 0x5FF0,
    0x5FF0, 0x5FD0, 0x6EF0, 0x7630, 0x5DED, 0x2E2A, 0x1D47, 0x1C26, 0x0D46, 0x0545, 0x0363, 0x02C2,
    0x0BE3, 0x0D45, 0x0CE4, 0x0443, 0x0444, 0x0444, 0x0444, 0x0444, 0x0424, 0x0484, 0x0504, 0x1526,
    0x3C69, 0x540B, 0x3D4A, 0x1EC8, 0x1768, 0x1748, 0x36AB, 0x5DAE, 0x74EF, 0x6CAE, 0x4D0C, 0x25A9,
    0x1DA7, 0x2CE8, 0x2467, 0x13E5, 0x03C2, 0x04C4, 0x0CE5, 0x03A3, 0x02C2, 0x02A2, 0x02C2, 0x02C2,
    0x02A2, 0x02C2, 0x02C2, 0x02C2, 0x02A2, 0x02C2, 0x0403, 0x0D65, 0x24E7, 0x34C8, 0x35EA, 0x3E8B,
    0x4EAD, 0x66EF, 0x670F, 0x6ED0, 0x7651, 0x6E10, 0x466C, 0x16C8, 0x1627, 0x2507, 0x1C27, 0x0BE4,
    0x04C3, 0x0D25, 0x0363, 0x0201, 0x0282, 0x02A2, 0x0282, 0x02A2, 0x02C2, 0x02A2, 0x02A2, 0x02C2,
    0x03E3, 0x1D46, 0x54EC, 0x74CF, 0x4E2D, 0x272A, 0x1768, 0x0F48, 0x2E89, 0x4D6C, 0x648D, 0x642D,
    0x4C8B, 0x34E9, 0x2CE8, 0x2C88, 0x2447, 0x0C25, 0x0403, 0x0403, 0x0CE5, 0x04A4, 0x02C2, 0x0282,
    0x0303, 0x02E2, 0x02A2, 0x0BE4, 0x2649, 0x3F0B, 0x36AB, 0x2E09, 0x1465, 0x02C2, 0x02A2, 0x0C24,
    0x0D25, 0x0C44, 0x03E2, 0x03E3, 0x1C06, 0x1CE7, 0x1E07, 0x2E8A, 0x5E8E, 0x76D1, 0x578F, 0x3F2C,
    0x2E29, 0x0D05, 0x0383, 0x0262, 0x0262, 0x0282, 0x02E2, 0x0BE4, 0x0C24, 0x0C04, 0x03E4, 0x03C4,
    0x03E4, 0x03E4, 0x03A3, 0x0302, 0x0282, 0x0242, 0x0262, 0x02C2, 0x03C3, 0x0443, 0x03E2, 0x03C2,
    0x03E2, 0x0402, 0x0404, 0x1466, 0x24E7, 0x1D06, 0x0CE5, 0x0D05, 0x0444, 0x0362, 0x0302, 0x0302,
    0x0323, 0x0303, 0x0302, 0x02E2, 0x0302, 0x0302, 0x0303, 0x0303, 0x02E2, 0x0382, 0x1CE6, 0x554C,
    0x6D8F, 0x46AC, 0x1F69, 0x1728, 0x2E2A, 0x4CEB, 0x542B, 0x3C29, 0x3468, 0x2C68, 0x2467, 0x0C05,
    0x0403, 0x0423, 0x0CA4, 0x0C44, 0x02C2, 0x0282, 0x0C04, 0x2628, 0x36CB, 0x3E4B, 0x3E2B, 0x366B,
    0x25E8, 0x0C04, 0x02E2, 0x02A2, 0x0262, 0x02C2, 0x03C4, 0x0464, 0x0423, 0x0383, 0x03A3, 0x03C3,
    0x03C3, 0x0403, 0x0423, 0x1425, 0x3C4A, 0x456B, 0x26E9, 0x1769, 0x03C3, 0x03C3, 0x03C3, 0x03E3,
    0x04A4, 0x04E5, 0x0343, 0x0262, 0x0322, 0x0362, 0x0363, 0x0383, 0x0383, 0x0383, 0x0363, 0x0342,
    0x0322, 0x0303, 0x0282, 0x0282, 0x0343, 0x0CC5, 0x04C5, 0x0382, 0x0383, 0x0403, 0x03E3, 0x03C3,
    0x03C3, 0x03C3, 0x03E3, 0x03E3, 0x03C3, 0x03A3, 0x0403, 0x04A4, 0x0444, 0x0322, 0x02A2, 0x0C24,
    0x35EA, 0x568E, 0x4F8E, 0x3FAC, 0x4EAD, 0x55CD, 0x5CED, 0x4C4B, 0x2C27, 0x0C44, 0x0443, 0x0C44,
    0x1425, 0x1426, 0x0C25, 0x0424, 0x0423, 0x03A3, 0x0443, 0x0D25, 0x0424, 0x02C2, 0x02A2, 0x02C2,
    0x02E2, 0x02C2, 0x02C2, 0x02E2, 0x02E2, 0x0302, 0x0322, 0x0342, 0x0362, 0x0323, 0x02E2, 0x02E2,
    0x0282, 0x0221, 0x02C2, 0x0BE3, 0x04A4, 0x0423, 0x03A2, 0x03E3, 0x0403, 0x0403, 0x0403, 0x0423,
    0x0423, 0x1425, 0x3428, 0x3CEA, 0x25E8, 0x1667, 0x1627, 0x1546, 0x14A5, 0x0464, 0x0403, 0x0302,
    0x0242, 0x0282, 0x0282, 0x0282, 0x0282, 0x0282, 0x02A2, 0x02C2, 0x02A2, 0x02A2, 0x0322, 0x0444,
    0x1547, 0x2DC9, 0x366B, 0x36CB, 0x368A, 0x3D8A, 0x3509, 0x1526, 0x0423, 0x0322, 0x02E2, 0x02E2,
    0x02C2, 0x02A2, 0x0282, 0x0282, 0x02A2, 0x02C2, 0x02A2, 0x0262, 0x02A2, 0x0BA3, 0x0CC4, 0x0D45,
    0x1546, 0x1586, 0x15A7, 0x1DA7, 0x1DA7, 0x15A6, 0x0DC5, 0x05C5, 0x04C4, 0x0323, 0x0202, 0x0262,
    0x03A3, 0x0484, 0x0444, 0x03C3, 0x03E3, 0x03E3, 0x03E3, 0x03C3, 0x03C3, 0x03C3, 0x03E3, 0x0403,
    0x0423, 0x0403, 0x03A3, 0x0424, 0x0545, 0x0444, 0x0282, 0x0261, 0x02C2, 0x02A2, 0x0221, 0x0343,
    0x0CA4, 0x0463, 0x03E3, 0x03C3, 0x0403, 0x0423, 0x0403, 0x03E3, 0x03C3, 0x03C3, 0x03C3, 0x0403,
    0x0403, 0x03C3, 0x0382, 0x0423, 0x0D45, 0x0CC4, 0x0362, 0x0322, 0x0343, 0x0363, 0x0343, 0x0343,
    0x0363, 0x0343, 0x0303, 0x02A2, 0x02A1, 0x0C24, 0x3D6A, 0x64EE, 0x548C, 0x1C66, 0x0403, 0x03C3,
    0x03C3, 0x03C3, 0x03C3, 0x03A3, 0x0363, 0x0444, 0x04A4, 0x0363, 0x02A2, 0x0302, 0x0302, 0x0282,
    0x02C2, 0x0C65, 0x35AA, 0x568E, 0x47AD, 0x476D, 0x5DEE, 0x6CCE, 0x5C4C, 0x3428, 0x0C24, 0x0423,
    0x0403, 0x0403, 0x0403, 0x0403, 0x0403, 0x0403, 0x03E3, 0x03A3, 0x0464, 0x0525, 0x0404, 0x02C2,
    0x02A2, 0x0B23, 0x0343, 0x02E2, 0x02E2, 0x0322, 0x0383, 0x0383, 0x0342, 0x0322, 0x0322, 0x02C2,
    0x0282, 0x0321, 0x1465, 0x3DCB, 0x56CE, 0x570E, 0x5E6E, 0x6D2E, 0x644D, 0x3C29, 0x1425, 0x0423,
    0x0403, 0x03E3, 0x03E3, 0x03E3, 0x03E3, 0x03E3, 0x03E3, 0x03C3, 0x0403, 0x0444, 0x0424, 0x0C64,
    0x0D05, 0x1506, 0x24E7, 0x3D2A, 0x55CD, 0x666F, 0x6EF0, 0x6770, 0x6790, 0x6F30, 0x7E71, 0x664F,
    0x368A, 0x1687, 0x1587, 0x2446, 0x0C65, 0x0525, 0x0CC4, 0x02C2, 0x0242, 0x0BC4, 0x0C64, 0x0C84,
    0x0C64, 0x0464, 0x0464, 0x0C64, 0x0C24, 0x0463, 0x04C4, 0x1C66, 0x4C2B, 0x64AD, 0x460C, 0x2749,
    0x1768, 0x1708, 0x360A, 0x54EC, 0x644C, 0x542B, 0x3C6A, 0x34C9, 0x2CA9, 0x2C68, 0x1C46, 0x0404,
    0x03C2, 0x0484, 0x0CE5, 0x0404, 0x0302, 0x02A2, 0x0302, 0x0302, 0x02E2, 0x0303, 0x0323, 0x02C2,
    0x02A2, 0x03A3, 0x0CC5, 0x2508, 0x44CA, 0x3D4A, 0x1EA9, 0x1F28, 0x2F0A, 0x46ED, 0x666E, 0x75D0,
    0x7D70, 0x5D8E, 0x2E2A, 0x0E67, 0x1DA7, 0x2CA8, 0x1C46, 0x03C3, 0x0463, 0x0D45, 0x0BE3, 0x0282,
    0x02C2, 0x02E2, 0x0302, 0x02E2, 0x0302, 0x02E2, 0x02C2, 0x0302, 0x0403, 0x2548, 0x558D, 0x6DAF,
    0x56AE, 0x374B, 0x1F4A, 0x1EE9, 0x35EA, 0x4CCB, 0x4C2A, 0x3428, 0x2447, 0x2C48, 0x2C48, 0x2426,
    0x1425, 0x0423, 0x03E3, 0x03E3, 0x0CE5, 0x0CC4, 0x02C2, 0x0262, 0x02A2, 0x0261, 0x0383, 0x1D67,
    0x3E4B, 0x4D6B, 0x4CAB, 0x4D6B, 0x35EA, 0x14C6, 0x02C2, 0x02A2, 0x0C24, 0x0D25, 0x04C4, 0x03E3,
    0x0BA4, 0x1C46, 0x1D67, 0x2629, 0x5DAE, 0x7D90, 0x4E4D, 0x2669, 0x0D66, 0x03C3, 0x0281, 0x0262,
    0x0282, 0x02A2, 0x02C2, 0x02A2, 0x0282, 0x02A2, 0x0282, 0x02A2, 0x02A2, 0x02A2, 0x02A2, 0x02C2,
    0x02C2, 0x0282, 0x0262, 0x02E3, 0x03C3, 0x0423, 0x03C3, 0x03C3, 0x03E3, 0x03C3, 0x03E3, 0x0424,
    0x0C25, 0x0C04, 0x0C44, 0x0CC4, 0x0423, 0x0322, 0x0343, 0x0342, 0x0342, 0x0343, 0x0363, 0x0322,
    0x02C2, 0x02C2, 0x02E2, 0x0303, 0x02E2, 0x0383, 0x24E7, 0x4DEC, 0x5E8F, 0x4F2E, 0x2F4B, 0x366A,
    0x4D2B, 0x4449, 0x2426, 0x0C45, 0x1445, 0x1C26, 0x0C25, 0x0403, 0x03E3, 0x0403, 0x04C4, 0x0464,
    0x0241, 0x0B43, 0x25C8, 0x366A, 0x3D8A, 0x3469, 0x2C68, 0x352A, 0x3DCA, 0x25A8, 0x0C04, 0x0281,
    0x0261, 0x02E2, 0x03A4, 0x0484, 0x0424, 0x0363, 0x03A3, 0x03C3, 0x03E3, 0x0424, 0x0C24, 0x2427,
    0x544B, 0x5D2D, 0x4E8D, 0x470D, 0x03E3, 0x0383, 0x0342, 0x0444, 0x04E5, 0x0464, 0x0303, 0x02A2,
    0x0322, 0x0322, 0x0303, 0x0323, 0x0323, 0x0323, 0x0323, 0x0303, 0x02E2, 0x02E2, 0x02E2, 0x0282,
    0x02A2, 0x0C44, 0x0D25, 0x0484, 0x0403, 0x03E3, 0x03E3, 0x03C3, 0x03A3, 0x0383, 0x03A3, 0x03C3,
    0x0403, 0x0464, 0x0CA4, 0x0C44, 0x0363, 0x0282, 0x02A2, 0x0C45, 0x35CA, 0x568E, 0x4F6E, 0x4F2D,
    0x65EE, 0x6CCE, 0x544C, 0x3428, 0x0C25, 0x0443, 0x0422, 0x0423, 0x0424, 0x0424, 0x0423, 0x0423,
    0x0403, 0x03A3, 0x0444, 0x0D45, 0x0403, 0x02A2, 0x0282, 0x02C2, 0x02E2, 0x02E2, 0x02E2, 0x0302,
    0x0323, 0x0323, 0x02E2, 0x02E2, 0x0302, 0x0302, 0x0302, 0x02E2, 0x0282, 0x0221, 0x02C2, 0x03E3,
    0x04A4, 0x0403, 0x0383, 0x03A3, 0x03C3, 0x03E2, 0x03E2, 0x0402, 0x0422, 0x0444, 0x1C46, 0x2CA8,
    0x2548, 0x15C7, 0x1567, 0x14A5, 0x0C85, 0x04A4, 0x0424, 0x0323, 0x02A2, 0x02A2, 0x02C2, 0x02A2,
    0x02A2, 0x02A2, 0x02A2, 0x02C2, 0x02C2, 0x0322, 0x0463, 0x1CE7, 0x454B, 0x662E, 0x576F, 0x4FEF,
    0x5F4F, 0x65CE, 0x452B, 0x1D66, 0x0504, 0x03E4, 0x0322, 0x0302, 0x0322, 0x0302, 0x02A2, 0x0282,
    0x0282, 0x0262, 0x0221, 0x0282, 0x03C3, 0x04E4, 0x1566, 0x25C8, 0x2E29, 0x2EAA, 0x2ECA, 0x2EAA,
    0x364A, 0x3D8B, 0x352A, 0x1D47, 0x0DC6, 0x04E4, 0x02E2, 0x0262, 0x03A3, 0x04E4, 0x0463, 0x0362,
    0x03E3, 0x0423, 0x03E3, 0x03C3, 0x03C3, 0x03C3, 0x03C3, 0x03C3, 0x03C3, 0x03E2, 0x0483, 0x04C4,
    0x0423, 0x0363, 0x0343, 0x0B83, 0x0343, 0x0282, 0x0241, 0x02E2, 0x0C44, 0x0D25, 0x0464, 0x0362,
    0x03A3, 0x03C3, 0x03A3, 0x0383, 0x0383, 0x0383, 0x0383, 0x0383, 0x03A3, 0x03E3, 0x04A4, 0x0D25,
    0x0CC4, 0x03A3, 0x02E2, 0x0343, 0x0383, 0x0363, 0x0363, 0x0363, 0x0363, 0x0363, 0x0323, 0x02C2,
    0x0261, 0x0BA3, 0x24E7, 0x3488, 0x2406, 0x0403, 0x03E2, 0x03C3, 0x03C3, 0x03E3, 0x03A3, 0x0383,
    0x03E3, 0x0484, 0x0C64, 0x0302, 0x02A2, 0x0323, 0x0323, 0x0282, 0x02A2, 0x0464, 0x2D89, 0x5E0E,
    0x5ECF, 0x664F, 0x6D0F, 0x5C6D, 0x3C49, 0x1445, 0x0423, 0x0403, 0x03C3, 0x03E3, 0x03E3, 0x03E3,
    0x03C3, 0x03E4, 0x03E3, 0x03A3, 0x0464, 0x0D05, 0x03C3, 0x0B43, 0x1C66, 0x1D67, 0x1587, 0x0CE5,
    0x0C03, 0x0322, 0x02E2, 0x0343, 0x0363, 0x0342, 0x0322, 0x02C2, 0x0282, 0x0302, 0x0C44, 0x35A9,
    0x65CE, 0x7D90, 0x754F, 0x5CAD, 0x3C6A, 0x1466, 0x0443, 0x0403, 0x03E3, 0x03C3, 0x03C3, 0x03C3,
    0x03C3, 0x03C3, 0x03C3, 0x03C3, 0x03C3, 0x0403, 0x0C64, 0x0D25, 0x1547, 0x3488, 0x34E9, 0x2E49,
    0x2ECA, 0x3ECC, 0x56CE, 0x66CF, 0x6EB0, 0x7650, 0x6DF0, 0x464C, 0x16C8, 0x0E67, 0x1D47, 0x2447,
    0x0BC4, 0x04C4, 0x0D45, 0x0343, 0x0201, 0x02A2, 0x0322, 0x0363, 0x0343, 0x0343, 0x0343, 0x0343,
    0x0AE3, 0x0342, 0x0403, 0x2447, 0x54AC, 0x5DED, 0x4ECD, 0x2F4B, 0x272A, 0x2E69, 0x454B, 0x4C6B,
    0x3C29, 0x2447, 0x2447, 0x2C48, 0x2C48, 0x1C26, 0x0C44, 0x0403, 0x03C2, 0x0464, 0x04C5, 0x0444,
    0x0322, 0x02A2, 0x0322, 0x0342, 0x0322, 0x0343, 0x0343, 0x02E2, 0x02C2, 0x0443, 0x1526, 0x44AB,
    0x5CED, 0x45EC, 0x1F09, 0x0F67, 0x1748, 0x2ECB, 0x55CD, 0x74EF, 0x748F, 0x54EC, 0x2D69, 0x2588,
    0x2CE8, 0x2C48, 0x0C25, 0x03A3, 0x0443, 0x0D25, 0x0C24, 0x02E2, 0x0302, 0x0323, 0x0343, 0x0343,
    0x0342, 0x0303, 0x02C3, 0x0302, 0x0403, 0x2548, 0x4E0D, 0x5E8E, 0x4F2E, 0x3F4C, 0x36EB, 0x3E2B,
    0x4D0C, 0x444B, 0x2427, 0x0C44, 0x0C44, 0x1445, 0x1426, 0x0C25, 0x0423, 0x0403, 0x03C3, 0x03C3,
    0x0CE4, 0x0CC4, 0x02C2, 0x0262, 0x0262, 0x0241, 0x1485, 0x362A, 0x4D2B, 0x3C09, 0x33C8, 0x442A,
    0x4D4C, 0x3DAA, 0x1486, 0x02E2, 0x02A1, 0x0C43, 0x0D05, 0x04A4, 0x0C64, 0x1485, 0x1CE7, 0x2548,
    0x4D2B, 0x552C, 0x2DC9, 0x1566, 0x0CE5, 0x14C5, 0x14A5, 0x0C44, 0x0343, 0x02A2, 0x0261, 0x0262,
    0x0282, 0x0282, 0x0262, 0x0262, 0x0282, 0x0282, 0x02C2, 0x0302, 0x0322, 0x02C2, 0x0282, 0x0303,
    0x0C04, 0x0C64, 0x03A3, 0x0383, 0x03C3, 0x03A3, 0x03A3, 0x03A3, 0x03C3, 0x0C24, 0x0C84, 0x0424,
    0x03A3, 0x0342, 0x0363, 0x0383, 0x0363, 0x0342, 0x0302, 0x0322, 0x03C3, 0x03C3, 0x0342, 0x02C2,
    0x02A1, 0x0363, 0x24C7, 0x464C, 0x4F4E, 0x478D, 0x46CD, 0x556D, 0x546C, 0x2C28, 0x0443, 0x0423,
    0x0424, 0x0403, 0x0403, 0x03E3, 0x03E3, 0x0403, 0x04A4, 0x0444, 0x02C2, 0x1445, 0x364A, 0x454B,
    0x3429, 0x1BE6, 0x0C05, 0x1C26, 0x34C9, 0x3DEB, 0x2548, 0x0363, 0x0241, 0x0262, 0x0383, 0x04C4,
    0x0464, 0x0343, 0x03A3, 0x0403, 0x0403, 0x0C25, 0x1C47, 0x3C69, 0x648D, 0x7570, 0x6E90, 0x674F,
    0x03C3, 0x0362, 0x0383, 0x0CE5, 0x0D05, 0x0383, 0x02C2, 0x02E2, 0x0302, 0x0343, 0x0343, 0x0363,
    0x0363, 0x0363, 0x0363, 0x0343, 0x0322, 0x02E2, 0x0302, 0x02A2, 0x0262, 0x0323, 0x0C84, 0x0D25,
    0x04A4, 0x0423, 0x0423, 0x0404, 0x03E3, 0x03C3, 0x03E3, 0x0423, 0x0484, 0x0CE5, 0x0C64, 0x0323,
    0x02A2, 0x0261, 0x02C2, 0x0C44, 0x3589, 0x5DEE, 0x666F, 0x660F, 0x6CEE, 0x5C6C, 0x3448, 0x1445,
    0x0424, 0x0403, 0x03E3, 0x03E3, 0x03E3, 0x03E3, 0x03E3, 0x03E3, 0x03E3, 0x03A3, 0x0444, 0x0D25,
    0x03C3, 0x0262, 0x0282, 0x02C2, 0x02E2, 0x02E2, 0x02E2, 0x02E2, 0x02E2, 0x02E2, 0x0302, 0x0323,
    0x0322, 0x0302, 0x02E2, 0x02E2, 0x0282, 0x0221, 0x0303, 0x0C44, 0x0464, 0x0403, 0x03A3, 0x03A3,
    0x03C3, 0x03C3, 0x03C3, 0x03C3, 0x03E3, 0x0404, 0x1425, 0x1C47, 0x2C68, 0x2488, 0x2427, 0x1BE5,
    0x14A5, 0x0CE4, 0x03C3, 0x0302, 0x0302, 0x0302, 0x0322, 0x0302, 0x0322, 0x0322, 0x0322, 0x0303,
    0x0322, 0x03E3, 0x0D25, 0x2D29, 0x554C, 0x6E6F, 0x6790, 0x67B0, 0x76F1, 0x5E2F, 0x358A, 0x1CE6,
    0x0D05, 0x0CA5, 0x0363, 0x0322, 0x0343, 0x0322, 0x0322, 0x0322, 0x0323, 0x02A2, 0x02E2, 0x0444,
    0x0DA6, 0x25C8, 0x3D6A, 0x45CC, 0x46CD, 0x4F2D, 0x478D, 0x476D, 0x568E, 0x6D2F, 0x642E, 0x3429,
    0x1566, 0x0DE6, 0x0CA4, 0x0AE3, 0x0303, 0x0D04, 0x0CC4, 0x03A3, 0x03C3, 0x0403, 0x03E3, 0x03C3,
    0x03A3, 0x03A3, 0x03A3, 0x03C3, 0x03E3, 0x0443, 0x0CC4, 0x0C64, 0x0B43, 0x13C4, 0x1D47, 0x1D87,
    0x1485, 0x0303, 0x0281, 0x0261, 0x0363, 0x0D25, 0x0D05, 0x03E3, 0x03C3, 0x03C3, 0x03C3, 0x03A3,
    0x03A3, 0x03A3, 0x03A3, 0x03A3, 0x03E3, 0x0484, 0x0D25, 0x0CC5, 0x0362, 0x02E2, 0x0343, 0x0363,
    0x0363, 0x0362, 0x0362, 0x0363, 0x0363, 0x0363, 0x0343, 0x02E2, 0x0262, 0x02E3, 0x0424, 0x04C4,
    0x0463, 0x03A3, 0x03A3, 0x03C3, 0x03E3, 0x03E3, 0x03A3, 0x03C3, 0x0484, 0x0C84, 0x0B83, 0x02C2,
    0x02C2, 0x0322, 0x0323, 0x0282, 0x0282, 0x0443, 0x2548, 0x5D4D, 0x7570, 0x7510, 0x5C8D, 0x3488,
    0x0C65, 0x0424, 0x03E3, 0x03E3, 0x03E3, 0x03C3, 0x03C3, 0x03C3, 0x03C3, 0x03C3, 0x03C3, 0x0383,
    0x0464, 0x0D04, 0x13E4, 0x1C46, 0x2E29, 0x2ECA, 0x2EEA, 0x2ECA, 0x1DC8, 0x0C65, 0x0363, 0x0302,
    0x0322, 0x0322, 0x0322, 0x02E2, 0x02A2, 0x02A2, 0x0403, 0x2587, 0x5CED, 0x744F, 0x648D, 0x3489,
    0x1485, 0x0443, 0x0403, 0x03C3, 0x03C3, 0x03C3, 0x03C3, 0x03C3, 0x03A3, 0x03C3, 0x03C3, 0x03A3,
    0x0383, 0x0403, 0x0524, 0x1566, 0x34C9, 0x548B, 0x4D6B, 0x1EA9, 0x1748, 0x1F49, 0x36EB, 0x5E4E,
    0x7D90, 0x7D50, 0x5D6E, 0x360A, 0x1647, 0x1DA7, 0x2CC8, 0x1C26, 0x03A3, 0x0483, 0x0D25, 0x03C3,
    0x02A2, 0x02A2, 0x0262, 0x0261, 0x0262, 0x0242, 0x0242, 0x0241, 0x01C1, 0x0261, 0x03C3, 0x2CC8,
    0x4DCD, 0x4F0D, 0x476D, 0x3F0C, 0x3E8B, 0x4D8C, 0x4CAB, 0x3C29, 0x1446, 0x0464, 0x0C44, 0x1425,
    0x1425, 0x0424, 0x0423, 0x03E3, 0x03C3, 0x0444, 0x04E5, 0x0C64, 0x0343, 0x02C2, 0x0342, 0x0362,
    0x0362, 0x0363, 0x0343, 0x02E2, 0x02E2, 0x0484, 0x2568, 0x5CCC, 0x6D4F, 0x4E6D, 0x2F2A, 0x1768,
    0x1728, 0x2E4A, 0x4D2C, 0x5C6C, 0x4C4B, 0x3C6A, 0x34A9, 0x2CA8, 0x2C68, 0x1C26, 0x0444, 0x03C2,
    0x0423, 0x0525, 0x0C64, 0x0323, 0x02E2, 0x0322, 0x0363, 0x0363, 0x0343, 0x0302, 0x02E2, 0x02E2,
    0x03C3, 0x2547, 0x4E4C, 0x570E, 0x47AD, 0x472C, 0x562D, 0x554C, 0x546C, 0x3429, 0x0C44, 0x0443,
    0x0423, 0x0423, 0x0424, 0x0403, 0x03E3, 0x03E3, 0x03C3, 0x03C3, 0x04E4, 0x0CC5, 0x02E2, 0x0201,
    0x0221, 0x0B03, 0x2D68, 0x460B, 0x3C29, 0x1BE6, 0x0C45, 0x1BC6, 0x43CA, 0x550C, 0x362A, 0x14A5,
    0x02A1, 0x02C2, 0x0404, 0x0D05, 0x0D24, 0x0CE4, 0x0CE5, 0x1CE6, 0x2527, 0x2527, 0x0D25, 0x0CC5,
    0x1D67, 0x2EAA, 0x2EEA, 0x2608, 0x1CE6, 0x0BA4, 0x02E2, 0x02E2, 0x0302, 0x0322, 0x0322, 0x0323,
    0x0322, 0x0322, 0x0343, 0x0363, 0x0342, 0x02E2, 0x02A2, 0x02E2, 0x0C24, 0x04C4, 0x0403, 0x03C3,
    0x03E3, 0x03C3, 0x03A3, 0x03C3, 0x0423, 0x0CA4, 0x0484, 0x0383, 0x0322, 0x0363, 0x0362, 0x0383,
    0x0363, 0x0322, 0x0363, 0x0C65, 0x1D87, 0x1DA7, 0x14A5, 0x0B63, 0x0281, 0x0302, 0x1CA6, 0x3E4B,
    0x572E, 0x4F4E, 0x5E0E, 0x64AD, 0x3C29, 0x1425, 0x0423, 0x03E3, 0x03E3, 0x03E3, 0x03E3, 0x03C3,
    0x03C3, 0x0403, 0x0464, 0x0444, 0x0BC4, 0x24A7, 0x454B, 0x440A, 0x23C7, 0x04A4, 0x0483, 0x0423,
    0x2426, 0x4CEB, 0x45CB, 0x1D47, 0x0323, 0x0201, 0x0302, 0x0CA4, 0x04C4, 0x03A3, 0x03C3, 0x03E3,
    0x0423, 0x1C46, 0x2CA8, 0x3529, 0x5D4D, 0x7610, 0x6F31, 0x67F0, 0x0362, 0x0383, 0x04A4, 0x0D45,
    0x0C64, 0x02C2, 0x0282, 0x02E2, 0x0322, 0x03E3, 0x0484, 0x04C4, 0x04C4, 0x04C4, 0x04A4, 0x04A4,
    0x0424, 0x0363, 0x02C2, 0x02A2, 0x02C2, 0x0282, 0x0302, 0x03E4, 0x0C65, 0x0C84, 0x0484, 0x0CA4,
    0x0CC4, 0x04A4, 0x0484, 0x04A4, 0x0C84, 0x0BE3, 0x0323, 0x02C2, 0x02C2, 0x0282, 0x0282, 0x0443,
    0x2568, 0x650E, 0x7CF0, 0x74CF, 0x548C, 0x2C68, 0x0C65, 0x0423, 0x0403, 0x03E3, 0x03C3, 0x03C3,
    0x03C3, 0x03C3, 0x03C3, 0x03C3, 0x03E3, 0x03A3, 0x0444, 0x0D05, 0x0383, 0x0221, 0x0282, 0x02A2,
    0x02C2, 0x02E3, 0x02E3, 0x02A2, 0x0261, 0x0302, 0x1445, 0x1D27, 0x14A5, 0x0B63, 0x02C2, 0x02C2,
    0x02A2, 0x0221, 0x0363, 0x0C84, 0x0443, 0x03E3, 0x03C3, 0x03E3, 0x03E3, 0x03C3, 0x03C3, 0x03C3,
    0x03C3, 0x03E3, 0x0403, 0x0C24, 0x0C45, 0x0C05, 0x0BC4, 0x03E4, 0x0D05, 0x0D05, 0x0383, 0x0302,
    0x0362, 0x0342, 0x0342, 0x0342, 0x0342, 0x0363, 0x0322, 0x0302, 0x03C3, 0x1485, 0x3CEA, 0x35AA,
    0x26A9, 0x3F0B, 0x66CF, 0x7E51, 0x6E10, 0x368B, 0x1627, 0x1CA6, 0x0C85, 0x04C4, 0x03C3, 0x0363,
    0x0363, 0x0342, 0x0363, 0x0343, 0x0302, 0x02E3, 0x0404, 0x05C5, 0x2548, 0x544B, 0x750F, 0x668F,
    0x57AF, 0x5FEF, 0x57EF, 0x57CF, 0x66D0, 0x7DB0, 0x652E, 0x352A, 0x14C6, 0x0CE5, 0x0DC6, 0x03E4,
    0x0282, 0x0C44, 0x0D45, 0x04C4, 0x03E3, 0x03A3, 0x03C3, 0x03A3, 0x03A3, 0x03A3, 0x03C3, 0x0424,
    0x04A4, 0x0CC4, 0x0BC3, 0x0B63, 0x1CA6, 0x35CA, 0x462B, 0x364B, 0x25C8, 0x1485, 0x02E2, 0x0221,
    0x02A2, 0x0BA3, 0x0CE5, 0x0D65, 0x0CC5, 0x0464, 0x0484, 0x0484, 0x0484, 0x0464, 0x0444, 0x0CA4,
    0x0D25, 0x0D05, 0x0BE4, 0x02C2, 0x02C2, 0x0343, 0x0383, 0x0383, 0x0383, 0x0363, 0x0363, 0x0383,
    0x0383, 0x0363, 0x0343, 0x0302, 0x02C2, 0x0262, 0x02C2, 0x0C24, 0x0CA4, 0x0423, 0x03A3, 0x03A3,
    0x03E3, 0x03A3, 0x03C3, 0x0444, 0x0C84, 0x0BA3, 0x02A2, 0x02C2, 0x02E2, 0x02E2, 0x0322, 0x02A2,
    0x0282, 0x03E3, 0x1506, 0x44EB, 0x6C4E, 0x5C4C, 0x2CA8, 0x0C84, 0x0423, 0x03E3, 0x03C3, 0x03C3,
    0x03C3, 0x03C3, 0x03C3, 0x03A3, 0x03C3, 0x03C3, 0x03C3, 0x03A3, 0x0443, 0x0D25, 0x1CA6, 0x2507,
    0x25C8, 0x3569, 0x454B, 0x45EC, 0x3E8B, 0x2EA9, 0x1DA7, 0x0BA3, 0x02C1, 0x02E2, 0x0323, 0x0323,
    0x02C2, 0x0222, 0x03A3, 0x0D66, 0x34A8, 0x3C09, 0x2467, 0x0C64, 0x0443, 0x03E3, 0x03A3, 0x03C3,
    0x03C3, 0x03C3, 0x03C3, 0x03C3, 0x03A3, 0x03C3, 0x03C3, 0x0362, 0x0383, 0x0464, 0x0564, 0x1D47,
    0x54AC, 0x6D0E, 0x560D, 0x2709, 0x0F68, 0x1748, 0x2EAA, 0x4DAD, 0x6CCF, 0x746E, 0x54AC, 0x3549,
    0x2568, 0x2CE8, 0x2C68, 0x0C25, 0x03A3, 0x0443, 0x0D25, 0x0424, 0x0302, 0x02E2, 0x02E2, 0x0302,
    0x02E2, 0x02A2, 0x02A2, 0x02A2, 0x0242, 0x02A1, 0x0404, 0x3509, 0x4E6D, 0x4FAE, 0x47AD, 0x4EAD,
    0x55AD, 0x5CAD, 0x442A, 0x1C26, 0x0423, 0x0423, 0x0423, 0x0403, 0x0403, 0x0403, 0x0403, 0x03C3,
    0x03C3, 0x0443, 0x04C5, 0x0C85, 0x0343, 0x02C2, 0x0343, 0x0383, 0x0382, 0x0363, 0x0362, 0x02E2,
    0x02E2, 0x0484, 0x2568, 0x5D4D, 0x662F, 0x4F0E, 0x3F2B, 0x272A, 0x2EAA, 0x3D6B, 0x4C6B, 0x3C29,
    0x1C47, 0x1C46, 0x2C27, 0x2427, 0x1C26, 0x0C44, 0x0443, 0x03A2, 0x0403, 0x0505, 0x0484, 0x0363,
    0x0302, 0x0322, 0x0383, 0x0363, 0x0362, 0x0323, 0x0302, 0x02A2, 0x0363, 0x1D27, 0x4E4C, 0x572E,
    0x47CD, 0x4EED, 0x656E, 0x648D, 0x442A, 0x1C26, 0x0423, 0x0403, 0x03E3, 0x03E3, 0x03E3, 0x03C3,
    0x03C3, 0x03E3, 0x03C3, 0x03C3, 0x04C4, 0x0CC5, 0x02E3, 0x0160, 0x0221, 0x1C66, 0x362A, 0x3DAB,
    0x3408, 0x13C4, 0x0442, 0x0443, 0x33A8, 0x5C4C, 0x4DEC, 0x2E29, 0x14A5, 0x02C2, 0x02C2, 0x03C3,
    0x0C24, 0x0C84, 0x0CC5, 0x0CE5, 0x0D05, 0x0444, 0x0383, 0x14E6, 0x2EAA, 0x368B, 0x3DEB, 0x45CB,
    0x3E2B, 0x2E09, 0x14E6, 0x0342, 0x02A1, 0x0322, 0x0363, 0x0363, 0x0342, 0x0342, 0x0362, 0x0383,
    0x0363, 0x0322, 0x02C2, 0x0282, 0x0383, 0x0CC4, 0x0CC4, 0x0484, 0x0444, 0x0424, 0x0424, 0x0464,
    0x0CA4, 0x0C24, 0x0363, 0x0323, 0x0343, 0x0363, 0x0363, 0x0322, 0x0302, 0x0383, 0x1526, 0x2EAA,
    0x368A, 0x366B, 0x2E09, 0x1CE6, 0x0322, 0x02A1, 0x0C65, 0x35EB, 0x664F, 0x6E30, 0x6D2F, 0x4C4B,
    0x1445, 0x0423, 0x03E3, 0x03C3, 0x03C3, 0x03C3, 0x03C3, 0x03A3, 0x03A3, 0x0403, 0x0423, 0x0C24,
    0x1445, 0x3448, 0x444A, 0x2BE7, 0x0C04, 0x0443, 0x0423, 0x0423, 0x1445, 0x542C, 0x5D6E, 0x3E6B,
    0x1D67, 0x0322, 0x0241, 0x0BC3, 0x0CE5, 0x04A4, 0x03C3, 0x03C2, 0x0C24, 0x2447, 0x1D28, 0x1E28,
    0x462C, 0x668F, 0x6771, 0x5FF0, 0x03A3, 0x04A4, 0x0D45, 0x0C64, 0x02E2, 0x0242, 0x02C2, 0x03C3,
    0x0483, 0x0505, 0x0D66, 0x1586, 0x15A7, 0x1587, 0x1587, 0x0D85, 0x0565, 0x0525, 0x0464, 0x0363,
    0x02C2, 0x0282, 0x02A2, 0x02C2, 0x0343, 0x0363, 0x0383, 0x0383, 0x03A3, 0x03C3, 0x0C04, 0x0BE4,
    0x0362, 0x0281, 0x0261, 0x02C2, 0x0342, 0x02C2, 0x0242, 0x0403, 0x1546, 0x44AA, 0x5C2C, 0x4C2A,
    0x2487, 0x0464, 0x0423, 0x03E3, 0x03C3, 0x03C3, 0x03C3, 0x03C3, 0x03A3, 0x03A3, 0x03A3, 0x03A3,
    0x03A3, 0x03A3, 0x0464, 0x0D05, 0x0323, 0x01C1, 0x0282, 0x02E2, 0x02A2, 0x0261, 0x0241, 0x02C2,
    0x0C04, 0x1547, 0x2649, 0x2EC9, 0x2EA9, 0x1D47, 0x0B43, 0x02C2, 0x0282, 0x0222, 0x0BC4, 0x0CE4,
    0x0403, 0x03C3, 0x03E3, 0x0403, 0x0403, 0x03E3, 0x03E3, 0x03C3, 0x03C3, 0x03E3, 0x0403, 0x0403,
    0x03E3, 0x03A2, 0x0403, 0x04E4, 0x0505, 0x0424, 0x0363, 0x0342, 0x0383, 0x0362, 0x0362, 0x0363,
    0x0362, 0x0383, 0x0342, 0x0302, 0x0403, 0x2D08, 0x5D2D, 0x3E6B, 0x0F88, 0x1F29, 0x55AD, 0x74CF,
    0x550C, 0x2DC9, 0x1587, 0x1C26, 0x0C45, 0x04A3, 0x03E3, 0x0363, 0x0362, 0x0362, 0x0383, 0x0323,
    0x02C2, 0x03E3, 0x0545, 0x0D86, 0x34C8, 0x5C6C, 0x7570, 0x6EB0, 0x6790, 0x5FF0, 0x5FD0, 0x6770,
    0x7691, 0x6E2F, 0x464B, 0x2628, 0x14C6, 0x1446, 0x0D85, 0x04E4, 0x0323, 0x02E3, 0x0C04, 0x0D05,
    0x0CA4, 0x0464, 0x0464, 0x0464, 0x0464, 0x0484, 0x0444, 0x0C24, 0x0C04, 0x13E4, 0x13E4, 0x1C66,
    0x356A, 0x456B, 0x4D0B, 0x4CEB, 0x3D8A, 0x2568, 0x0B83, 0x0282, 0x0282, 0x02A2, 0x03A3, 0x0C84,
    0x0C84, 0x0C64, 0x0464, 0x0464, 0x0464, 0x0464, 0x0C84, 0x0C84, 0x0444, 0x03A3, 0x0B02, 0x0AC2,
    0x0302, 0x0302, 0x0322, 0x0363, 0x03A3, 0x03A3, 0x0383, 0x0383, 0x0382, 0x0383, 0x0343, 0x0322,
    0x0302, 0x02A2, 0x0262, 0x0AC3, 0x0BE4, 0x0C84, 0x0443, 0x03E3, 0x03E3, 0x03E3, 0x0444, 0x0C44,
    0x0B83, 0x02A2, 0x0241, 0x0281, 0x0302, 0x0B02, 0x02E2, 0x0282, 0x0282, 0x0322, 0x0CA5, 0x2568,
    0x2C48, 0x23C6, 0x0464, 0x0443, 0x03E3, 0x03A3, 0x03C3, 0x03C3, 0x03C3, 0x03E3, 0x03C3, 0x03C3,
    0x03E3, 0x0383, 0x0362, 0x0444, 0x04C4, 0x0CC5, 0x1CE7, 0x24E8, 0x3488, 0x43E9, 0x4BCA, 0x4C4B,
    0x550C, 0x4DEC, 0x366A, 0x1DC7, 0x0C44, 0x0302, 0x02A2, 0x02E2, 0x02E3, 0x0262, 0x02E2, 0x0484,
    0x1546, 0x0CC5, 0x03E3, 0x03E2, 0x03E3, 0x03A3, 0x03A3, 0x03A3, 0x03E3, 0x03E3, 0x03C3, 0x03C3,
    0x03E3, 0x03A3, 0x0382, 0x03A3, 0x0403, 0x0444, 0x04E4, 0x2507, 0x5D0D, 0x65CF, 0x4EAD, 0x2F2B,
    0x1F49, 0x1F09, 0x2E2A, 0x4D0C, 0x544C, 0x442A, 0x3C49, 0x3489, 0x2C88, 0x2C68, 0x1C46, 0x0424,
    0x03A2, 0x0423, 0x0D25, 0x0464, 0x0322, 0x02A2, 0x02E2, 0x0342, 0x0343, 0x0343, 0x0323, 0x0302,
    0x0282, 0x02E2, 0x0423, 0x3529, 0x568D, 0x4F8E, 0x4F4D, 0x5E0E, 0x6CEE, 0x544C, 0x2C28, 0x0424,
    0x0403, 0x03E3, 0x0403, 0x03E3, 0x03E3, 0x03E3, 0x03E3, 0x03C3, 0x03C3, 0x0443, 0x04C4, 0x0C85,
    0x0343, 0x02C2, 0x0343, 0x0383, 0x0383, 0x0362, 0x0343, 0x02E2, 0x02E2, 0x0444, 0x2568, 0x55ED,
    0x56EE, 0x478D, 0x472C, 0x3EAB, 0x45CB, 0x54AB, 0x4429, 0x1C26, 0x0444, 0x0444, 0x1425, 0x0C25,
    0x0424, 0x0423, 0x0403, 0x03A3, 0x0403, 0x04E4, 0x04A4, 0x0383, 0x02E3, 0x0323, 0x0383, 0x0383,
    0x0343, 0x0322, 0x0302, 0x0281, 0x0342, 0x1506, 0x460C, 0x5EAF, 0x572E, 0x662F, 0x6CCE, 0x544B,
    0x2447, 0x0444, 0x0403, 0x03E3, 0x03C4, 0x03C3, 0x03A3, 0x03A3, 0x03A3, 0x03C3, 0x03C3, 0x03A3,
    0x04E5, 0x0CA5, 0x0262, 0x0161, 0x0B23, 0x1E07, 0x26A9, 0x2D49, 0x3408, 0x13C5, 0x0462, 0x0483,
    0x2C27, 0x542C, 0x556C, 0x370B, 0x1EA8, 0x0C65, 0x0302, 0x0302, 0x0363, 0x03A3, 0x03C3, 0x03E3,
    0x0383, 0x0322, 0x0343, 0x2588, 0x3EAC, 0x4D0B, 0x4C2B, 0x4C6B, 0x4D0C, 0x4DCC, 0x360A, 0x1D46,
    0x0BC3, 0x02E2, 0x0302, 0x0363, 0x03A3, 0x0383, 0x0363, 0x0382, 0x0383, 0x0363, 0x0302, 0x02C2,
    0x02C2, 0x0B43, 0x0BE3, 0x0403, 0x03C3, 0x03C3, 0x03E3, 0x03C3, 0x0383, 0x0323, 0x0302, 0x0343,
    0x0363, 0x0343, 0x0323, 0x02C2, 0x0363, 0x1D67, 0x366A, 0x460B, 0x3D6A, 0x3529, 0x3569, 0x2588,
    0x13E5, 0x02C2, 0x0403, 0x2D49, 0x654E, 0x74AF, 0x4C8B, 0x1C86, 0x0423, 0x03E2, 0x03C4, 0x03C3,
    0x03C3, 0x03C3, 0x03C3, 0x0363, 0x0383, 0x0484, 0x0444, 0x0BC4, 0x1C45, 0x3428, 0x3BC9, 0x1405,
    0x0403, 0x03E3, 0x03E3, 0x0443, 0x1466, 0x544C, 0x6D2E, 0x4EAD, 0x370B, 0x1D46, 0x0B03, 0x02A2,
    0x03E4, 0x0D25, 0x04A4, 0x0402, 0x03C3, 0x1BE6, 0x1D07, 0x1647, 0x368A, 0x666F, 0x76D1, 0x574F,
    0x0484, 0x0D65, 0x0C64, 0x02C2, 0x0202, 0x02C2, 0x03C3, 0x04A4, 0x0D66, 0x1DC8, 0x2DE9, 0x2E0A,
    0x364A, 0x2E4A, 0x2E29, 0x2DC9, 0x25A8, 0x15C7, 0x0DC6, 0x04C4, 0x0342, 0x02E2, 0x02E2, 0x02A2,
    0x0261, 0x0262, 0x0262, 0x0221, 0x0282, 0x0B64, 0x13E5, 0x13C4, 0x0B63, 0x0303, 0x0302, 0x0302,
    0x0302, 0x02A2, 0x0262, 0x0363, 0x0CC5, 0x1526, 0x1C66, 0x1405, 0x0463, 0x0423, 0x03C3, 0x03A3,
    0x03A3, 0x03C3, 0x03E3, 0x03C3, 0x03C3, 0x03A3, 0x03C3, 0x0383, 0x0363, 0x0423, 0x04E4, 0x0C64,
    0x02A2, 0x01A1, 0x0241, 0x0282, 0x0241, 0x0241, 0x02E2, 0x1465, 0x2E29, 0x36AB, 0x3E4B, 0x3E2B,
    0x3EEB, 0x2E8A, 0x1486, 0x0322, 0x0261, 0x0242, 0x03C3, 0x04E4, 0x0484, 0x03E3, 0x03A3, 0x03E3,
    0x03E3, 0x03E3, 0x03C3, 0x03A3, 0x03A3, 0x03C3, 0x03E3, 0x03C3, 0x03C3, 0x0403, 0x0CC4, 0x0D45,
    0x0444, 0x0342, 0x0363, 0x03A3, 0x0383, 0x0383, 0x0383, 0x0383, 0x0383, 0x0383, 0x0342, 0x0302,
    0x0C04, 0x356A, 0x5E4E, 0x472C, 0x274A, 0x362A, 0x44CB, 0x442A, 0x3468, 0x2CA8, 0x2467, 0x0C04,
    0x0443, 0x0484, 0x03E3, 0x0363, 0x0342, 0x0383, 0x0383, 0x0322, 0x0342, 0x04E4, 0x15A6, 0x24A7,
    0x34E9, 0x360B, 0x466C, 0x5E8E, 0x6EF0, 0x6750, 0x6730, 0x76B1, 0x7630, 0x466C, 0x1EA8, 0x1647,
    0x1D07, 0x1C26, 0x0C84, 0x0524, 0x0C64, 0x0242, 0x0262, 0x0BE3, 0x0C64, 0x0C64, 0x0424, 0x0423,
    0x0424, 0x0424, 0x0404, 0x0BE4, 0x13A4, 0x13C4, 0x1D07, 0x2DC9, 0x44CA, 0x3C09, 0x2BA8, 0x3B88,
    0x44AA, 0x3569, 0x1425, 0x0322, 0x02C2, 0x02A1, 0x0282, 0x02A2, 0x0363, 0x0383, 0x0383, 0x0383,
    0x0363, 0x0383, 0x03C3, 0x0343, 0x02E2, 0x0B43, 0x1465, 0x1506, 0x0C85, 0x03C3, 0x0363, 0x0342,
    0x0363, 0x0383, 0x0383, 0x0383, 0x0382, 0x0383, 0x0363, 0x0343, 0x0302, 0x02E2, 0x02A2, 0x0221,
    0x02C2, 0x0C03, 0x0464, 0x0403, 0x03E3, 0x0423, 0x0C24, 0x0B83, 0x0262, 0x0201, 0x02C2, 0x0BA3,
    0x1465, 0x1465, 0x0B83, 0x02C2, 0x0282, 0x0261, 0x0BE3, 0x0D85, 0x0504, 0x0423, 0x03E3, 0x03C3,
    0x03A3, 0x03A3, 0x03C3, 0x03E3, 0x03E3, 0x03E3, 0x03C3, 0x03C3, 0x03C3, 0x0383, 0x03A3, 0x04E4,
    0x0CC5, 0x0C05, 0x1CA7, 0x2C88, 0x43A9, 0x43A9, 0x33E9, 0x3BC8, 0x4B89, 0x53CB, 0x4D2C, 0x3EAC,
    0x2649, 0x1445, 0x02E2, 0x02A2, 0x02C2, 0x02A2, 0x0262, 0x0323, 0x0D04, 0x0564, 0x0423, 0x03A3,
    0x03A3, 0x03C3, 0x03C3, 0x03C3, 0x03E3, 0x03E3, 0x03E3, 0x03E3, 0x03E3, 0x03A3, 0x0382, 0x0464,
    0x0C24, 0x0363, 0x0423, 0x2528, 0x55CD, 0x5EAE, 0x4F2D, 0x3F2C, 0x2EEB, 0x364B, 0x454B, 0x4C6A,
    0x3428, 0x1446, 0x1C46, 0x2427, 0x2447, 0x1446, 0x0C44, 0x0423, 0x03A3, 0x0424, 0x0505, 0x0464,
    0x0342, 0x02C2, 0x0302, 0x0342, 0x0322, 0x0322, 0x0322, 0x0302, 0x02A2, 0x02C2, 0x0403, 0x2D28,
    0x562D, 0x5E8F, 0x662F, 0x6D4E, 0x5C8D, 0x3469, 0x0C45, 0x0423, 0x03E3, 0x03C3, 0x03C3, 0x03C3,
    0x03C3, 0x03A3, 0x03C3, 0x03A3, 0x03A3, 0x0444, 0x0CC5, 0x0464, 0x0322, 0x02C2, 0x0343, 0x0383,
    0x0363, 0x0363, 0x0363, 0x02E2, 0x02C2, 0x0403, 0x2548, 0x560D, 0x4F6E, 0x47CD, 0x4F0D, 0x55ED,
    0x5D0D, 0x544B, 0x2C27, 0x0444, 0x0423, 0x0423, 0x0424, 0x0403, 0x0403, 0x03E3, 0x03E3, 0x03A3,
    0x0403, 0x04E4, 0x0CA4, 0x03A3, 0x02E2, 0x0302, 0x0383, 0x0383, 0x0343, 0x0323, 0x0302, 0x0282,
    0x0302, 0x0CE5, 0x3DAA, 0x65AF, 0x75D0, 0x750F, 0x5C8C, 0x2C88, 0x0464, 0x0423, 0x03E3, 0x03C3,
    0x03C3, 0x03C3, 0x03C3, 0x03A3, 0x03A3, 0x03A3, 0x03A3, 0x03C3, 0x0D05, 0x0C64, 0x01C0, 0x0A22,
    0x1CE7, 0x16E8, 0x0EE7, 0x1D67, 0x3449, 0x2BE7, 0x0C44, 0x0C85, 0x34C9, 0x550C, 0x55AD, 0x3F0C,
    0x278A, 0x1E68, 0x0C44, 0x0302, 0x0302, 0x0302, 0x02C2, 0x02C2, 0x0221, 0x0262, 0x0C45, 0x2DE9,
    0x45AC, 0x4BEA, 0x3388, 0x2BE7, 0x33A8, 0x4C0B, 0x554C, 0x3E8B, 0x1DA7, 0x0BE4, 0x0322, 0x0342,
    0x03A3, 0x0383, 0x0383, 0x0382, 0x03A2, 0x0383, 0x0343, 0x0322, 0x02A2, 0x0282, 0x0322, 0x0383,
    0x03A3, 0x03A3, 0x03C3, 0x0383, 0x0302, 0x02E2, 0x0322, 0x0343, 0x0343, 0x0302, 0x02C2, 0x0322,
    0x14A6, 0x36AB, 0x4DEC, 0x4429, 0x2C07, 0x1BE5, 0x2426, 0x24C8, 0x2467, 0x0B84, 0x0362, 0x1C85,
    0x3D2A, 0x444A, 0x1C26, 0x0463, 0x03E2, 0x03A3, 0x03C3, 0x03E3, 0x03E3, 0x03C3, 0x03C3, 0x0363,
    0x03C3, 0x0D05, 0x0403, 0x02E2, 0x1C05, 0x3469, 0x2BE8, 0x0C04, 0x03E2, 0x03C3, 0x0403, 0x0444,
    0x2487, 0x4CEC, 0x658E, 0x56AE, 0x476D, 0x2F0A, 0x1D06, 0x02A2, 0x02A2, 0x0C64, 0x0D05, 0x04A4,
    0x03E2, 0x13E5, 0x14A6, 0x1D87, 0x2DEA, 0x5DAE, 0x75CF, 0x466C, 0x0D45, 0x0C44, 0x02A2, 0x0201,
    0x02A2, 0x03E3, 0x04C4, 0x1CC6, 0x3CAA, 0x4D8C, 0x4EAD, 0x474D, 0x47AD, 0x478D, 0x3F0C, 0x55ED,
    0x5CCD, 0x446A, 0x1D27, 0x0DC5, 0x0D05, 0x0383, 0x02C2, 0x0302, 0x02E2, 0x02A2, 0x0282, 0x0282,
    0x13A5, 0x1D67, 0x1D88, 0x2588, 0x25A8, 0x1D67, 0x0C85, 0x0343, 0x02A2, 0x02A2, 0x02C2, 0x0282,
    0x03E4, 0x05A5, 0x0504, 0x03C2, 0x03C3, 0x03C3, 0x03C3, 0x03A3, 0x03A3, 0x03E3, 0x03E3, 0x03C3,
    0x03C3, 0x03C3, 0x03E3, 0x0382, 0x0342, 0x0CE5, 0x0D45, 0x0B23, 0x0201, 0x01E1, 0x01E1, 0x01C1,
    0x0202, 0x1384, 0x1DA7, 0x2EAA, 0x3E0B, 0x4CEB, 0x544B, 0x544B, 0x452B, 0x360A, 0x1DA8, 0x0BE4,
    0x0261, 0x0262, 0x0302, 0x0C44, 0x0D66, 0x0464, 0x0362, 0x0383, 0x03A3, 0x03A3, 0x0383, 0x0363,
    0x0363, 0x0383, 0x0363, 0x03A3, 0x0423, 0x0D25, 0x0D25, 0x0C04, 0x0343, 0x0342, 0x0382, 0x03A3,
    0x0383, 0x0383, 0x0383, 0x0383, 0x03A3, 0x0383, 0x0322, 0x02E2, 0x13E4, 0x35C9, 0x4F4D, 0x4F6E,
    0x4E4D, 0x4CEC, 0x2C28, 0x0C25, 0x0C04, 0x1425, 0x0C05, 0x03E3, 0x0443, 0x0484, 0x03E3, 0x0363,
    0x0363, 0x03A3, 0x0322, 0x0322, 0x0443, 0x1526, 0x2D08, 0x44AA, 0x358A, 0x1EC9, 0x2709, 0x3EEB,
    0x56CE, 0x6670, 0x7E11, 0x7DD0, 0x5DEE, 0x2E8A, 0x0EA7, 0x15C7, 0x24C7, 0x1C06, 0x0403, 0x0504,
    0x0CE5, 0x02C2, 0x0201, 0x0262, 0x0262, 0x0262, 0x0242, 0x0242, 0x0201, 0x01E1, 0x0AA3, 0x13E5,
    0x1547, 0x0DE6, 0x1DE7, 0x3509, 0x3409, 0x1C05, 0x0C23, 0x13C5, 0x3C4A, 0x4D0B, 0x24E7, 0x03A3,
    0x02A2, 0x02E2, 0x02E2, 0x02A2, 0x02A2, 0x02A2, 0x02A2, 0x0282, 0x02A2, 0x02A2, 0x0282, 0x0242,
    0x0B64, 0x25E8, 0x2F0A, 0x26EA, 0x26A9, 0x1E28, 0x1526, 0x03C3, 0x0302, 0x0342, 0x03A3, 0x03C3,
    0x0383, 0x0383, 0x0383, 0x0383, 0x0322, 0x0302, 0x02E2, 0x0282, 0x0242, 0x02A2, 0x0363, 0x03E3,
    0x03C3, 0x0383, 0x0B03, 0x0282, 0x0221, 0x0262, 0x0BE4, 0x2628, 0x2EEA, 0x2629, 0x1D47, 0x13C4,
    0x0282, 0x0241, 0x02C2, 0x0C04, 0x0D65, 0x0504, 0x03C3, 0x0382, 0x03C3, 0x03E3, 0x03E3, 0x03E3,
    0x03E3, 0x03C3, 0x03E3, 0x03E3, 0x0362, 0x03C3, 0x0CC4, 0x0CC4, 0x0BC4, 0x1344, 0x2487, 0x3489,
    0x3388, 0x1C06, 0x0C64, 0x0C44, 0x1406, 0x3BA9, 0x5BCC, 0x550C, 0x3E6B, 0x2669, 0x14A6, 0x0B03,
    0x0281, 0x02C2, 0x02A2, 0x0262, 0x0322, 0x0CA4, 0x0D65, 0x0444, 0x0383, 0x03C3, 0x0403, 0x0403,
    0x03E3, 0x03E3, 0x0403, 0x0403, 0x03A3, 0x03A3, 0x0443, 0x0CC4, 0x0B63, 0x0201, 0x03C3, 0x2568,
    0x562D, 0x574E, 0x47AD, 0x470D, 0x464C, 0x556C, 0x548B, 0x3428, 0x1425, 0x0443, 0x0423, 0x0C24,
    0x0C24, 0x0424, 0x0423, 0x0403, 0x03A3, 0x0423, 0x04E5, 0x0C85, 0x1405, 0x1405, 0x0C44, 0x03E3,
    0x0343, 0x02E2, 0x0302, 0x0343, 0x02E3, 0x02C2, 0x0382, 0x1506, 0x45AC, 0x7530, 0x7CF0, 0x64AD,
    0x3489, 0x0C65, 0x0423, 0x03E3, 0x03C3, 0x03C3, 0x03C3, 0x03C3, 0x03A3, 0x03A3, 0x03C3, 0x0383,
    0x0363, 0x0484, 0x0CE5, 0x0404, 0x0302, 0x02C2, 0x0363, 0x0383, 0x0383, 0x0363, 0x0363, 0x02E2,
    0x02A2, 0x03C2, 0x1D27, 0x4E0D, 0x4F4E, 0x47AD, 0x568E, 0x652E, 0x646C, 0x3C28, 0x0C25, 0x0423,
    0x0403, 0x03E3, 0x03E3, 0x03E3, 0x03C3, 0x03E3, 0x03E3, 0x03A3, 0x0403, 0x04C4, 0x0CA4, 0x03A3,
    0x02C1, 0x0301, 0x0383, 0x03A3, 0x0363, 0x0343, 0x0322, 0x0262, 0x02C2, 0x0463, 0x2528, 0x5CED,
    0x746F, 0x5C6D, 0x2C88, 0x0464, 0x0423, 0x03E3, 0x03C3, 0x03C3, 0x03C3, 0x03C3, 0x03C3, 0x03C3,
    0x03C3, 0x0363, 0x03A2, 0x0464, 0x0D05, 0x03A3, 0x0180, 0x1345, 0x2E0A, 0x2689, 0x06C7, 0x0646,
    0x2CE8, 0x442A, 0x3C29, 0x2D09, 0x3DAB, 0x4E2D, 0x4EAD, 0x3F0C, 0x2F8B, 0x276A, 0x1567, 0x0B63,
    0x02E2, 0x02E2, 0x0303, 0x02E2, 0x0221, 0x02C2, 0x1506, 0x3DEA, 0x4D0B, 0x2C07, 0x13E5, 0x0444,
    0x0C24, 0x33A8, 0x5C0C, 0x554C, 0x36AB, 0x1E68, 0x0CA5, 0x0342, 0x0322, 0x03A3, 0x03C3, 0x03A2,
    0x0383, 0x0383, 0x0363, 0x0342, 0x03A3, 0x0444, 0x04A4, 0x0CC5, 0x0D05, 0x0D25, 0x0525, 0x0525,
    0x04E4, 0x03E3, 0x0322, 0x0302, 0x0322, 0x02E2, 0x0281, 0x0C44, 0x2E09, 0x4D8C, 0x4C4B, 0x2BE7,
    0x0C45, 0x0463, 0x0C04, 0x1BE6, 0x2487, 0x1C46, 0x02E2, 0x03C3, 0x0D66, 0x0CC5, 0x03E3, 0x03A2,
    0x03A3, 0x03C3, 0x03C3, 0x03E3, 0x0403, 0x03E3, 0x03A3, 0x03C3, 0x0464, 0x0CC5, 0x02E2, 0x01E1,
    0x1C05, 0x3CC9, 0x3409, 0x0BE5, 0x03C3, 0x03C3, 0x0403, 0x0C45, 0x2CA9, 0x4D6C, 0x566D, 0x4F2E,
    0x574E, 0x47AE, 0x2ECA, 0x0C04, 0x0261, 0x02E2, 0x0404, 0x0CE5, 0x0CE5, 0x0C84, 0x0C65, 0x1CC6,
    0x2508, 0x44EB, 0x4D2B, 0x2E09, 0x0C64, 0x02C2, 0x0201, 0x0262, 0x03A3, 0x04A4, 0x0CA5, 0x3C49,
    0x6C8E, 0x75AF, 0x670F, 0x57EF, 0x57EF, 0x4FEF, 0x576E, 0x7610, 0x7CD0, 0x546C, 0x24A7, 0x0D85,
    0x0DE6, 0x0464, 0x0322, 0x0322, 0x0343, 0x02E2, 0x02A2, 0x0BA4, 0x1D27, 0x2E09, 0x356A, 0x450B,
    0x4D8C, 0x45CB, 0x2D89, 0x14C6, 0x03A3, 0x02E2, 0x0282, 0x0221, 0x02C2, 0x0464, 0x0545, 0x04C4,
    0x03A3, 0x0383, 0x03C3, 0x03C3, 0x03E3, 0x03E3, 0x03E3, 0x03E3, 0x03E3, 0x03E3, 0x0363, 0x03A3,
    0x0CA4, 0x0D25, 0x0C04, 0x0201, 0x0160, 0x01C1, 0x0A82, 0x1364, 0x1C86, 0x25E8, 0x2ECA, 0x3E2B,
    0x4CAB, 0x3BE9, 0x33C8, 0x3BA9, 0x4BCA, 0x44EB, 0x2E0A, 0x1465, 0x02A2, 0x02A2, 0x0282, 0x0343,
    0x0CE5, 0x0D25, 0x04A4, 0x0444, 0x0423, 0x0423, 0x0404, 0x0403, 0x03E3, 0x0403, 0x0444, 0x0CA4,
    0x0CE4, 0x0CC4, 0x03E3, 0x0302, 0x0302, 0x03A3, 0x03C3, 0x03C3, 0x03A3, 0x03A3, 0x0383, 0x03A3,
    0x03A3, 0x0383, 0x0302, 0x02C1, 0x0BC4, 0x35A9, 0x5F0F, 0x6690, 0x5D2D, 0x3C49, 0x1405, 0x0422,
    0x0403, 0x0403, 0x03E3, 0x03C3, 0x0444, 0x0484, 0x03E3, 0x0363, 0x0343, 0x03A3, 0x0302, 0x0342,
    0x0504, 0x2D28, 0x548B, 0x5D0D, 0x3E4B, 0x1728, 0x0F68, 0x1F29, 0x3EAC, 0x65AF, 0x7D10, 0x74EF,
    0x4D6C, 0x2608, 0x15E7, 0x2508, 0x2468, 0x1405, 0x03C2, 0x04C4, 0x0D05, 0x0343, 0x0221, 0x0221,
    0x01E1, 0x01C1, 0x01A1, 0x0181, 0x0140, 0x0A02, 0x23C6, 0x3509, 0x25E9, 0x06C6, 0x0E26, 0x2CA8,
    0x23E7, 0x0C04, 0x0461, 0x0423, 0x3409, 0x54AC, 0x2D69, 0x0C44, 0x02C2, 0x0322, 0x0343, 0x02E2,
    0x02C2, 0x02A2, 0x0282, 0x0282, 0x02A2, 0x0262, 0x0201, 0x02C2, 0x1CE6, 0x370B, 0x3EEC, 0x45CB,
    0x4DCC, 0x460C, 0x360A, 0x1DA7, 0x0CA5, 0x0383, 0x0302, 0x0363, 0x03C3, 0x03C3, 0x03A3, 0x03A3,
    0x0363, 0x0323, 0x02E2, 0x02C2, 0x0262, 0x0221, 0x0282, 0x02C2, 0x02C2, 0x02A2, 0x0262, 0x0201,
    0x0201, 0x0BA4, 0x2608, 0x3EAB, 0x460C, 0x3D8A, 0x2DA9, 0x1CE7, 0x0B64, 0x0262, 0x0221, 0x02C2,
    0x0C04, 0x14E5, 0x0CE5, 0x03E3, 0x0382, 0x03E3, 0x0403, 0x0423, 0x0403, 0x0423, 0x03E3, 0x0383,
    0x0382, 0x0CA4, 0x0D45, 0x0B43, 0x0A82, 0x1BA5, 0x2CA8, 0x3469, 0x23A7, 0x0424, 0x0462, 0x0443,
    0x0463, 0x1C06, 0x53AB, 0x640D, 0x4D8C, 0x2EAA, 0x2628, 0x1CA6, 0x0B64, 0x02A2, 0x0282, 0x0262,
    0x0222, 0x0B03, 0x0C85, 0x0D05, 0x0464, 0x0383, 0x03A3, 0x0403, 0x03E3, 0x03E3, 0x03C3, 0x03A3,
    0x0383, 0x0444, 0x04E5, 0x0C04, 0x0242, 0x01C1, 0x03A3, 0x2568, 0x564D, 0x4F8E, 0x47CD, 0x4EAD,
    0x5D8E, 0x64AD, 0x4C2A, 0x1C26, 0x0423, 0x0403, 0x0403, 0x0403, 0x0403, 0x0403, 0x03E3, 0x03E3,
    0x03A3, 0x03E3, 0x04C4, 0x1546, 0x1D67, 0x1D67, 0x25A8, 0x1DA7, 0x1526, 0x0C24, 0x0342, 0x02C2,
    0x02C2, 0x02A2, 0x0302, 0x0505, 0x2D89, 0x5C2C, 0x5C2C, 0x3489, 0x0CA5, 0x0423, 0x03E3, 0x03C3,
    0x03C3, 0x03C3, 0x03C3, 0x03C3, 0x03C3, 0x03A3, 0x03C3, 0x0383, 0x0382, 0x0504, 0x0D25, 0x0363,
    0x02C2, 0x0302, 0x0362, 0x03A3, 0x03A3, 0x0363, 0x0363, 0x02E2, 0x0282, 0x03A2, 0x14E6, 0x4DCC,
    0x5EAF, 0x668F, 0x6D8F, 0x64AE, 0x446A, 0x1445, 0x0423, 0x03E3, 0x03E3, 0x03E3, 0x03C3, 0x03C3,
    0x03A3, 0x03C3, 0x03E3, 0x0363, 0x03E3, 0x0D05, 0x0463, 0x0342, 0x02C2, 0x0302, 0x0362, 0x0341,
    0x0321, 0x0322, 0x0322, 0x02C2, 0x02A2, 0x0382, 0x1526, 0x3549, 0x4409, 0x23E7, 0x0464, 0x0443,
    0x03E3, 0x03A3, 0x03C3, 0x03E3, 0x03E3, 0x03E3, 0x03C3, 0x03C3, 0x03C3, 0x0342, 0x03E3, 0x0D45,
    0x0C44, 0x0262, 0x0201, 0x2467, 0x4E4D, 0x55CD, 0x2E49, 0x16A7, 0x2DA9, 0x5CAD, 0x6CAE, 0x4DCC,
    0x46CC, 0x474D, 0x478D, 0x472D, 0x3F0C, 0x2F2A, 0x1DE8, 0x0C25, 0x02E2, 0x02C2, 0x0303, 0x0302,
    0x0221, 0x02E3, 0x1DA7, 0x45EB, 0x44AA, 0x1C26, 0x0423, 0x0462, 0x0462, 0x1C06, 0x4BCA, 0x5C6D,
    0x462C, 0x2F6A, 0x1EC9, 0x1526, 0x0BC3, 0x0362, 0x0383, 0x03A3, 0x03A3, 0x0363, 0x03A3, 0x0484,
    0x0525, 0x1586, 0x1DC8, 0x2629, 0x2669, 0x2E49, 0x358A, 0x3529, 0x1D47, 0x0D45, 0x0444, 0x0302,
    0x02A2, 0x02C2, 0x02E2, 0x1D07, 0x462C, 0x4C4B, 0x33A7, 0x0C45, 0x0463, 0x0463, 0x0423, 0x13C5,
    0x2C28, 0x2C68, 0x1385, 0x0322, 0x03E3, 0x04E4, 0x04C4, 0x03E4, 0x0383, 0x03A3, 0x03E3, 0x0403,
    0x0403, 0x03C3, 0x0362, 0x0464, 0x0CE5, 0x0BA4, 0x01A1, 0x01C1, 0x1425, 0x3D0A, 0x444A, 0x1BE6,
    0x03C3, 0x03E2, 0x0403, 0x1C06, 0x3C8A, 0x4DCC, 0x470D, 0x47AD, 0x574F, 0x5FCF, 0x47AD, 0x1D67,
    0x0323, 0x0281, 0x0322, 0x0C24, 0x0C84, 0x0CC4, 0x0CC5, 0x14E6, 0x1527, 0x1D27, 0x1D07, 0x0C85,
    0x02E3, 0x0202, 0x0282, 0x0363, 0x0444, 0x0CA5, 0x1C66, 0x448A, 0x658E, 0x6E50, 0x6F10, 0x5FB0,
    0x5FF0, 0x67B0, 0x6EF0, 0x7610, 0x65EE, 0x3DEA, 0x1CC7, 0x14A5, 0x0D85, 0x0525, 0x03E3, 0x02E2,
    0x0302, 0x02C2, 0x02A2, 0x14A6, 0x2E09, 0x3D2A, 0x442A, 0x4BAA, 0x4BEA, 0x4C6B, 0x4D0B, 0x358A,
    0x1D07, 0x13C4, 0x02E2, 0x0262, 0x0241, 0x0282, 0x0C45, 0x0D45, 0x0484, 0x03C3, 0x03A3, 0x03E3,
    0x0403, 0x0403, 0x0403, 0x0403, 0x03E3, 0x03A3, 0x0383, 0x0464, 0x0D65, 0x0C04, 0x0202, 0x0160,
    0x01C1, 0x0AC3, 0x1C66, 0x2629, 0x274A, 0x276A, 0x2E0A, 0x3C6A, 0x3BA9, 0x1C06, 0x0484, 0x1445,
    0x3BA9, 0x4C4C, 0x3DCB, 0x1CE7, 0x0363, 0x02E2, 0x0282, 0x02A2, 0x0362, 0x04C4, 0x0D45, 0x0CC5,
    0x0C84, 0x0CA4, 0x0C84, 0x0484, 0x0484, 0x0484, 0x0CC4, 0x0CE5, 0x0C64, 0x0342, 0x02A1, 0x0302,
    0x0363, 0x03A3, 0x03A3, 0x03A3, 0x03A3, 0x03A3, 0x03A3, 0x03A3, 0x03A3, 0x03A3, 0x0322, 0x02A1,
    0x03C3, 0x2D49, 0x65CF, 0x6D2F, 0x446A, 0x1425, 0x0403, 0x03E3, 0x03E3, 0x03E3, 0x03C3, 0x0383,
    0x0444, 0x0484, 0x03A3, 0x0342, 0x0342, 0x0383, 0x0302, 0x0362, 0x0524, 0x3D29, 0x6CAE, 0x65CF,
    0x3EAC, 0x1F49, 0x1768, 0x1F08, 0x362B, 0x5D0D, 0x6C6E, 0x5C6C, 0x44CA, 0x2D28, 0x2D08, 0x2C88,
    0x1C47, 0x0424, 0x03C2, 0x04A4, 0x0D05, 0x0383, 0x0281, 0x0282, 0x0282, 0x0282, 0x0201, 0x01A1,
    0x0262, 0x1C67, 0x462C, 0x5E2E, 0x45EB, 0x0E67, 0x0E06, 0x2CE8, 0x2BE8, 0x13E5, 0x0443, 0x0C24,
    0x3C09, 0x54AC, 0x3DEA, 0x0CC5, 0x0302, 0x0342, 0x0363, 0x0342, 0x0322, 0x0322, 0x0302, 0x02E2,
    0x0302, 0x02C2, 0x0241, 0x0C04, 0x2629, 0x3E2B, 0x44CB, 0x4BAA, 0x4BCA, 0x4C4B, 0x4D4C, 0x3E6B,
    0x2E49, 0x14E6, 0x0383, 0x0322, 0x0383, 0x03A3, 0x03A3, 0x03A3, 0x0383, 0x0343, 0x0302, 0x02C2,
    0x02A2, 0x0282, 0x0241, 0x0201, 0x0202, 0x0242, 0x0201, 0x0221, 0x0B03, 0x1D68, 0x36CB, 0x454B,
    0x4BCA, 0x43E9, 0x3489, 0x2528, 0x1CA6, 0x0B03, 0x0241, 0x0241, 0x0221, 0x0BA3, 0x0D45, 0x04A4,
    0x03C3, 0x03A3, 0x03E3, 0x0403, 0x0403, 0x0403, 0x03A3, 0x03A3, 0x0484, 0x0D25, 0x0C24, 0x01A0,
    0x0A22, 0x1CA7, 0x24E8, 0x2C28, 0x2BC7, 0x0C04, 0x0423, 0x0403, 0x0443, 0x1465, 0x3C49, 0x644D,
    0x5CED, 0x3E0A, 0x26A9, 0x2649, 0x1D07, 0x0B64, 0x02C2, 0x02A2, 0x0262, 0x0201, 0x0282, 0x0CA4,
    0x0D25, 0x0404, 0x03A3, 0x03C3, 0x03E3, 0x0403, 0x03C3, 0x03A3, 0x0444, 0x0CE5, 0x0C64, 0x02C2,
    0x01A1, 0x0221, 0x03A3, 0x1D07, 0x560C, 0x572E, 0x572E, 0x5DEE, 0x6CCE, 0x544B, 0x2447, 0x0424,
    0x0403, 0x03E3, 0x03E3, 0x03E3, 0x03C3, 0x03C3, 0x03E3, 0x03E3, 0x03A3, 0x03E3, 0x04E4, 0x15E7,
    0x25E8, 0x2548, 0x356A, 0x3E2B, 0x366A, 0x25A8, 0x0C45, 0x0322, 0x02E2, 0x0282, 0x0282, 0x0464,
    0x1566, 0x2CA7, 0x1C46, 0x0C44, 0x0423, 0x03E3, 0x03A3, 0x03A3, 0x03C3, 0x03C3, 0x03E3, 0x03C3,
    0x03C3, 0x03C3, 0x0383, 0x03A3, 0x0443, 0x0D25, 0x0464, 0x02C2, 0x02A2, 0x0322, 0x0342, 0x0363,
    0x0383, 0x0363, 0x0363, 0x02E2, 0x0282, 0x0342, 0x0CA4, 0x3D8A, 0x658F, 0x7D10, 0x6CCE, 0x448A,
    0x1486, 0x0443, 0x0403, 0x03C3, 0x03C3, 0x03C3, 0x03C3, 0x03C3, 0x03A3, 0x03C3, 0x03C3, 0x0363,
    0x0403, 0x0525, 0x0444, 0x1324, 0x2B86, 0x2BE7, 0x1BE5, 0x0BA4, 0x0342, 0x0322, 0x0302, 0x0302,
    0x02A2, 0x02A2, 0x0C84, 0x0DA5, 0x0CC5, 0x0423, 0x03E2, 0x03C3, 0x03C3, 0x03A3, 0x03C3, 0x03E3,
    0x03E3, 0x03E3, 0x03E3, 0x03C3, 0x03A3, 0x03C3, 0x04A4, 0x0D26, 0x02E3, 0x0160, 0x0AE3, 0x3509,
    0x5E2E, 0x75F0, 0x5E2E, 0x466C, 0x4E0C, 0x6D8F, 0x75B0, 0x56CE, 0x47AD, 0x47EE, 0x3FED, 0x476D,
    0x46EC, 0x364B, 0x25E9, 0x14C6, 0x02E2, 0x0282, 0x02C2, 0x02A2, 0x0201, 0x0B64, 0x2669, 0x364B,
    0x3C8A, 0x2BE7, 0x13E4, 0x0422, 0x0443, 0x1486, 0x44AA, 0x5CED, 0x4DAC, 0x370B, 0x27CB, 0x274A,
    0x1D87, 0x03C3, 0x0362, 0x03A3, 0x0383, 0x03A3, 0x0444, 0x1586, 0x25C8, 0x3DCA, 0x46AC, 0x474D,
    0x476D, 0x4EED, 0x656E, 0x648D, 0x2CA8, 0x0DA6, 0x0D65, 0x03C3, 0x0282, 0x0282, 0x0363, 0x2D48,
    0x4D8C, 0x3BE9, 0x13C4, 0x0463, 0x0403, 0x03E3, 0x0423, 0x1405, 0x3BE9, 0x4C0A, 0x2488, 0x0B44,
    0x0A62, 0x0BA4, 0x0CC5, 0x0CC4, 0x03E3, 0x03A3, 0x03E3, 0x0403, 0x03C3, 0x03C3, 0x0403, 0x04C4,
    0x0C64, 0x0262, 0x0120, 0x01E1, 0x0BE4, 0x2D29, 0x44EB, 0x33E8, 0x13A4, 0x03E2, 0x03E2, 0x1BA6,
    0x4C2A, 0x55CD, 0x474D, 0x3FED, 0x5FB0, 0x6FD1, 0x5FCF, 0x2E29, 0x0C24, 0x02E2, 0x02E2, 0x0322,
    0x0362, 0x0C03, 0x0C84, 0x04A4, 0x04C4, 0x04C4, 0x0423, 0x02C2, 0x0282, 0x0262, 0x02E2, 0x0443,
    0x0CA5, 0x2427, 0x2CE8, 0x2DE9, 0x3E8B, 0x56AE, 0x66F0, 0x6730, 0x6750, 0x6EF1, 0x7671, 0x662E,
    0x368B, 0x1668, 0x1D47, 0x1C86, 0x0CA4, 0x0D45, 0x0C84, 0x02E2, 0x02E2, 0x02E2, 0x02E2, 0x1D47,
    0x3E2B, 0x4C8B, 0x3BE9, 0x1C06, 0x1C25, 0x2C07, 0x4BCA, 0x540B, 0x3CEA, 0x2527, 0x1465, 0x0B44,
    0x0A62, 0x0201, 0x0261, 0x0C04, 0x0D65, 0x0464, 0x0362, 0x03C3, 0x0403, 0x0423, 0x0403, 0x03E3,
    0x0383, 0x0363, 0x04C4, 0x0D45, 0x0BC4, 0x0222, 0x0120, 0x01A1, 0x1384, 0x2568, 0x2E8A, 0x2729,
    0x0F48, 0x0EA7, 0x2D48, 0x3C29, 0x23E7, 0x0C04, 0x0442, 0x0463, 0x23C6, 0x442A, 0x4D6C, 0x2D48,
    0x0404, 0x02E2, 0x02C2, 0x02E2, 0x02A2, 0x0302, 0x03A3, 0x03E3, 0x0404, 0x03E4, 0x0403, 0x0424,
    0x0464, 0x0C64, 0x03E3, 0x0322, 0x02E2, 0x0323, 0x03A3, 0x03E3, 0x03E3, 0x0382, 0x0342, 0x0363,
    0x03C3, 0x03C3, 0x03C3, 0x03C3, 0x03A3, 0x03A3, 0x0322, 0x02A2, 0x0383, 0x1CA6, 0x3CCA, 0x3469,
    0x1405, 0x03E3, 0x03E3, 0x03C3, 0x03C3, 0x03C3, 0x03A3, 0x0383, 0x0464, 0x0CA4, 0x0363, 0x0302,
    0x0362, 0x0363, 0x0302, 0x0382, 0x0D25, 0x3D6B, 0x658F, 0x5E8E, 0x470D, 0x2F2B, 0x2729, 0x2E69,
    0x454B, 0x4C6B, 0x442A, 0x2C48, 0x2C48, 0x2C68, 0x2C68, 0x2447, 0x0C45, 0x0423, 0x03A3, 0x04A4,
    0x0525, 0x03A3, 0x02A2, 0x0281, 0x0282, 0x0262, 0x0201, 0x0201, 0x1C05, 0x466C, 0x5EEF, 0x7671,
    0x5E2E, 0x26A9, 0x1E28, 0x3CE9, 0x43EA, 0x2427, 0x0CC5, 0x2487, 0x544B, 0x5CED, 0x366B, 0x1546,
    0x0363, 0x0363, 0x0383, 0x0363, 0x0342, 0x0322, 0x0322, 0x02E2, 0x0303, 0x02C2, 0x0262, 0x0C85,
    0x2E6A, 0x4D2B, 0x43EA, 0x33C8, 0x2406, 0x2C07, 0x43EA, 0x5C4C, 0x4DAC, 0x2EAA, 0x1DE7, 0x0C44,
    0x0342, 0x0342, 0x03A3, 0x03C3, 0x0383, 0x0343, 0x0322, 0x02E2, 0x02A2, 0x0282, 0x0262, 0x0262,
    0x0262, 0x0262, 0x01C1, 0x0262, 0x1D67, 0x366B, 0x4D2B, 0x440A, 0x33C8, 0x33C8, 0x3B89, 0x3C49,
    0x24E8, 0x13E4, 0x02C2, 0x0242, 0x0222, 0x0262, 0x0383, 0x0D25, 0x04E4, 0x0383, 0x0362, 0x0383,
    0x0383, 0x0362, 0x03A2, 0x0484, 0x0D85, 0x0C44, 0x01E1, 0x0141, 0x1324, 0x1D67, 0x1D47, 0x2C27,
    0x33C8, 0x1C06, 0x0423, 0x0423, 0x0463, 0x14A6, 0x34A9, 0x54EC, 0x5D8D, 0x464C, 0x2E8A, 0x2689,
    0x2608, 0x1D27, 0x13C5, 0x02A2, 0x02A1, 0x0261, 0x0222, 0x0302, 0x0CA4, 0x0D86, 0x0C84, 0x03A3,
    0x03E3, 0x03E3, 0x0424, 0x0CE5, 0x0DA6, 0x0CC4, 0x02C2, 0x0242, 0x0222, 0x0221, 0x0362, 0x14C6,
    0x4DAC, 0x6E0F, 0x75B0, 0x74EF, 0x548C, 0x2C68, 0x0444, 0x0403, 0x03E3, 0x03E3, 0x03E3, 0x03C3,
    0x03C3, 0x03C3, 0x03C3, 0x03C3, 0x0363, 0x03E3, 0x0525, 0x1586, 0x24C7, 0x3BC9, 0x43CA, 0x4C4B,
    0x4CCC, 0x456B, 0x2DA9, 0x1CE6, 0x0BC4, 0x0282, 0x0221, 0x02E2, 0x0CA4, 0x0DC6, 0x04C4, 0x03A2,
    0x0382, 0x03A3, 0x03C3, 0x03A3, 0x03C3, 0x03E3, 0x03E3, 0x03E3, 0x03E3, 0x03E3, 0x0362, 0x0403,
    0x0D65, 0x0C65, 0x0303, 0x02A1, 0x02C1, 0x0322, 0x0342, 0x0341, 0x0341, 0x0362, 0x0363, 0x0323,
    0x02C2, 0x02C2, 0x0424, 0x1D88, 0x54AC, 0x63ED, 0x448B, 0x14A6, 0x0443, 0x03E3, 0x03C3, 0x03C3,
    0x03C3, 0x03C3, 0x03C3, 0x03C3, 0x03C3, 0x03A3, 0x03A3, 0x03A3, 0x0443, 0x0524, 0x2C47, 0x53CB,
    0x5CCC, 0x550C, 0x552C, 0x4D4B, 0x3488, 0x1364, 0x02C1, 0x02C1, 0x02C2, 0x0282, 0x0323, 0x0484,
    0x0585, 0x04E4, 0x03C3, 0x0362, 0x03A3, 0x03E3, 0x03E3, 0x03E3, 0x03E3, 0x03E3, 0x0423, 0x03C3,
    0x0363, 0x0484, 0x0D25, 0x0B84, 0x01A1, 0x0160, 0x1365, 0x3D8A, 0x5EAE, 0x66EF, 0x6E90, 0x6E30,
    0x7630, 0x7670, 0x6710, 0x57AF, 0x57EF, 0x4FEE, 0x47EE, 0x3F8D, 0x3EEC, 0x3DEB, 0x35AA, 0x1CC7,
    0x0323, 0x02A2, 0x02A2, 0x0221, 0x0A83, 0x1CA6, 0x2729, 0x1EC9, 0x2CC8, 0x3C09, 0x23E7, 0x0C24,
    0x04A4, 0x1CE7, 0x452B, 0x55CD, 0x568D, 0x3F0D, 0x372B, 0x2FAB, 0x274A, 0x1D67, 0x0BE3, 0x0362,
    0x0343, 0x0484, 0x0D45, 0x34E9, 0x5CED, 0x6E0F, 0x5F6F, 0x4FEF, 0x5FCF, 0x6710, 0x7610, 0x5D6D,
    0x2D29, 0x1506, 0x1505, 0x0CE4, 0x0322, 0x0221, 0x03A3, 0x2D69, 0x4D6B, 0x2C07, 0x0BA3, 0x0403,
    0x03C3, 0x0403, 0x0443, 0x1C46, 0x4BEA, 0x5C0C, 0x3CAA, 0x2467, 0x1304, 0x0A01, 0x0AE2, 0x0C84,
    0x0D04, 0x0463, 0x03A3, 0x03A3, 0x03C3, 0x0443, 0x0D45, 0x0484, 0x02C2, 0x01E1, 0x0160, 0x01C1,
    0x0B63, 0x2567, 0x3DEB, 0x4C2B, 0x2B87, 0x03C3, 0x03A2, 0x1B65, 0x4BCA, 0x5D2D, 0x4EEE, 0x47EE,
    0x67D1, 0x87D3, 0x6FF1, 0x3EEB, 0x0CA5, 0x02E2, 0x0322, 0x0363, 0x0322, 0x0322, 0x0322, 0x0302,
    0x0302, 0x02C2, 0x0262, 0x0221, 0x0282, 0x02E2, 0x03A2, 0x0C65, 0x3449, 0x4C2B, 0x35AA, 0x16E8,
    0x1728, 0x2F0B, 0x4ECE, 0x6690, 0x7650, 0x7610, 0x6E0F, 0x3E6B, 0x16C8, 0x0E46, 0x2548, 0x2447,
    0x0C24, 0x0D45, 0x0CE5, 0x0302, 0x02A2, 0x02C2, 0x0322, 0x1D87, 0x460B, 0x4C2A, 0x2407, 0x0463,
    0x0443, 0x0C04, 0x2BA7, 0x536B, 0x542B, 0x350A, 0x1D28, 0x14A6, 0x13A4, 0x0AC3, 0x01C1, 0x02A2,
    0x14A4, 0x0D25, 0x0464, 0x03A3, 0x0383, 0x03A3, 0x03A3, 0x0383, 0x03E3, 0x04A4, 0x0D25, 0x0C24,
    0x0222, 0x0100, 0x01A1, 0x1364, 0x3549, 0x466C, 0x46AC, 0x26CA, 0x06C6, 0x0625, 0x2CE8, 0x3C29,
    0x1C26, 0x0403, 0x0422, 0x0462, 0x13E5, 0x440A, 0x550C, 0x35AA, 0x0CA5, 0x0302, 0x02E2, 0x0343,
    0x02C2, 0x0282, 0x02A2, 0x02E2, 0x0302, 0x0302, 0x0302, 0x0343, 0x0343, 0x0302, 0x0363, 0x0BE4,
    0x14A5, 0x1D67, 0x25E8, 0x25E8, 0x1D88, 0x1526, 0x0C85, 0x03E3, 0x0382, 0x03A3, 0x03C3, 0x03E3,
    0x03C3, 0x03A3, 0x0342, 0x02E2, 0x02E2, 0x0BC4, 0x14C5, 0x0C84, 0x03E3, 0x03A2, 0x03C3, 0x0403,
    0x03E3, 0x03A3, 0x03A3, 0x0424, 0x0C84, 0x0C24, 0x0323, 0x0302, 0x0362, 0x0363, 0x0302, 0x0362,
    0x1506, 0x3DAB, 0x5E4E, 0x4F4E, 0x476D, 0x3F0C, 0x368B, 0x458C, 0x4C8B, 0x3429, 0x1C26, 0x0C45,
    0x1445, 0x1C26, 0x1426, 0x0C45, 0x0444, 0x0403, 0x03A3, 0x04A4, 0x0505, 0x03C4, 0x02A2, 0x0282,
    0x02A2, 0x0221, 0x0201, 0x0B43, 0x35C9, 0x57AF, 0x5F90, 0x6EF0, 0x6E70, 0x4E6D, 0x4DEC, 0x5D0D,
    0x5C8D, 0x44CA, 0x2D69, 0x456B, 0x552C, 0x4DEC, 0x370B, 0x15C7, 0x03C3, 0x0383, 0x03A3, 0x03A3,
    0x0362, 0x0322, 0x0322, 0x0302, 0x02E2, 0x02A2, 0x02A2, 0x14C6, 0x364B, 0x4CAB, 0x33C8, 0x0C45,
    0x0443, 0x0C24, 0x23C7, 0x536B, 0x648D, 0x462C, 0x2F0A, 0x1E68, 0x1506, 0x0C04, 0x0383, 0x0362,
    0x0382, 0x0363, 0x0322, 0x0302, 0x02C2, 0x02A2, 0x02A2, 0x02C2, 0x0281, 0x01E1, 0x0A62, 0x1C86,
    0x2ECA, 0x460B, 0x440A, 0x2BC7, 0x1445, 0x1425, 0x2386, 0x3388, 0x3449, 0x24A7, 0x0BA3, 0x0282,
    0x0282, 0x0222, 0x0242, 0x0C24, 0x0D25, 0x04E5, 0x0484, 0x0444, 0x0464, 0x0484, 0x0505, 0x0D25,
    0x0C84, 0x0281, 0x0120, 0x0A03, 0x1C66, 0x15E7, 0x0DA6, 0x2487, 0x3BE9, 0x33E8, 0x1405, 0x0444,
    0x0CA5, 0x1CE7, 0x3D2A, 0x4D8C, 0x564D, 0x4ECD, 0x3EAC, 0x2E6A, 0x2649, 0x2608, 0x1D07, 0x1384,
    0x02C2, 0x02A2, 0x0282, 0x0242, 0x0343, 0x0CE4, 0x0D25, 0x0CE5, 0x04C3, 0x0463, 0x04A3, 0x04E3,
    0x0483, 0x0362, 0x0242, 0x0282, 0x0282, 0x0221, 0x0301, 0x0C85, 0x358A, 0x64ED, 0x744F, 0x5CAD,
    0x2C88, 0x0464, 0x0423, 0x03C3, 0x03C3, 0x03C3, 0x03C3, 0x03C3, 0x03C3, 0x03A3, 0x03C3, 0x03C3,
    0x0342, 0x0423, 0x0DA6, 0x1506, 0x2BA7, 0x3347, 0x2B67, 0x23C7, 0x3BE9, 0x4C4B, 0x4CCB, 0x3549,
    0x1CE7, 0x0BE4, 0x0AE3, 0x0222, 0x0302, 0x04A4, 0x0544, 0x04A4, 0x03C3, 0x0383, 0x03A3, 0x03E3,
    0x0403, 0x0403, 0x0403, 0x0424, 0x03E3, 0x0382, 0x03E3, 0x04E5, 0x0D05, 0x0343, 0x0221, 0x0B03,
    0x2BE7, 0x3449, 0x2C68, 0x2467, 0x1BE5, 0x0362, 0x0301, 0x0301, 0x0302, 0x0282, 0x0363, 0x0D46,
    0x2528, 0x2C48, 0x1405, 0x0423, 0x0403, 0x03C3, 0x03A3, 0x03C3, 0x03C3, 0x03E3, 0x03E3, 0x03C3,
    0x03E3, 0x03A3, 0x0362, 0x0463, 0x0504, 0x1465, 0x4C2A, 0x5C2B, 0x3C68, 0x3487, 0x34C9, 0x452A,
    0x452A, 0x3C89, 0x2BC7, 0x1324, 0x02A2, 0x0281, 0x0262, 0x0B03, 0x0C44, 0x0CE5, 0x0CC5, 0x0423,
    0x03A3, 0x03A3, 0x03E3, 0x0403, 0x0403, 0x0403, 0x03A3, 0x0383, 0x0403, 0x0D25, 0x0CA4, 0x0242,
    0x0120, 0x01E1, 0x1B85, 0x45AB, 0x572E, 0x4FCE, 0x6730, 0x7E52, 0x7E51, 0x6F30, 0x57EF, 0x5FF0,
    0x5FD0, 0x5FCF, 0x4FEE, 0x3FAD, 0x3EEC, 0x3DCB, 0x356A, 0x1CA7, 0x0B23, 0x02C2, 0x0261, 0x01E1,
    0x13A4, 0x2628, 0x1768, 0x0707, 0x15A6, 0x3489, 0x3BE9, 0x3408, 0x2CA8, 0x3549, 0x45EB, 0x46CC,
    0x4F4D, 0x472D, 0x3EEC, 0x374B, 0x2FAB, 0x270A, 0x14E6, 0x0342, 0x03A3, 0x0504, 0x1566, 0x3CC9,
    0x650E, 0x7650, 0x6770, 0x5FB0, 0x6770, 0x76D1, 0x5E6F, 0x366B, 0x1DC8, 0x14A6, 0x1465, 0x0D65,
    0x03C3, 0x0221, 0x0383, 0x2D69, 0x458B, 0x2C27, 0x0BA4, 0x03E3, 0x03C3, 0x0423, 0x0C84, 0x3488,
    0x548C, 0x5CAC, 0x4CEB, 0x3529, 0x1C46, 0x0A62, 0x01E1, 0x0323, 0x0C84, 0x0CE4, 0x04A5, 0x04A4,
    0x0CA4, 0x0CE4, 0x0CC4, 0x0343, 0x01C1, 0x01E1, 0x01C1, 0x01A1, 0x0AC3, 0x1587, 0x36CA, 0x54CC,
    0x438A, 0x1BA5, 0x0362, 0x0B43, 0x2B87, 0x548C, 0x5E2E, 0x57AF, 0x77F2, 0x8FF4, 0x87F4, 0x4F6E,
    0x1506, 0x02E2, 0x0342, 0x03A3, 0x0342, 0x0302, 0x02C2, 0x02C2, 0x0282, 0x0242, 0x0222, 0x0242,
    0x0282, 0x0302, 0x0463, 0x2C67, 0x5C6C, 0x650E, 0x3E4C, 0x1729, 0x0F68, 0x1F28, 0x3E8B, 0x65CF,
    0x7D30, 0x750F, 0x558D, 0x2649, 0x1647, 0x1D88, 0x2CA8, 0x1C06, 0x0403, 0x0505, 0x0CE5, 0x0322,
    0x0262, 0x0282, 0x0B43, 0x25C8, 0x460B, 0x442A, 0x1406, 0x0463, 0x0402, 0x0463, 0x1466, 0x442A,
    0x5C0C, 0x4C8B, 0x2D29, 0x1D67, 0x1CE7, 0x1C06, 0x0AE3, 0x0242, 0x0AE2, 0x14C5, 0x0D66, 0x0443,
    0x03E3, 0x03E3, 0x0403, 0x0403, 0x04C4, 0x0D85, 0x0C04, 0x0222, 0x0161, 0x0160, 0x0B04, 0x2D49,
    0x4E2C, 0x65EE, 0x5DCE, 0x3E4B, 0x16C7, 0x0686, 0x2528, 0x3C09, 0x2406, 0x0C04, 0x0443, 0x0464,
    0x23E7, 0x4BEB, 0x5CCD, 0x360B, 0x0D66, 0x0342, 0x0302, 0x0383, 0x0343, 0x0322, 0x02E2, 0x02C2,
    0x02A2, 0x02C2, 0x02C2, 0x02A2, 0x0282, 0x0303, 0x14A5, 0x2668, 0x2F4B, 0x3FAC, 0x478D, 0x476D,
    0x4F4E, 0x470C, 0x2E69, 0x1546, 0x0C24, 0x03A3, 0x03A3, 0x03E3, 0x03C3, 0x03A3, 0x0362, 0x0302,
    0x0282, 0x02E2, 0x0443, 0x04A4, 0x0424, 0x03A3, 0x03C3, 0x0403, 0x03E3, 0x03A3, 0x0403, 0x0CA4,
    0x0C24, 0x0343, 0x0302, 0x0322, 0x0362, 0x0363, 0x02E2, 0x0342, 0x14E5, 0x3DCB, 0x5EAE, 0x47AD,
    0x478D, 0x4E8D, 0x55AD, 0x54AD, 0x442A, 0x1C26, 0x0423, 0x0443, 0x0424, 0x0424, 0x0424, 0x0423,
    0x0423, 0x03E3, 0x03A2, 0x0484, 0x0D05, 0x03C4, 0x02C2, 0x0282, 0x02C2, 0x0201, 0x0262, 0x1CE6,
    0x470D, 0x5FF0, 0x5FEF, 0x676F, 0x6E90, 0x6E30, 0x75F0, 0x75B0, 0x65CF, 0x560D, 0x466C, 0x4E8D,
    0x4E6D, 0x46CC, 0x2F8B, 0x1E68, 0x0C64, 0x0383, 0x0383, 0x03A3, 0x0363, 0x0322, 0x0323, 0x0302,
    0x02C2, 0x0282, 0x02E2, 0x1D27, 0x3E6B, 0x44AA, 0x23E7, 0x0463, 0x0422, 0x0442, 0x0C65, 0x3C29,
    0x642D, 0x550D, 0x36AB, 0x27AA, 0x274A, 0x1DE8, 0x0C25, 0x0362, 0x0342, 0x0342, 0x0322, 0x02E2,
    0x02C2, 0x02A2, 0x02A2, 0x0261, 0x0221, 0x0242, 0x1466, 0x26C9, 0x2EAA, 0x3D0A, 0x3BE9, 0x1425,
    0x0463, 0x0443, 0x0423, 0x2386, 0x438A, 0x34C9, 0x1465, 0x02E2, 0x02A2, 0x02A2, 0x0262, 0x02A2,
    0x0C04, 0x0D65, 0x0D65, 0x0505, 0x0525, 0x0545, 0x0D45, 0x0C44, 0x0262, 0x0140, 0x01C1, 0x1B65,
    0x1D47, 0x0626, 0x0605, 0x0D66, 0x2CA8, 0x3C09, 0x33E8, 0x2447, 0x24C7, 0x2D29, 0x45AB, 0x4E4C,
    0x4EED, 0x474D, 0x472D, 0x46AC, 0x362A, 0x2609, 0x25C8, 0x1CC7, 0x0B24, 0x02A2, 0x02E2, 0x0282,
    0x0262, 0x0322, 0x0C64, 0x0D05, 0x04E4, 0x0D05, 0x0CE5, 0x0C24, 0x02C2, 0x0221, 0x0282, 0x02A2,
    0x02A2, 0x0262, 0x0281, 0x0403, 0x1D87, 0x44AA, 0x4BEA, 0x2467, 0x0464, 0x0423, 0x03C3, 0x03A3,
    0x03C3, 0x03C3, 0x03E3, 0x03C3, 0x03C3, 0x03C3, 0x03A3, 0x0383, 0x0383, 0x04C4, 0x15E6, 0x2487,
    0x2B67, 0x1BC5, 0x0424, 0x0463, 0x1425, 0x3B88, 0x5B8B, 0x4C4B, 0x3549, 0x1D47, 0x1425, 0x0B04,
    0x0242, 0x02A2, 0x0C44, 0x0D46, 0x0CC5, 0x03E3, 0x03A2, 0x03E3, 0x0403, 0x03E3, 0x03E3, 0x03E3,
    0x03A3, 0x03A3, 0x04E5, 0x0D25, 0x0383, 0x0241, 0x0A82, 0x33C7, 0x54CC, 0x552C, 0x452B, 0x454B,
    0x3CE9, 0x1C06, 0x0B43, 0x0322, 0x0302, 0x0282, 0x02C2, 0x0C24, 0x0565, 0x0524, 0x0423, 0x03A3,
    0x03C3, 0x03A3, 0x03C3, 0x03C3, 0x03E3, 0x03E3, 0x03E3, 0x03E3, 0x03C3, 0x03A3, 0x03C3, 0x04E4,
    0x0CE5, 0x3387, 0x43A9, 0x2BE7, 0x0361, 0x0360, 0x03C2, 0x0403, 0x24A7, 0x44EA, 0x4CCB, 0x33E8,
    0x1B04, 0x02A2, 0x0282, 0x0242, 0x0241, 0x0BA3, 0x0CE5, 0x0525, 0x0423, 0x0383, 0x03C3, 0x03E3,
    0x03E3, 0x03E3, 0x0363, 0x03E3, 0x0505, 0x0CC4, 0x0B23, 0x01E1, 0x0160, 0x0221, 0x1BC5, 0x45CB,
    0x576F, 0x4FEE, 0x5F4F, 0x6E90, 0x6E90, 0x6730, 0x5FCF, 0x5FF0, 0x67D0, 0x5FD0, 0x57EF, 0x3FAD,
    0x3EEB, 0x3DCB, 0x354A, 0x2487, 0x0323, 0x0282, 0x0221, 0x0201, 0x1CC6, 0x2F4B, 0x1F29, 0x06C6,
    0x0666, 0x1DA8, 0x448B, 0x640C, 0x54EC, 0x4DEC, 0x46EC, 0x478D, 0x47AD, 0x478D, 0x474D, 0x3EEC,
    0x372B, 0x2FAB, 0x1DC8, 0x03E4, 0x0463, 0x14E6, 0x2508, 0x3569, 0x3E2B, 0x4ECD, 0x5EEF, 0x6ED0,
    0x7691, 0x7610, 0x3E6C, 0x16A8, 0x1DE7, 0x1C66, 0x1405, 0x0505, 0x0403, 0x02A1, 0x0343, 0x2D48,
    0x45CC, 0x3C28, 0x1385, 0x03E3, 0x03E2, 0x0403, 0x1C66, 0x44CB, 0x556C, 0x4DCC, 0x4D6C, 0x454B,
    0x2D08, 0x13E5, 0x0262, 0x0201, 0x0302, 0x0C64, 0x04E5, 0x0CC4, 0x0CC4, 0x0C44, 0x02E2, 0x0201,
    0x01E1, 0x0222, 0x01E1, 0x01A1, 0x0A22, 0x1526, 0x274A, 0x45AB, 0x4C0B, 0x3388, 0x0B64, 0x0341,
    0x0B63, 0x3C09, 0x5D4D, 0x6ED0, 0x7FD3, 0x9FF5, 0x97F5, 0x5FCF, 0x1D87, 0x0322, 0x0322, 0x0383,
    0x0383, 0x0363, 0x0343, 0x0302, 0x02E2, 0x02E2, 0x02C2, 0x0282, 0x02A2, 0x0342, 0x0CC5, 0x3CEA,
    0x652E, 0x5E2E, 0x46EC, 0x1F49, 0x1768, 0x1EE8, 0x3DEA, 0x5D0D, 0x6C6E, 0x646D, 0x44EB, 0x2588,
    0x1D68, 0x2CC8, 0x2467, 0x0BE4, 0x03C2, 0x04E4, 0x0CE5, 0x0343, 0x0242, 0x0242, 0x13A4, 0x2628,
    0x3E4B, 0x4429, 0x23E7, 0x0424, 0x0422, 0x0483, 0x14A6, 0x3CAA, 0x54EC, 0x4D2C, 0x3D6A, 0x2D49,
    0x2528, 0x1CE7, 0x1445, 0x0B03, 0x0222, 0x0343, 0x0CE5, 0x0D85, 0x0D85, 0x0D45, 0x0D65, 0x0D85,
    0x0D25, 0x0BC3, 0x0262, 0x0161, 0x0160, 0x0AA3, 0x2487, 0x460C, 0x5E8E, 0x6E30, 0x7630, 0x4E4D,
    0x1EA8, 0x0686, 0x2D49, 0x4C2A, 0x3408, 0x1446, 0x04A4, 0x1486, 0x3C2A, 0x5C2C, 0x550D, 0x3E6B,
    0x1DE7, 0x03A3, 0x0322, 0x03A3, 0x0363, 0x0342, 0x0342, 0x0322, 0x0302, 0x0322, 0x0342, 0x02C2,
    0x0383, 0x15A7, 0x270A, 0x378B, 0x478C, 0x47AD, 0x47CE, 0x57AF, 0x6790, 0x6750, 0x570E, 0x370B,
    0x1E48, 0x1485, 0x03A3, 0x03C2, 0x03E3, 0x03C3, 0x0383, 0x0343, 0x02E2, 0x0282, 0x02A2, 0x03E4,
    0x0CA4, 0x0423, 0x03C3, 0x0383, 0x03A3, 0x0C44, 0x0CA4, 0x0C24, 0x0322, 0x02A2, 0x0322, 0x0383,
    0x0363, 0x0363, 0x02E2, 0x0322, 0x0CC5, 0x3DCA, 0x56AE, 0x47CD, 0x4F2D, 0x65CE, 0x6CCE, 0x542B,
    0x2C27, 0x0424, 0x0403, 0x0403, 0x0403, 0x0403, 0x03E3, 0x03E3, 0x03E3, 0x03C3, 0x0383, 0x0484,
    0x0D05, 0x03E3, 0x02C2, 0x0262, 0x02A2, 0x0221, 0x0303, 0x2E0A, 0x57AF, 0x67D0, 0x5FD0, 0x6730,
    0x7691, 0x7671, 0x76B1, 0x6710, 0x5F4F, 0x4F6E, 0x4F8D, 0x478D, 0x474D, 0x472D, 0x2FAB, 0x1EE8,
    0x0D05, 0x03A3, 0x0362, 0x03A3, 0x0343, 0x0322, 0x0302, 0x0302, 0x0282, 0x0261, 0x0B23, 0x1DA7,
    0x36AB, 0x44AA, 0x33C7, 0x0C45, 0x0423, 0x0443, 0x0C84, 0x34A8, 0x54CC, 0x5D6E, 0x468C, 0x2F4B,
    0x27AA, 0x278A, 0x1E08, 0x1425, 0x0323, 0x0302, 0x0322, 0x02E2, 0x02A2, 0x0282, 0x0282, 0x0201,
    0x0263, 0x1CE7, 0x2729, 0x1768, 0x1E48, 0x34A9, 0x33E9, 0x0C25, 0x0423, 0x0403, 0x0443, 0x23C7,
    0x4B6A, 0x448B, 0x24C8, 0x13E4, 0x02C2, 0x02A2, 0x02E2, 0x0282, 0x0282, 0x0B43, 0x0BE4, 0x0C24,
    0x0C03, 0x03A3, 0x02E3, 0x0221, 0x01C1, 0x0181, 0x0A42, 0x24A7, 0x1E08, 0x0626, 0x0645, 0x0645,
    0x15C7, 0x34C9, 0x540B, 0x542C, 0x44EB, 0x45AB, 0x4E4C, 0x472D, 0x478D, 0x47AD, 0x476D, 0x470D,
    0x468C, 0x360A, 0x2E29, 0x25C8, 0x1425, 0x0303, 0x02E2, 0x02E2, 0x02C2, 0x02A2, 0x0281, 0x02C2,
    0x23C6, 0x44EB, 0x552C, 0x3C49, 0x2B86, 0x0AC3, 0x0261, 0x0281, 0x02E2, 0x02C3, 0x0242, 0x0342,
    0x0D25, 0x1546, 0x1465, 0x03C3, 0x03E3, 0x03E3, 0x03A3, 0x03A3, 0x03C3, 0x03E3, 0x03E3, 0x03C3,
    0x03C3, 0x03E3, 0x0383, 0x0362, 0x0484, 0x1586, 0x1D47, 0x2407, 0x1B66, 0x0BE4, 0x0403, 0x0402,
    0x0423, 0x1C27, 0x4BEA, 0x5BEC, 0x4CAB, 0x2548, 0x1D27, 0x1CA6, 0x1384, 0x0A63, 0x0222, 0x0383,
    0x0D25, 0x0D05, 0x03E3, 0x0362, 0x0383, 0x03C3, 0x03A3, 0x0342, 0x0383, 0x04A4, 0x0D65, 0x0C44,
    0x0242, 0x0200, 0x2345, 0x546B, 0x3469, 0x1404, 0x1424, 0x1C86, 0x3509, 0x450A, 0x4489, 0x2386,
    0x02E2, 0x02A1, 0x02A1, 0x02E3, 0x0424, 0x0D45, 0x0D45, 0x0443, 0x0382, 0x03A3, 0x03E3, 0x0403,
    0x0403, 0x0403, 0x0423, 0x0424, 0x0362, 0x03C3, 0x0CE5, 0x0483, 0x1384, 0x3B28, 0x3387, 0x0BC3,
    0x0382, 0x03A2, 0x03E3, 0x03E3, 0x03E3, 0x0C04, 0x2446, 0x3C89, 0x444A, 0x3367, 0x12A3, 0x0241,
    0x0241, 0x0221, 0x0B23, 0x0CC5, 0x0D45, 0x0484, 0x03A3, 0x0383, 0x03A3, 0x03A3, 0x0423, 0x0525,
    0x0D85, 0x0BA3, 0x01E1, 0x0201, 0x01C0, 0x0201, 0x1BE5, 0x460B, 0x5F70, 0x5F90, 0x5F2F, 0x5EAE,
    0x56AE, 0x66CF, 0x6750, 0x5FD0, 0x67F0, 0x67D1, 0x57D0, 0x478D, 0x3ECC, 0x3DCB, 0x3529, 0x1C47,
    0x0303, 0x0261, 0x0221, 0x02A2, 0x25A8, 0x478D, 0x46AC, 0x364A, 0x16C8, 0x1688, 0x456C, 0x74CF,
    0x6D8F, 0x56AE, 0x478E, 0x47EE, 0x47ED, 0x47CD, 0x3F8D, 0x472D, 0x472D, 0x376C, 0x2609, 0x0CC5,
    0x0D05, 0x34A9, 0x4CCB, 0x362A, 0x1728, 0x1F49, 0x3ECC, 0x6DEF, 0x7D50, 0x6D2E, 0x35EA, 0x1627,
    0x2528, 0x2406, 0x0BE4, 0x04C4, 0x0424, 0x02E2, 0x02E2, 0x1D27, 0x464C, 0x444B, 0x1B86, 0x0402,
    0x03C2, 0x0BC4, 0x2C28, 0x552C, 0x4E4D, 0x3ECC, 0x4E2C, 0x55CD, 0x456B, 0x1C67, 0x0303, 0x0221,
    0x0262, 0x02C2, 0x02E2, 0x0302, 0x02C2, 0x0262, 0x0201, 0x01E1, 0x0201, 0x0221, 0x0201, 0x01C1,
    0x01A1, 0x0C65, 0x1F49, 0x2E8A, 0x44EA, 0x3C09, 0x13A5, 0x0321, 0x0302, 0x1B86, 0x546B, 0x7DD0,
    0x8F53, 0xA7F6, 0xA7F6, 0x67F1, 0x25C8, 0x0362, 0x0342, 0x0383, 0x03A3, 0x0383, 0x0322, 0x02A0,
    0x02A0, 0x02C2, 0x02E3, 0x0282, 0x02C2, 0x0382, 0x14E6, 0x458B, 0x5E2E, 0x570E, 0x472C, 0x2F2A,
    0x26EA, 0x362A, 0x452B, 0x4C6B, 0x442A, 0x3C49, 0x3469, 0x2CA8, 0x2CA8, 0x2448, 0x1446, 0x0403,
    0x03C2, 0x04E4, 0x0CE5, 0x0343, 0x01E1, 0x0242, 0x1C65, 0x1EC8, 0x26A9, 0x34C9, 0x3BE9, 0x23E7,
    0x0C25, 0x0C85, 0x24E7, 0x3D6B, 0x4DEC, 0x4E2C, 0x45EC, 0x3D4A, 0x3509, 0x2D08, 0x2507, 0x1426,
    0x02C3, 0x0282, 0x0342, 0x0C44, 0x0CA5, 0x0484, 0x0464, 0x0C44, 0x0B63, 0x0242, 0x01C1, 0x01A1,
    0x0201, 0x1BE6, 0x3DAB, 0x566D, 0x570E, 0x670F, 0x7691, 0x664F, 0x366B, 0x2E49, 0x4D2B, 0x644D,
    0x4C2B, 0x2CA8, 0x1D07, 0x3509, 0x54CC, 0x5CCD, 0x4D8C, 0x3ECB, 0x1E48, 0x0404, 0x0362, 0x03C3,
    0x03A3, 0x03A3, 0x0382, 0x0383, 0x03A3, 0x0383, 0x0362, 0x03A3, 0x1526, 0x276A, 0x37CC, 0x476D,
    0x476D, 0x47AD, 0x4FCE, 0x5FAF, 0x67B0, 0x6750, 0x6EB0, 0x46ED, 0x274A, 0x1E68, 0x14C5, 0x03C3,
    0x03C3, 0x03E3, 0x03C3, 0x0363, 0x0322, 0x02C2, 0x0262, 0x0AE3, 0x0BE4, 0x0CA4, 0x0C84, 0x0444,
    0x0C64, 0x0CA5, 0x0C64, 0x0342, 0x02A2, 0x0302, 0x0362, 0x0383, 0x0363, 0x0363, 0x02E2, 0x0302,
    0x04A4, 0x358A, 0x5E2E, 0x5EEF, 0x662F, 0x6CEF, 0x5C6C, 0x3448, 0x0C45, 0x0403, 0x03E3, 0x03E3,
    0x03E3, 0x03C3, 0x03C3, 0x03A3, 0x03E3, 0x03C3, 0x0383, 0x0484, 0x0D05, 0x03E3, 0x02C2, 0x0262,
    0x0282, 0x0261, 0x0BA4, 0x368B, 0x5F90, 0x6F30, 0x5F2F, 0x5ECF, 0x668F, 0x6ED0, 0x6770, 0x5FCF,
    0x57EF, 0x57EF, 0x4FEE, 0x3FED, 0x478D, 0x474D, 0x378B, 0x2709, 0x1566, 0x03A3, 0x0342, 0x0383,
    0x0342, 0x0302, 0x02E2, 0x02E2, 0x0241, 0x0241, 0x1405, 0x1E48, 0x26E9, 0x3509, 0x3BE9, 0x2BE7,
    0x1405, 0x0464, 0x14A6, 0x3509, 0x4DAC, 0x4E4D, 0x4ECD, 0x470C, 0x372B, 0x2F6A, 0x26E9, 0x1D68,
    0x0BA4, 0x02E2, 0x02E2, 0x02C2, 0x02C2, 0x0282, 0x0201, 0x0262, 0x1C66, 0x2EEA, 0x27CA, 0x0707,
    0x0E26, 0x2D08, 0x3C09, 0x1C06, 0x0423, 0x0443, 0x0C85, 0x3429, 0x5BCB, 0x4C6B, 0x3529, 0x1D06,
    0x0343, 0x02A2, 0x0302, 0x02E2, 0x0262, 0x0222, 0x0282, 0x02C2, 0x0282, 0x0242, 0x01C1, 0x01A1,
    0x01A1, 0x01E1, 0x1304, 0x2D68, 0x364A, 0x2DC8, 0x1E48, 0x06C6, 0x0E86, 0x2DA9, 0x5CAD, 0x746F,
    0x654E, 0x564D, 0x4F0D, 0x47AD, 0x47ED, 0x47CD, 0x3FAD, 0x478D, 0x470D, 0x3E6C, 0x364A, 0x2629,
    0x1D27, 0x0BC4, 0x02E2, 0x0302, 0x0322, 0x02A2, 0x0200, 0x1AE4, 0x4CAB, 0x550C, 0x44CA, 0x3CA9,
    0x3CC9, 0x3C89, 0x23C6, 0x12E3, 0x02C2, 0x02C1, 0x0281, 0x02C2, 0x03E4, 0x0524, 0x0544, 0x0463,
    0x03A3, 0x0383, 0x03C3, 0x03E3, 0x03E3, 0x03E3, 0x03E3, 0x0403, 0x03E3, 0x03A3, 0x03A3, 0x0424,
    0x0CE5, 0x1506, 0x1C86, 0x23E7, 0x23A6, 0x13C5, 0x03E3, 0x0402, 0x0443, 0x14A6, 0x3CAA, 0x5C6C,
    0x54CB, 0x352A, 0x2549, 0x1D27, 0x1CA6, 0x13A5, 0x0A42, 0x0221, 0x0BC3, 0x0CE5, 0x0D05, 0x0464,
    0x0403, 0x0403, 0x0424, 0x0424, 0x04E4, 0x0D65, 0x0C64, 0x02C2, 0x0201, 0x0A62, 0x2BA7, 0x448A,
    0x1405, 0x0360, 0x03A2, 0x03E3, 0x1444, 0x2C87, 0x34A8, 0x3448, 0x2BA6, 0x1B24, 0x02A2, 0x0241,
    0x02A2, 0x0BA4, 0x0CA5, 0x0D05, 0x0484, 0x03A3, 0x0382, 0x03C3, 0x03E3, 0x0403, 0x03C3, 0x03A3,
    0x0362, 0x0464, 0x0D86, 0x0382, 0x1243, 0x4369, 0x23C6, 0x0382, 0x03A3, 0x03C4, 0x03E4, 0x03E3,
    0x03C2, 0x03E2, 0x0443, 0x14A5, 0x2CC8, 0x3448, 0x33A7, 0x2325, 0x12A3, 0x0200, 0x0221, 0x0B43,
    0x0CA4, 0x0D25, 0x0CE5, 0x04A5, 0x0CC4, 0x0CE4, 0x0545, 0x0D25, 0x0C04, 0x0282, 0x01E1, 0x0262,
    0x01E1, 0x0201, 0x13C5, 0x3E2B, 0x6750, 0x6F10, 0x56EE, 0x370B, 0x2F0A, 0x4EAD, 0x6EB0, 0x6730,
    0x67B0, 0x5FF0, 0x57EF, 0x47AD, 0x46CC, 0x458B, 0x34E9, 0x1C26, 0x02E3, 0x0221, 0x0221, 0x0B23,
    0x2E09, 0x578E, 0x6E90, 0x660E, 0x466C, 0x3E6B, 0x5DEE, 0x7DD0, 0x6E90, 0x576F, 0x4FCF, 0x57EF,
    0x4FEE, 0x47ED, 0x3FCD, 0x3F8D, 0x474D, 0x3EAC, 0x2E09, 0x1586, 0x1D26, 0x4CCB, 0x652E, 0x36AB,
    0x0FA8, 0x0F68, 0x366A, 0x5D0D, 0x6C6E, 0x4C8B, 0x3509, 0x2508, 0x2C88, 0x13E5, 0x0403, 0x0484,
    0x0444, 0x0323, 0x0282, 0x1506, 0x36AB, 0x4C8C, 0x3388, 0x03E3, 0x03C2, 0x1384, 0x3BC9, 0x5D0D,
    0x4ECD, 0x3FAC, 0x4F0D, 0x666F, 0x55ED, 0x2D08, 0x0BA3, 0x0281, 0x0282, 0x0282, 0x0242, 0x0242,
    0x0221, 0x0201, 0x0221, 0x0242, 0x0241, 0x0221, 0x0241, 0x01E1, 0x0140, 0x0BA4, 0x1EC8, 0x1F29,
    0x2E09, 0x2CC9, 0x1445, 0x0362, 0x02C1, 0x0323, 0x33C8, 0x74EF, 0x8EB3, 0xA7B7, 0xA7F7, 0x6FF2,
    0x2609, 0x03A3, 0x0342, 0x03A3, 0x03A3, 0x0342, 0x0B63, 0x1BA5, 0x1343, 0x02C1, 0x0261, 0x02A2,
    0x02E2, 0x03A3, 0x1526, 0x45EC, 0x56CE, 0x47AD, 0x474D, 0x46AC, 0x460C, 0x4D2C, 0x4C6B, 0x3428,
    0x1446, 0x1465, 0x1C46, 0x2C27, 0x2427, 0x1446, 0x0444, 0x03E3, 0x03C3, 0x0CE5, 0x0CE5, 0x0323,
    0x01A0, 0x0AC3, 0x1DA7, 0x1F48, 0x0EE7, 0x15A7, 0x3488, 0x3C09, 0x3409, 0x3489, 0x3D4A, 0x462C,
    0x46ED, 0x470D, 0x3EAC, 0x460B, 0x456A, 0x3D09, 0x2D29, 0x1CE7, 0x1405, 0x02E2, 0x0241, 0x0262,
    0x02A2, 0x02C2, 0x0282, 0x0201, 0x01C1, 0x01E2, 0x01E1, 0x0201, 0x0AC3, 0x2D09, 0x4E8D, 0x56EE,
    0x4FCE, 0x57CF, 0x6ED0, 0x6E30, 0x5E2E, 0x5DEE, 0x6D4F, 0x74CF, 0x5D0D, 0x456B, 0x3DCB, 0x45CB,
    0x55AD, 0x55CD, 0x462C, 0x374B, 0x1EA8, 0x0C85, 0x03A3, 0x03E3, 0x03E3, 0x03E3, 0x03C3, 0x03C3,
    0x03E3, 0x03A3, 0x0342, 0x0CC5, 0x1EC9, 0x2FAB, 0x3F4C, 0x472D, 0x47AD, 0x4FEE, 0x5FEF, 0x5FF0,
    0x5FF0, 0x6750, 0x6E10, 0x460B, 0x1F08, 0x1FA9, 0x1E68, 0x1485, 0x03C3, 0x03E3, 0x0403, 0x03A3,
    0x0363, 0x0322, 0x0302, 0x0282, 0x02E2, 0x0C24, 0x0CA5, 0x0CA4, 0x0CC4, 0x0C44, 0x0363, 0x02C2,
    0x0302, 0x0383, 0x03A2, 0x03A3, 0x0383, 0x0383, 0x02E2, 0x0302, 0x0463, 0x2D48, 0x5D6E, 0x7570,
    0x7CF0, 0x5C8D, 0x2C68, 0x0C65, 0x0423, 0x03E3, 0x03C3, 0x03E3, 0x03C3, 0x03C3, 0x03A3, 0x03A3,
    0x03C3, 0x03C3, 0x0363, 0x04A4, 0x0D25, 0x0383, 0x02C2, 0x02A2, 0x0282, 0x0281, 0x1404, 0x36CB,
    0x576F, 0x5ECE, 0x46ED, 0x3EEC, 0x4ECD, 0x5EEF, 0x6790, 0x5FF0, 0x5FF0, 0x5FD0, 0x57EE, 0x47ED,
    0x476D, 0x472D, 0x376C, 0x270A, 0x1586, 0x03A3, 0x0322, 0x0363, 0x0322, 0x02E2, 0x02E2, 0x02E2,
    0x0201, 0x0282, 0x1D47, 0x1F29, 0x0F07, 0x15E7, 0x2CA8, 0x3C09, 0x33E8, 0x2467, 0x2508, 0x3D8B,
    0x4E6C, 0x472D, 0x476D, 0x476D, 0x470D, 0x368B, 0x2E8A, 0x2629, 0x1C66, 0x0B23, 0x02C2, 0x02A2,
    0x02C2, 0x0242, 0x01C1, 0x13C5, 0x36AA, 0x474C, 0x2ECA, 0x1687, 0x0686, 0x1DA7, 0x3C49, 0x33E8,
    0x1446, 0x0CC5, 0x1CE7, 0x44AB, 0x5CAD, 0x4CEC, 0x35CA, 0x1DE8, 0x1465, 0x0B23, 0x02E2, 0x0322,
    0x0302, 0x02A2, 0x0261, 0x0221, 0x0201, 0x0201, 0x0242, 0x0242, 0x01C0, 0x0201, 0x13C5, 0x35EA,
    0x4E6D, 0x5DCD, 0x4E2C, 0x2EAA, 0x1EA8, 0x362A, 0x656E, 0x7D30, 0x6DEF, 0x570E, 0x4FAE, 0x4FEE,
    0x4FEE, 0x47ED, 0x3FED, 0x3FCD, 0x3F8D, 0x46ED, 0x3EAC, 0x2E6A, 0x25E8, 0x1465, 0x02E2, 0x02E2,
    0x0302, 0x02C1, 0x0AE3, 0x3C89, 0x5DED, 0x2CE7, 0x0423, 0x14A5, 0x2CE8, 0x452A, 0x44EA, 0x33E7,
    0x1324, 0x02C2, 0x02E2, 0x02A2, 0x0282, 0x0BE4, 0x1505, 0x0D05, 0x0444, 0x03A3, 0x03C3, 0x03C3,
    0x03E3, 0x0403, 0x0403, 0x0403, 0x03E3, 0x0383, 0x0424, 0x0D05, 0x1425, 0x13A5, 0x1445, 0x1C66,
    0x23E7, 0x2387, 0x13C5, 0x0423, 0x0464, 0x1CE7, 0x3D2A, 0x4D6C, 0x4DAC, 0x45AB, 0x354A, 0x2CC8,
    0x24E7, 0x1CC7, 0x13C5, 0x0A63, 0x0221, 0x03A3, 0x0D25, 0x0D45, 0x0CE4, 0x04A4, 0x0CE5, 0x0D45,
    0x0D65, 0x0CA4, 0x0B03, 0x0201, 0x0241, 0x1AE4, 0x33C8, 0x2C47, 0x0BC4, 0x0382, 0x03E4, 0x03E3,
    0x03C1, 0x03C1, 0x0444, 0x24C7, 0x3CA9, 0x33C8, 0x1B24, 0x02C2, 0x0241, 0x0221, 0x02E2, 0x0CA5,
    0x0D45, 0x0C43, 0x03C3, 0x03C3, 0x03E3, 0x03E3, 0x03A3, 0x0382, 0x0464, 0x0D25, 0x0484, 0x0261,
    0x1A03, 0x43E9, 0x2406, 0x0362, 0x0383, 0x03A3, 0x03C3, 0x03E3, 0x0424, 0x0484, 0x04C4, 0x04A4,
    0x0CA5, 0x2CC7, 0x44AA, 0x4409, 0x2B66, 0x1303, 0x0281, 0x0221, 0x0303, 0x0C84, 0x0D65, 0x0D65,
    0x0D45, 0x0D65, 0x0D05, 0x0BC3, 0x0262, 0x0241, 0x02A2, 0x0282, 0x0222, 0x0221, 0x0B43, 0x35EA,
    0x576F, 0x56EE, 0x36EB, 0x1768, 0x0F68, 0x2F0A, 0x566E, 0x6E70, 0x6F11, 0x5FD0, 0x4FEF, 0x478D,
    0x4E8D, 0x4D6C, 0x34A9, 0x13E5, 0x02C2, 0x0201, 0x0221, 0x0B64, 0x360A, 0x5FAF, 0x6F11, 0x7670,
    0x6E4F, 0x6E0F, 0x7630, 0x7691, 0x5F70, 0x57CF, 0x5FD0, 0x5FD0, 0x5FCF, 0x57EE, 0x47EE, 0x3FED,
    0x3F6D, 0x466C, 0x2DE9, 0x1DA7, 0x2D48, 0x556C, 0x660F, 0x470C, 0x2769, 0x26E9, 0x3DAA, 0x4C8B,
    0x3C2A, 0x2C28, 0x2448, 0x2448, 0x1C46, 0x0404, 0x0403, 0x0464, 0x0C64, 0x0343, 0x0202, 0x14A5,
    0x2F0A, 0x4D0B, 0x43CA, 0x1BA5, 0x0382, 0x0B43, 0x3388, 0x5CAD, 0x56AE, 0x47EE, 0x5FAF, 0x7711,
    0x6EB0, 0x3DEB, 0x1424, 0x02A1, 0x02E2, 0x0323, 0x02E2, 0x02C2, 0x02C2, 0x02A2, 0x0282, 0x0262,
    0x0242, 0x0222, 0x0262, 0x0201, 0x0140, 0x0AE3, 0x1E07, 0x1789, 0x1EE9, 0x1D88, 0x0D05, 0x0423,
    0x0302, 0x02E1, 0x1B65, 0x548C, 0x7E11, 0xA736, 0xAFF8, 0x77F2, 0x2E29, 0x03C3, 0x0342, 0x0383,
    0x03C3, 0x0BE4, 0x34A9, 0x554D, 0x4CEB, 0x23C6, 0x0AC2, 0x02A1, 0x0302, 0x03A3, 0x1D27, 0x462C,
    0x572E, 0x3FED, 0x472D, 0x55ED, 0x5D0D, 0x546C, 0x3429, 0x0C25, 0x0443, 0x0443, 0x0424, 0x0C25,
    0x0C25, 0x0424, 0x0423, 0x03C3, 0x03C3, 0x04E5, 0x04C4, 0x02E2, 0x01A0, 0x1364, 0x26A9, 0x1769,
    0x06E6, 0x0686, 0x15C7, 0x3CCA, 0x5C2D, 0x648D, 0x55AD, 0x46CD, 0x47AD, 0x47CD, 0x3F4C, 0x3ECB,
    0x3E2B, 0x458B, 0x354A, 0x2D49, 0x1CE7, 0x0BA4, 0x02C2, 0x02C2, 0x02A2, 0x0282, 0x0261, 0x0221,
    0x0242, 0x0242, 0x01C1, 0x0221, 0x1C05, 0x3DEB, 0x570E, 0x578F, 0x4FEF, 0x57AF, 0x6EF0, 0x7650,
    0x7E31, 0x7E11, 0x7611, 0x6E10, 0x5E4E, 0x4E8D, 0x46CD, 0x46ED, 0x4ECD, 0x4ECD, 0x3ECC, 0x2F8B,
    0x2709, 0x1506, 0x03E3, 0x03E3, 0x0403, 0x0423, 0x0403, 0x0403, 0x0403, 0x03C3, 0x03E3, 0x1607,
    0x27AA, 0x376C, 0x3F4D, 0x478D, 0x47CE, 0x57CF, 0x5FD0, 0x5FF0, 0x67B0, 0x6ED0, 0x6E10, 0x362A,
    0x06E6, 0x0F47, 0x1F29, 0x1DC7, 0x0403, 0x03C3, 0x0424, 0x03E3, 0x03A3, 0x0363, 0x0343, 0x02E2,
    0x02C2, 0x0303, 0x0343, 0x0383, 0x0383, 0x0322, 0x02E2, 0x0302, 0x0363, 0x03C3, 0x03E3, 0x03C3,
    0x03A3, 0x0382, 0x02E2, 0x02E2, 0x0403, 0x1506, 0x452B, 0x6C4D, 0x5C4D, 0x2CC8, 0x0C64, 0x0422,
    0x03E3, 0x03A3, 0x03C3, 0x03E3, 0x03C3, 0x03C3, 0x03C3, 0x03A3, 0x03A3, 0x0383, 0x0383, 0x0CE4,
    0x0D25, 0x0343, 0x02A2, 0x02E2, 0x02A2, 0x02A2, 0x1405, 0x2EEA, 0x37AC, 0x270A, 0x1F29, 0x1F48,
    0x2F0A, 0x5EEF, 0x6750, 0x5FF0, 0x67F0, 0x5FD0, 0x57EF, 0x47EE, 0x478D, 0x474C, 0x3F6C, 0x26EA,
    0x1566, 0x03A3, 0x0322, 0x0363, 0x0322, 0x0302, 0x02C2, 0x02A2, 0x0202, 0x0B44, 0x2669, 0x1FA9,
    0x06E6, 0x0686, 0x15C7, 0x34C9, 0x540B, 0x5C4C, 0x4D4C, 0x464C, 0x472D, 0x47CD, 0x3FCD, 0x47AD,
    0x474C, 0x468C, 0x3E0B, 0x2DC9, 0x2507, 0x0BC4, 0x02A2, 0x02A2, 0x0262, 0x0222, 0x0AA2, 0x2548,
    0x4F8E, 0x66CF, 0x5E0E, 0x2E8A, 0x06C7, 0x1627, 0x44AA, 0x5BEC, 0x444A, 0x2D08, 0x356A, 0x4DAC,
    0x55ED, 0x4E0C, 0x366A, 0x2689, 0x1DA8, 0x1425, 0x0302, 0x0322, 0x0323, 0x02E2, 0x02A2, 0x0282,
    0x0262, 0x0241, 0x0262, 0x0242, 0x01A1, 0x0242, 0x1C66, 0x3E8C, 0x66CF, 0x7630, 0x6E10, 0x564D,
    0x466C, 0x562D, 0x6DEF, 0x7E10, 0x66D0, 0x578F, 0x57EF, 0x57EF, 0x57CF, 0x4FEE, 0x4FEE, 0x3FED,
    0x3FCC, 0x478D, 0x472D, 0x3ECB, 0x2E6A, 0x14E6, 0x0323, 0x0303, 0x02E2, 0x02A1, 0x2386, 0x3CCA,
    0x3509, 0x0C03, 0x03A1, 0x0403, 0x0403, 0x0C23, 0x1C66, 0x34A9, 0x4469, 0x33A7, 0x1304, 0x02A1,
    0x0281, 0x0261, 0x0323, 0x0C84, 0x0D25, 0x0C84, 0x0362, 0x03A2, 0x0403, 0x0403, 0x0423, 0x03C3,
    0x0362, 0x03C3, 0x04C4, 0x0CE4, 0x1304, 0x1304, 0x0D06, 0x0D25, 0x1445, 0x33C7, 0x33A7, 0x2407,
    0x2487, 0x3529, 0x45CB, 0x466C, 0x46AC, 0x464C, 0x45AB, 0x3D2A, 0x34E9, 0x24E8, 0x1CA7, 0x13A5,
    0x0282, 0x0282, 0x0363, 0x0C64, 0x0CE5, 0x0D05, 0x0CE5, 0x0484, 0x03A3, 0x02A2, 0x0262, 0x0241,
    0x0241, 0x2325, 0x3C08, 0x2426, 0x0BC3, 0x0382, 0x03E3, 0x03E3, 0x03E3, 0x0443, 0x04A3, 0x0CE5,
    0x1CE6, 0x2CA8, 0x3428, 0x3387, 0x12E4, 0x0261, 0x0241, 0x02C2, 0x0C24, 0x0D65, 0x0505, 0x0423,
    0x03E3, 0x03E3, 0x0423, 0x04C4, 0x0DA6, 0x04E5, 0x02A2, 0x01A1, 0x22A5, 0x4C0A, 0x2406, 0x0381,
    0x03A2, 0x03A3, 0x03A3, 0x03C3, 0x0424, 0x0CC5, 0x1D07, 0x352A, 0x450B, 0x450A, 0x2D08, 0x2CC8,
    0x3469, 0x3C09, 0x2345, 0x0281, 0x0281, 0x02E2, 0x0342, 0x03A3, 0x0383, 0x0363, 0x0302, 0x02C2,
    0x02A2, 0x02A2, 0x02C2, 0x02A2, 0x02A2, 0x0261, 0x0282, 0x2568, 0x3FAC, 0x2F6A, 0x1F28, 0x0F48,
    0x0F68, 0x1728, 0x36AB, 0x5E0F, 0x7631, 0x6F10, 0x578F, 0x570E, 0x560E, 0x4D6C, 0x2487, 0x0383,
    0x02A2, 0x0221, 0x0221, 0x0B84, 0x360A, 0x5FEF, 0x67B0, 0x6750, 0x6ED0, 0x7651, 0x7671, 0x6F10,
    0x5FCF, 0x5FEF, 0x67F0, 0x5FD1, 0x5FD0, 0x5FEF, 0x57EE, 0x47EE, 0x3F6D, 0x464C, 0x2DA9, 0x1D87,
    0x2D68, 0x4E0C, 0x5F0F, 0x474D, 0x3F0B, 0x45EB, 0x4CAB, 0x3428, 0x0C25, 0x0444, 0x0C25, 0x0C25,
    0x0424, 0x03E3, 0x03E3, 0x0444, 0x0C84, 0x0B63, 0x09A2, 0x0C25, 0x2709, 0x3DCB, 0x4C2B, 0x3368,
    0x0B43, 0x0342, 0x1B65, 0x544B, 0x5E0E, 0x5F8F, 0x6FF1, 0x87B4, 0x7F73, 0x4ECD, 0x14A6, 0x02E2,
    0x0302, 0x0343, 0x0322, 0x0302, 0x02E2, 0x02C2, 0x02A2, 0x0282, 0x0262, 0x0242, 0x0262, 0x0201,
    0x0160, 0x0A82, 0x1546, 0x1789, 0x1788, 0x1647, 0x0DA6, 0x04C4, 0x03A2, 0x0302, 0x0343, 0x2447,
    0x5D6D, 0x9E94, 0xAF97, 0x7FF2, 0x2E4A, 0x03C3, 0x0362, 0x0362, 0x0404, 0x558C, 0x7650, 0x6E4F,
    0x7650, 0x6DEF, 0x44AA, 0x02E2, 0x0302, 0x03A3, 0x1546, 0x4E0C, 0x5ECE, 0x4F4E, 0x5E4E, 0x6D0E,
    0x5C6C, 0x3C29, 0x1426, 0x0423, 0x0402, 0x0403, 0x0403, 0x0403, 0x0403, 0x0403, 0x0403, 0x03C3,
    0x03C3, 0x0505, 0x0484, 0x0282, 0x01C1, 0x1405, 0x2F0A, 0x372B, 0x2689, 0x16C7, 0x0EA7, 0x35CA,
    0x6CEE, 0x752F, 0x5E4E, 0x4F6E, 0x4FEE, 0x4FEE, 0x47CD, 0x3F6C, 0x3F0C, 0x3E6C, 0x3DAB, 0x35AA,
    0x2D88, 0x1445, 0x0343, 0x0322, 0x0302, 0x02C2, 0x02A2, 0x02A2, 0x02A2, 0x0282, 0x01C1, 0x0AA2,
    0x2D28, 0x4EAD, 0x5F4F, 0x5FD0, 0x5FB0, 0x6730, 0x6EB0, 0x7671, 0x7E91, 0x76D0, 0x6730, 0x5F4F,
    0x576F, 0x4F8E, 0x478D, 0x47AD, 0x476D, 0x472D, 0x3F0C, 0x2FAB, 0x2749, 0x1D87, 0x0C24, 0x03C3,
    0x0423, 0x0423, 0x0423, 0x0424, 0x03C3, 0x03E3, 0x0D05, 0x2689, 0x3F0C, 0x4EAD, 0x4F2D, 0x47ED,
    0x4FEE, 0x57D0, 0x5FF0, 0x5FF0, 0x6F50, 0x6E90, 0x564E, 0x1E89, 0x06E5, 0x06E6, 0x1F69, 0x2689,
    0x0444, 0x03A3, 0x0423, 0x0403, 0x03E3, 0x03A3, 0x0383, 0x0363, 0x0322, 0x02C2, 0x02E2, 0x0302,
    0x0302, 0x0302, 0x0322, 0x0383, 0x03E3, 0x0403, 0x0423, 0x03E4, 0x03C3, 0x0383, 0x0323, 0x02E2,
    0x0322, 0x0CC5, 0x25A8, 0x3448, 0x23E6, 0x0444, 0x0443, 0x03E2, 0x03A3, 0x03A3, 0x03C3, 0x03E3,
    0x03E3, 0x03C3, 0x03C3, 0x03E3, 0x0363, 0x0382, 0x0C84, 0x0D25, 0x0C64, 0x0302, 0x02C2, 0x0322,
    0x02E2, 0x02A2, 0x0BC4, 0x26A9, 0x1FCA, 0x0F68, 0x0F67, 0x0F67, 0x272A, 0x5EAE, 0x6EF0, 0x67B0,
    0x67D0, 0x67D0, 0x5FCF, 0x4FEE, 0x47AD, 0x476D, 0x3F8C, 0x26C9, 0x1506, 0x03A3, 0x0342, 0x0363,
    0x0323, 0x0302, 0x02C2, 0x0242, 0x0242, 0x1405, 0x2F0A, 0x376B, 0x1E89, 0x0EC7, 0x06A6, 0x2DC8,
    0x64CD, 0x74CF, 0x65CE, 0x4F0D, 0x47AD, 0x47EE, 0x47EE, 0x3FED, 0x3F8C, 0x46CC, 0x45EB, 0x356A,
    0x2548, 0x1425, 0x02E2, 0x02C2, 0x0221, 0x0201, 0x13C5, 0x366A, 0x57AF, 0x6ED1, 0x7610, 0x564D,
    0x26A9, 0x2E29, 0x550D, 0x748E, 0x64EE, 0x45CB, 0x464C, 0x4ECC, 0x470D, 0x46ED, 0x3EEB, 0x2EEA,
    0x26C9, 0x1D47, 0x0383, 0x0342, 0x0342, 0x0302, 0x02E2, 0x02C2, 0x02A2, 0x0282, 0x0282, 0x0242,
    0x01A1, 0x0282, 0x1CE7, 0x46CD, 0x6770, 0x6EF0, 0x76B1, 0x6E50, 0x6E30, 0x6E10, 0x7650, 0x6ED0,
    0x5F6F, 0x5FEF, 0x5FF0, 0x5FD0, 0x5FD0, 0x57CF, 0x57CF, 0x4FEE, 0x3FED, 0x3FCD, 0x476D, 0x3ECC,
    0x368A, 0x1D26, 0x0363, 0x0323, 0x02C1, 0x02A1, 0x3407, 0x3CE9, 0x1465, 0x03C2, 0x0382, 0x03C3,
    0x03C2, 0x03C2, 0x0423, 0x14A5, 0x2CC8, 0x3468, 0x2BC7, 0x2325, 0x0AC3, 0x0221, 0x0221, 0x0303,
    0x0C84, 0x0D25, 0x0484, 0x03E3, 0x0383, 0x03A3, 0x03A3, 0x03A3, 0x0403, 0x0D45, 0x0CE4, 0x0B23,
    0x12A3, 0x13E5, 0x0585, 0x05A4, 0x0524, 0x1CA6, 0x3C29, 0x4C0B, 0x4C8B, 0x4D6C, 0x468C, 0x474D,
    0x3F6D, 0x3EEC, 0x464B, 0x45AB, 0x3D2A, 0x34E9, 0x2D08, 0x1C86, 0x0B43, 0x0282, 0x0282, 0x0323,
    0x0383, 0x03A3, 0x0383, 0x0302, 0x0262, 0x0201, 0x0262, 0x0261, 0x0241, 0x2B46, 0x3C49, 0x1C65,
    0x0403, 0x03A2, 0x03C3, 0x03C3, 0x0424, 0x04C5, 0x1D06, 0x2CE8, 0x3509, 0x3D0A, 0x3CE9, 0x3468,
    0x2C07, 0x1B65, 0x0282, 0x0221, 0x02E2, 0x0C64, 0x0D05, 0x0D05, 0x04E5, 0x04E4, 0x0D05, 0x0D25,
    0x0CA5, 0x0323, 0x01C1, 0x01C1, 0x2B26, 0x446A, 0x1C26, 0x0382, 0x03C3, 0x03C3, 0x03A3, 0x03C3,
    0x0444, 0x1CC7, 0x4D2B, 0x7570, 0x7D91, 0x758F, 0x556D, 0x44EB, 0x3C6A, 0x444A, 0x3C29, 0x1B85,
    0x02C2, 0x0261, 0x0282, 0x02C2, 0x02A2, 0x02A2, 0x0282, 0x02C2, 0x0322, 0x0322, 0x02E2, 0x02C2,
    0x0302, 0x02A2, 0x0261, 0x13E5, 0x2669, 0x1FCA, 0x17A8, 0x0F07, 0x0F07, 0x0F27, 0x16C8, 0x3E4B,
    0x65EF, 0x7630, 0x668F, 0x5E6F, 0x560D, 0x356A, 0x1405, 0x0302, 0x02C2, 0x0242, 0x0221, 0x0B43,
    0x35EA, 0x57EF, 0x5FF0, 0x5FCF, 0x6750, 0x76B1, 0x7671, 0x6ED0, 0x6770, 0x5FD0, 0x5FF0, 0x5FF0,
    0x67D0, 0x67D0, 0x5FD0, 0x4FEF, 0x474D, 0x462C, 0x3569, 0x1D27, 0x2D48, 0x466C, 0x4FAE, 0x478D,
    0x564D, 0x64ED, 0x4C4B, 0x1C26, 0x0423, 0x0422, 0x0403, 0x0403, 0x0403, 0x03E3, 0x03E3, 0x0423,
    0x04A4, 0x0B83, 0x0161, 0x0BA4, 0x1EE9, 0x2E6A, 0x44CA, 0x3BA9, 0x0B64, 0x0321, 0x0B23, 0x3BE8,
    0x5D4D, 0x6ED0, 0x7FD3, 0x97F5, 0x8FD5, 0x576E, 0x1D27, 0x0322, 0x0322, 0x0383, 0x0383, 0x0362,
    0x0302, 0x02E2, 0x02C2, 0x02C2, 0x0282, 0x0262, 0x0262, 0x0221, 0x0180, 0x0A42, 0x14E6, 0x1769,
    0x17A9, 0x16A7, 0x0646, 0x0585, 0x0443, 0x0363, 0x0342, 0x0403, 0x2D29, 0x7DF1, 0xA6F6, 0x77D2,
    0x2E29, 0x03A3, 0x0341, 0x0BA3, 0x24A7, 0x660E, 0x560D, 0x3548, 0x3D89, 0x562E, 0x65EE, 0x3C69,
    0x02E2, 0x03A2, 0x1546, 0x4DAC, 0x6DCF, 0x6E0F, 0x752F, 0x646D, 0x3C49, 0x1446, 0x0424, 0x0403,
    0x03E3, 0x03E3, 0x03E3, 0x03C3, 0x03C3, 0x03C3, 0x03E3, 0x03A3, 0x03C3, 0x0525, 0x0484, 0x0241,
    0x0201, 0x1C66, 0x3EEC, 0x5ECE, 0x562D, 0x466C, 0x2E8A, 0x462C, 0x6DCF, 0x7630, 0x5F0F, 0x57CF,
    0x57EF, 0x57EF, 0x57EF, 0x4FCE, 0x3FAD, 0x3F2C, 0x3E6B, 0x3E2B, 0x360A, 0x1CE7, 0x03C3, 0x0342,
    0x0322, 0x0323, 0x02E2, 0x02C2, 0x02A2, 0x0282, 0x0201, 0x0B63, 0x362A, 0x572F, 0x6710, 0x6750,
    0x670F, 0x66AF, 0x668F, 0x6E90, 0x6EF0, 0x5F8F, 0x57EF, 0x57EF, 0x57EF, 0x57EF, 0x4FEE, 0x47ED,
    0x47AD, 0x474D, 0x470D, 0x378B, 0x276A, 0x1E07, 0x0C64, 0x03C2, 0x0423, 0x0443, 0x0423, 0x0424,
    0x03A3, 0x0444, 0x2608, 0x460C, 0x556D, 0x55CD, 0x4ECD, 0x478D, 0x4FEE, 0x57EF, 0x5FF0, 0x67F0,
    0x6F30, 0x5E8F, 0x36AB, 0x0EE7, 0x06E6, 0x0706, 0x1768, 0x1E68, 0x0C24, 0x03A3, 0x0443, 0x0423,
    0x0403, 0x0403, 0x03C3, 0x03A3, 0x03A3, 0x03A3, 0x0383, 0x0363, 0x0383, 0x03A3, 0x03C3, 0x03E3,
    0x0403, 0x0423, 0x0403, 0x03E3, 0x03A3, 0x0362, 0x0362, 0x0302, 0x0282, 0x0404, 0x0D85, 0x0524,
    0x0443, 0x03C2, 0x03C3, 0x03C3, 0x03A3, 0x03C3, 0x03E3, 0x03E3, 0x03E3, 0x03E3, 0x03E3, 0x03C3,
    0x0363, 0x0403, 0x0D45, 0x0CC5, 0x0343, 0x0302, 0x0322, 0x0343, 0x0343, 0x02A2, 0x0B63, 0x2628,
    0x1FA9, 0x0F88, 0x0F47, 0x0F27, 0x1F0A, 0x566E, 0x6E90, 0x6750, 0x5FF0, 0x67F0, 0x5FD0, 0x4FEE,
    0x47AD, 0x3F6D, 0x3F8C, 0x2648, 0x0464, 0x0382, 0x0342, 0x0342, 0x0302, 0x0302, 0x02A2, 0x0201,
    0x02A2, 0x1CC6, 0x3F0C, 0x570F, 0x562D, 0x366B, 0x26A9, 0x364A, 0x65AE, 0x75B0, 0x668F, 0x578E,
    0x4FEE, 0x57EF, 0x4FEE, 0x47EE, 0x3FAD, 0x3F0C, 0x3E0B, 0x3D6A, 0x2D29, 0x1C46, 0x0323, 0x02C2,
    0x0201, 0x0242, 0x1CE7, 0x470D, 0x5F90, 0x6770, 0x6ED0, 0x6E50, 0x564D, 0x5E0E, 0x6D8F, 0x7590,
    0x660F, 0x4ECD, 0x474D, 0x47AD, 0x47AD, 0x476D, 0x470D, 0x370B, 0x2F6A, 0x1E48, 0x0C65, 0x0382,
    0x0342, 0x0343, 0x0303, 0x02E2, 0x02C2, 0x02A2, 0x02A2, 0x0262, 0x01A0, 0x0282, 0x2507, 0x4F0D,
    0x5FD0, 0x5F8F, 0x6770, 0x6EF0, 0x7E51, 0x7E31, 0x7691, 0x6730, 0x5FCF, 0x5FEF, 0x67F0, 0x67F0,
    0x5FF0, 0x5FEF, 0x57CF, 0x57EF, 0x4FEE, 0x47ED, 0x474C, 0x3EAB, 0x366A, 0x1D27, 0x0383, 0x0323,
    0x02C1, 0x02C1, 0x3428, 0x3CE9, 0x0C44, 0x03E2, 0x03C2, 0x03C3, 0x03E4, 0x0444, 0x0484, 0x0484,
    0x0CA5, 0x24E7, 0x3CA9, 0x3C09, 0x2366, 0x0B24, 0x0282, 0x0221, 0x02E2, 0x0C84, 0x0D65, 0x0CA4,
    0x03E4, 0x0403, 0x03E3, 0x0464, 0x0D05, 0x0D85, 0x0BA3, 0x01A1, 0x1B24, 0x1D07, 0x0D66, 0x0585,
    0x05C5, 0x05C6, 0x3D2A, 0x6C8E, 0x74CF, 0x5E0E, 0x4F2D, 0x4FCE, 0x47EE, 0x3F8D, 0x3F0C, 0x3E6B,
    0x3DCB, 0x3D4A, 0x3549, 0x2507, 0x1405, 0x0343, 0x02E2, 0x02A2, 0x0282, 0x0261, 0x0241, 0x0242,
    0x0262, 0x02A2, 0x02C2, 0x0241, 0x0201, 0x2BA7, 0x3CCA, 0x1466, 0x0424, 0x03E3, 0x03C3, 0x03C3,
    0x0423, 0x14C6, 0x4D2B, 0x7550, 0x7D71, 0x6D6F, 0x4D2B, 0x3C89, 0x444A, 0x3BE9, 0x1B45, 0x02C2,
    0x0261, 0x02A2, 0x0BC3, 0x0CC5, 0x0CE5, 0x0CE5, 0x0CA4, 0x0BE3, 0x0A82, 0x01C1, 0x01E0, 0x1243,
    0x3387, 0x3CAA, 0x2427, 0x1384, 0x1425, 0x0C24, 0x03E3, 0x0423, 0x0C65, 0x3CC9, 0x750F, 0x9DB3,
    0xA635, 0x9E75, 0x9E14, 0x7D30, 0x544C, 0x43EA, 0x4C2A, 0x444A, 0x1BA5, 0x0301, 0x0322, 0x0323,
    0x0302, 0x0342, 0x0363, 0x0363, 0x0363, 0x0343, 0x0342, 0x0322, 0x0342, 0x0302, 0x02E2, 0x02C2,
    0x1445, 0x26E9, 0x1FC9, 0x0F47, 0x06E7, 0x06C6, 0x06C6, 0x16A7, 0x364A, 0x562E, 0x662E, 0x564D,
    0x3DEA, 0x1CC6, 0x0363, 0x02C2, 0x02E2, 0x0282, 0x0221, 0x02E3, 0x2DA9, 0x57CF, 0x5FD0, 0x5FD0,
    0x5F8F, 0x66CF, 0x668F, 0x66AF, 0x66F0, 0x6770, 0x5FD0, 0x5FEF, 0x67F0, 0x67F1, 0x67F0, 0x57CF,
    0x4F2E, 0x4DEC, 0x3509, 0x1CC6, 0x1D07, 0x3E2B, 0x5F2F, 0x5EEE, 0x658E, 0x5C6D, 0x2C28, 0x0424,
    0x0403, 0x03E3, 0x03E3, 0x03E3, 0x03C3, 0x03C3, 0x03C3, 0x0403, 0x04A4, 0x0BA3, 0x0141, 0x0B44,
    0x1EA8, 0x26E9, 0x2DA9, 0x2C68, 0x0BE4, 0x0322, 0x02C2, 0x1B85, 0x54AB, 0x7E11, 0x8F94, 0xA7F7,
    0x9FF6, 0x5FAF, 0x1D67, 0x0342, 0x0362, 0x03C3, 0x03A3, 0x0382, 0x0342, 0x0322, 0x02E2, 0x02C2,
    0x02A2, 0x0282, 0x0282, 0x0221, 0x01A1, 0x0262, 0x14C6, 0x1768, 0x17C9, 0x1708, 0x0EA7, 0x0606,
    0x04C4, 0x03C4, 0x0362, 0x03C2, 0x0CA5, 0x554D, 0x9613, 0x6730, 0x25E9, 0x0362, 0x0300, 0x1C05,
    0x454B, 0x3D8A, 0x1506, 0x04A2, 0x04A2, 0x1546, 0x45EC, 0x65EF, 0x02C2, 0x0382, 0x0D25, 0x3D2A,
    0x6CAE, 0x7CAF, 0x5C8D, 0x2C88, 0x0C85, 0x0443, 0x0403, 0x03E3, 0x03C3, 0x03C3, 0x03C3, 0x03C3,
    0x03A3, 0x03A3, 0x03C3, 0x03A3, 0x03C3, 0x0D25, 0x0C44, 0x01E1, 0x0201, 0x1C86, 0x4EED, 0x6F10,
    0x6E70, 0x6E50, 0x664F, 0x6E2F, 0x7650, 0x6EF0, 0x5FB0, 0x5FEF, 0x5FF0, 0x5FD0, 0x5FCF, 0x57EF,
    0x4FEE, 0x47CD, 0x472D, 0x46CC, 0x3EAB, 0x25A8, 0x0C44, 0x0382, 0x0362, 0x0363, 0x0322, 0x0302,
    0x02E2, 0x02A2, 0x0241, 0x1404, 0x36EB, 0x576E, 0x66CF, 0x5ECF, 0x4ECE, 0x46ED, 0x4ECC, 0x5EAF,
    0x6710, 0x5FB0, 0x5FF0, 0x5FF0, 0x5FF0, 0x5FEF, 0x4FEF, 0x47ED, 0x3FCD, 0x476D, 0x470D, 0x376C,
    0x276A, 0x1E48, 0x0C84, 0x03C2, 0x0423, 0x0443, 0x0423, 0x0403, 0x0423, 0x1505, 0x3DEB, 0x54CC,
    0x540B, 0x3CEA, 0x3DCA, 0x468C, 0x572E, 0x57CF, 0x5FF0, 0x5FB0, 0x5F0F, 0x46CC, 0x1F29, 0x0F27,
    0x0F27, 0x0F47, 0x1F09, 0x1DA7, 0x03C3, 0x03A2, 0x0463, 0x0443, 0x0423, 0x0423, 0x0423, 0x0403,
    0x0403, 0x0403, 0x03E3, 0x03E3, 0x03E3, 0x0403, 0x0423, 0x0444, 0x0402, 0x03E1, 0x03C2, 0x03C2,
    0x0381, 0x0362, 0x0362, 0x0323, 0x02E2, 0x02E2, 0x0BE3, 0x0D65, 0x0D25, 0x0423, 0x0383, 0x03A3,
    0x03E3, 0x03E3, 0x03E3, 0x03E3, 0x03E3, 0x0403, 0x03E3, 0x0363, 0x0403, 0x0D05, 0x0CE5, 0x03A3,
    0x02C2, 0x0322, 0x0363, 0x0383, 0x03A3, 0x02E2, 0x0343, 0x1D67, 0x1F29, 0x0F68, 0x0F07, 0x0706,
    0x16E8, 0x4E4C, 0x6E2F, 0x6EF0, 0x5FD0, 0x5FF0, 0x5FF0, 0x4FCE, 0x478D, 0x476D, 0x376B, 0x15A7,
    0x03A2, 0x0341, 0x0341, 0x0321, 0x02E1, 0x02E2, 0x02A2, 0x01E1, 0x02A2, 0x1D07, 0x472D, 0x6F30,
    0x7630, 0x664F, 0x564E, 0x5E2E, 0x7610, 0x7691, 0x5F6F, 0x5FCF, 0x5FEF, 0x5FD0, 0x5FCF, 0x57EF,
    0x47CE, 0x374C, 0x3E4B, 0x456B, 0x3509, 0x1C46, 0x0B43, 0x02A2, 0x01E1, 0x02C2, 0x2DC9, 0x4F8E,
    0x5F90, 0x5FD0, 0x6750, 0x7671, 0x7630, 0x7631, 0x7671, 0x66D0, 0x5F4F, 0x4FAE, 0x4FEE, 0x47EE,
    0x47CD, 0x47AD, 0x472D, 0x470C, 0x2F8B, 0x2709, 0x1566, 0x03E3, 0x0362, 0x0383, 0x0343, 0x0302,
    0x02E2, 0x02C2, 0x02C2, 0x0282, 0x01E1, 0x02A2, 0x1CE7, 0x472D, 0x5FF0, 0x5FB0, 0x5FCF, 0x5F70,
    0x6ED0, 0x7671, 0x7691, 0x6730, 0x5FAF, 0x5FF0, 0x67F0, 0x67F0, 0x67F0, 0x67F0, 0x5FD0, 0x5FD0,
    0x57EF, 0x47CD, 0x470D, 0x462C, 0x360A, 0x1CE7, 0x0383, 0x0323, 0x02C1, 0x02C2, 0x3C89, 0x3D2A,
    0x0444, 0x03E2, 0x03A2, 0x03A3, 0x03C3, 0x0444, 0x14E6, 0x2D08, 0x450B, 0x452B, 0x3D0A, 0x2CC9,
    0x3468, 0x33E8, 0x1B45, 0x0281, 0x0261, 0x0323, 0x0C44, 0x0D45, 0x0D85, 0x0565, 0x0D45, 0x0D65,
    0x0CE5, 0x0B83, 0x01C1, 0x09A1, 0x1BE6, 0x3549, 0x3D2A, 0x354A, 0x1DE8, 0x1668, 0x3E0B, 0x6D6F,
    0x7DB0, 0x66CF, 0x4FAE, 0x57EE, 0x57EF, 0x4FEE, 0x3FAD, 0x374C, 0x3EAB, 0x460B, 0x3DCA, 0x2D89,
    0x1CC7, 0x03A3, 0x0302, 0x0322, 0x0302, 0x02E2, 0x02C2, 0x02A2, 0x0282, 0x02A2, 0x02A2, 0x0241,
    0x0221, 0x3C48, 0x4D2B, 0x2C28, 0x1C06, 0x1425, 0x0423, 0x0423, 0x0C65, 0x34C9, 0x7530, 0x9DD4,
    0xA635, 0x9E34, 0x8D92, 0x74AF, 0x53CB, 0x43CA, 0x3C09, 0x1B85, 0x02C1, 0x02A1, 0x02A2, 0x02C2,
    0x02C2, 0x02A2, 0x0262, 0x0221, 0x0222, 0x01E1, 0x01C0, 0x2AE5, 0x442A, 0x3C8A, 0x3409, 0x2BE7,
    0x1CA7, 0x0CA5, 0x0464, 0x0464, 0x1CA7, 0x4CEC, 0x8D52, 0xAE36, 0xAF17, 0xAF57, 0xA6F6, 0x9613,
    0x7D2F, 0x5BEB, 0x4BCA, 0x4C8C, 0x3469, 0x13A4, 0x0342, 0x0342, 0x0363, 0x0383, 0x0383, 0x03A3,
    0x03A3, 0x03A3, 0x03A3, 0x0383, 0x0383, 0x0363, 0x0363, 0x02E2, 0x0303, 0x1CA6, 0x26E9, 0x17C9,
    0x0707, 0x06A6, 0x06A6, 0x06C6, 0x16C7, 0x2F0A, 0x3F2C, 0x368B, 0x1D26, 0x0BC3, 0x0322, 0x0322,
    0x02E2, 0x02A2, 0x0241, 0x0282, 0x2507, 0x4F6D, 0x5FB0, 0x6790, 0x5F4F, 0x56CE, 0x3EEC, 0x370C,
    0x56CE, 0x6EB0, 0x6EF0, 0x6790, 0x5FD0, 0x5FF0, 0x5FF0, 0x57CF, 0x570E, 0x4DED, 0x34C9, 0x0C65,
    0x0CC5, 0x3D8B, 0x75F0, 0x7590, 0x5CED, 0x3469, 0x0C44, 0x0403, 0x03E3, 0x03C3, 0x03C3, 0x03C3,
    0x03C3, 0x0383, 0x03A3, 0x0423, 0x0C84, 0x0B43, 0x0120, 0x0AE3, 0x1E68, 0x1F29, 0x1E69, 0x1D47,
    0x0C84, 0x0362, 0x02A1, 0x0B23, 0x4409, 0x7D50, 0x9714, 0xAFD7, 0xA7F6, 0x5FCF, 0x1D67, 0x0362,
    0x03A3, 0x03E3, 0x03A2, 0x0362, 0x0B84, 0x1384, 0x0303, 0x02C1, 0x02C1, 0x02A2, 0x02A2, 0x0241,
    0x01C1, 0x0A82, 0x14E6, 0x1768, 0x0FE9, 0x1728, 0x0EE7, 0x0E26, 0x0504, 0x03E4, 0x0383, 0x03C2,
    0x0423, 0x3489, 0x754F, 0x564E, 0x1D27, 0x0321, 0x0301, 0x2C67, 0x4DAC, 0x2568, 0x0D66, 0x1DE7,
    0x1E08, 0x0DA6, 0x1586, 0x460C, 0x02C2, 0x0342, 0x04A4, 0x1D27, 0x3C8A, 0x43EA, 0x2C47, 0x04A4,
    0x0443, 0x03E3, 0x03C3, 0x03C3, 0x03C3, 0x03C3, 0x03C3, 0x03A3, 0x03C3, 0x03C3, 0x0383, 0x0383,
    0x0403, 0x0D25, 0x0C04, 0x01A1, 0x01E1, 0x1C66, 0x4EED, 0x6770, 0x6730, 0x6EF1, 0x7670, 0x7E31,
    0x7691, 0x6730, 0x5FD0, 0x5FF0, 0x67F0, 0x67D0, 0x67D0, 0x5FD0, 0x5FEF, 0x4FEF, 0x4F8E, 0x476D,
    0x3F2C, 0x2628, 0x0CC5, 0x03C3, 0x03A3, 0x03C3, 0x0363, 0x0342, 0x0322, 0x02E2, 0x0282, 0x1445,
    0x2F4B, 0x3F8C, 0x3ECC, 0x3EEB, 0x2F0A, 0x1F49, 0x2F2A, 0x4ECD, 0x66F0, 0x6790, 0x5FD0, 0x67F0,
    0x67F0, 0x5FD0, 0x57CF, 0x47EE, 0x3FCD, 0x476D, 0x470D, 0x376C, 0x276A, 0x1E28, 0x0C85, 0x03C3,
    0x0423, 0x0464, 0x0403, 0x03E2, 0x04E4, 0x25A8, 0x4D2C, 0x442A, 0x23E6, 0x1485, 0x24E7, 0x4D0C,
    0x6DAF, 0x6EB0, 0x6750, 0x6F10, 0x5EAE, 0x36EB, 0x0F48, 0x0746, 0x0F68, 0x1FA9, 0x1E68, 0x1466,
    0x0383, 0x03C3, 0x0444, 0x0443, 0x0423, 0x0423, 0x0423, 0x0424, 0x0443, 0x0423, 0x0423, 0x0424,
    0x0424, 0x0444, 0x0423, 0x0402, 0x0C23, 0x1CA6, 0x2D08, 0x2CE8, 0x1C46, 0x0BC4, 0x0342, 0x0301,
    0x0302, 0x02C2, 0x0AC2, 0x0BC4, 0x0CC5, 0x0D05, 0x0444, 0x03A3, 0x03A3, 0x03E3, 0x0403, 0x0403,
    0x0403, 0x03C3, 0x0383, 0x03A3, 0x0CE4, 0x0D45, 0x03A3, 0x02C2, 0x0302, 0x0362, 0x03A3, 0x03A3,
    0x03E4, 0x0342, 0x0342, 0x14C6, 0x1EC9, 0x1788, 0x06E6, 0x06A5, 0x0EC7, 0x364A, 0x65EF, 0x7671,
    0x6790, 0x5FF0, 0x5FB0, 0x576F, 0x4F8E, 0x3F6C, 0x1E49, 0x0484, 0x0382, 0x2406, 0x3C49, 0x33C8,
    0x1344, 0x0302, 0x02A2, 0x01E1, 0x02C2, 0x1D07, 0x4F2D, 0x6FB0, 0x6EF0, 0x76B0, 0x7651, 0x7631,
    0x7651, 0x6F10, 0x57CF, 0x5FF0, 0x5FF0, 0x67D0, 0x67D0, 0x5FF0, 0x4FEE, 0x3F8C, 0x3E8B, 0x3DAB,
    0x3D0A, 0x2467, 0x0B84, 0x02A2, 0x0201, 0x0B23, 0x2E4A, 0x57CF, 0x5FB0, 0x57F0, 0x5F90, 0x76B1,
    0x7E51, 0x7691, 0x6730, 0x5FAF, 0x57EF, 0x57EF, 0x57EF, 0x4FEE, 0x47CD, 0x3FCD, 0x474D, 0x472D,
    0x376C, 0x274A, 0x1DE7, 0x0423, 0x0382, 0x03E3, 0x03A3, 0x0343, 0x0323, 0x02E2, 0x02E2, 0x02A2,
    0x0201, 0x0282, 0x1C86, 0x3F0C, 0x5FF0, 0x5FB0, 0x5FEF, 0x5FAF, 0x6710, 0x6E90, 0x6E90, 0x66CF,
    0x6730, 0x6790, 0x5FD0, 0x5FF0, 0x67F0, 0x67F1, 0x67D1, 0x67F0, 0x57EF, 0x478E, 0x46AD, 0x45CC,
    0x358A, 0x1CA6, 0x0343, 0x0302, 0x02A1, 0x02C2, 0x3CCA, 0x454A, 0x1405, 0x0BE4, 0x03E3, 0x03C2,
    0x03E2, 0x0C64, 0x34E9, 0x654E, 0x8591, 0x7D91, 0x6D8F, 0x4D0C, 0x446A, 0x4C0A, 0x3BE8, 0x1364,
    0x02C2, 0x0281, 0x0303, 0x0BE4, 0x0C64, 0x0464, 0x0444, 0x0BE4, 0x0303, 0x0201, 0x0140, 0x0A22,
    0x1C46, 0x458B, 0x5D2E, 0x656E, 0x55CD, 0x4E4C, 0x5E2E, 0x6E30, 0x7690, 0x5F6F, 0x57EF, 0x5FD0,
    0x5FCF, 0x57EF, 0x4FCE, 0x47CD, 0x3F6C, 0x3ECC, 0x3E4B, 0x360A, 0x1D68, 0x0C04, 0x0342, 0x0383,
    0x0363, 0x0342, 0x0302, 0x02E2, 0x02C2, 0x02A2, 0x0281, 0x0241, 0x12C3, 0x44CA, 0x554C, 0x3C09,
    0x2C68, 0x1CE7, 0x0CA5, 0x0484, 0x1C87, 0x4CEC, 0x8D72, 0xAE56, 0xAF57, 0xAF36, 0x9E55, 0x8551,
    0x542B, 0x43CA, 0x4C0B, 0x3408, 0x1384, 0x02E2, 0x0262, 0x0242, 0x0221, 0x0201, 0x01E1, 0x01E1,
    0x0242, 0x0221, 0x01E1, 0x33A8, 0x54CC, 0x3C49, 0x3C49, 0x34E9, 0x1D67, 0x0D46, 0x0CC5, 0x1CA6,
    0x34A9, 0x64EE, 0x9D74, 0xB697, 0xAFB7, 0xAFF7, 0x9FB6, 0x8F13, 0x6E70, 0x552C, 0x4C2A, 0x4C2B,
    0x4CCB, 0x2C88, 0x0382, 0x0382, 0x03C3, 0x03C3, 0x03C3, 0x03E3, 0x03E3, 0x0403, 0x0404, 0x0403,
    0x03C3, 0x03C3, 0x03C3, 0x0363, 0x0302, 0x0B43, 0x1D06, 0x26E9, 0x1769, 0x0F68, 0x0F28, 0x0F48,
    0x1F69, 0x1F29, 0x0E67, 0x0524, 0x03E2, 0x0341, 0x0342, 0x0363, 0x0302, 0x02E3, 0x0262, 0x0221,
    0x1486, 0x3F0C, 0x5F6F, 0x6F31, 0x66EF, 0x46EC, 0x1F49, 0x1F48, 0x36EB, 0x568E, 0x6E50, 0x7691,
    0x6F10, 0x5F90, 0x5FF0, 0x5F6F, 0x5EAE, 0x4DED, 0x2CA8, 0x03E4, 0x0463, 0x2D09, 0x650D, 0x646D,
    0x3469, 0x0C85, 0x0403, 0x03C3, 0x03C3, 0x03C3, 0x03C3, 0x03C3, 0x03E3, 0x0362, 0x03A3, 0x04C4,
    0x0C64, 0x0262, 0x0100, 0x0AE3, 0x1E28, 0x1769, 0x1708, 0x15E7, 0x0525, 0x03E3, 0x02E2, 0x0302,
    0x2BA7, 0x650E, 0x8E93, 0xAFB7, 0x9FF6, 0x57AF, 0x1D67, 0x0362, 0x0361, 0x03C3, 0x1425, 0x2CA7,
    0x34A8, 0x3448, 0x2BE7, 0x1B65, 0x0AE3, 0x02A2, 0x02C2, 0x0262, 0x01C1, 0x0AC3, 0x1D47, 0x1788,
    0x0FE8, 0x0F48, 0x0F07, 0x0E26, 0x04E4, 0x03E4, 0x0383, 0x03A3, 0x03E2, 0x2426, 0x54AC, 0x458B,
    0x1C86, 0x0301, 0x0342, 0x34C9, 0x45CC, 0x1D87, 0x1607, 0x36EB, 0x370C, 0x2689, 0x0DC6, 0x1566,
    0x0302, 0x02E2, 0x03E3, 0x0D25, 0x0D26, 0x0C24, 0x0423, 0x0423, 0x03C3, 0x03A3, 0x03A3, 0x03C3,
    0x03E3, 0x03E3, 0x03C3, 0x03C3, 0x03C3, 0x03C3, 0x0362, 0x03C3, 0x04C5, 0x0CE5, 0x0342, 0x0181,
    0x01C1, 0x1C25, 0x46EC, 0x5FCF, 0x5FCF, 0x5FB0, 0x6F10, 0x7690, 0x7691, 0x6EF0, 0x6770, 0x5FD0,
    0x67F0, 0x67F0, 0x67F0, 0x67D0, 0x5FF0, 0x5FF0, 0x57AF, 0x4F8E, 0x476D, 0x2649, 0x0CE5, 0x0403,
    0x0403, 0x0403, 0x03C3, 0x0383, 0x0363, 0x0322, 0x02C2, 0x1425, 0x2F0A, 0x27AA, 0x1748, 0x1749,
    0x0F68, 0x0F67, 0x1F49, 0x46CC, 0x66CF, 0x6750, 0x5FD0, 0x5FF0, 0x67D0, 0x5FD0, 0x57CF, 0x4FCE,
    0x47CD, 0x478D, 0x470C, 0x376C, 0x276A, 0x1DE7, 0x0464, 0x03E3, 0x0444, 0x0464, 0x0423, 0x0402,
    0x1586, 0x35EB, 0x4C6B, 0x2406, 0x0442, 0x0442, 0x1C26, 0x4C2B, 0x6CCE, 0x6DF0, 0x7690, 0x7691,
    0x668F, 0x3EEC, 0x272A, 0x1748, 0x17A9, 0x278A, 0x1D46, 0x0342, 0x0382, 0x0403, 0x0444, 0x0444,
    0x0444, 0x0424, 0x0444, 0x0444, 0x0444, 0x0444, 0x0444, 0x0424, 0x0424, 0x0444, 0x0403, 0x03E2,
    0x24A7, 0x55AC, 0x5DED, 0x55AC, 0x450A, 0x2C68, 0x13A4, 0x0322, 0x0302, 0x0302, 0x02A2, 0x0222,
    0x0B43, 0x0CC5, 0x0D05, 0x0444, 0x0383, 0x03C3, 0x03E3, 0x03E3, 0x03E3, 0x0383, 0x03C3, 0x04A4,
    0x0D25, 0x0C44, 0x02C2, 0x02C2, 0x0383, 0x03A3, 0x03C3, 0x03E3, 0x0404, 0x03C3, 0x0383, 0x1424,
    0x1E48, 0x1FA9, 0x0707, 0x06C5, 0x06C6, 0x2689, 0x560D, 0x7650, 0x6F10, 0x6790, 0x5F6F, 0x570E,
    0x472C, 0x2689, 0x04A4, 0x03E3, 0x2466, 0x54EC, 0x6D0E, 0x5C8C, 0x3BC8, 0x1324, 0x0281, 0x0201,
    0x02A2, 0x1CC7, 0x4F2D, 0x5FF0, 0x5FAF, 0x6770, 0x6EF0, 0x7E71, 0x7670, 0x6710, 0x5FB0, 0x5FF0,
    0x5FF0, 0x67F0, 0x67F0, 0x5FF0, 0x57EF, 0x478D, 0x3ECC, 0x45CC, 0x3D0A, 0x2C67, 0x0B84, 0x0282,
    0x0221, 0x0B84, 0x366B, 0x57CF, 0x67B0, 0x5FF0, 0x5F70, 0x6EB0, 0x7670, 0x6ED0, 0x5F90, 0x5FF0,
    0x5FF0, 0x67D0, 0x5FD0, 0x57CF, 0x4FEE, 0x47ED, 0x3F8D, 0x474D, 0x3F6C, 0x2F4A, 0x1E28, 0x0444,
    0x03A3, 0x0403, 0x03A3, 0x0362, 0x0322, 0x0302, 0x02E3, 0x02A2, 0x0222, 0x0241, 0x1405, 0x3ECB,
    0x57F0, 0x5F90, 0x5FEF, 0x5F8F, 0x66CF, 0x56AE, 0x4EAD, 0x56CE, 0x66AF, 0x6EF0, 0x6750, 0x5FB0,
    0x5FF0, 0x67F0, 0x67F1, 0x67F0, 0x57EF, 0x4F4D, 0x4E4D, 0x4D6C, 0x3529, 0x1466, 0x0303, 0x02C2,
    0x0281, 0x1324, 0x452B, 0x4D4B, 0x23E7, 0x1C26, 0x0C65, 0x0423, 0x0443, 0x1C86, 0x54EC, 0x8D72,
    0xA615, 0xAE95, 0xA655, 0x8551, 0x644D, 0x4BCA, 0x43EA, 0x3C09, 0x1364, 0x02E1, 0x02A2, 0x0262,
    0x0262, 0x0262, 0x0221, 0x01C1, 0x01A1, 0x01E1, 0x01E1, 0x0242, 0x2467, 0x4DEC, 0x660F, 0x6E30,
    0x6E30, 0x7630, 0x7611, 0x7671, 0x6730, 0x5FD0, 0x5FF0, 0x5FF0, 0x5FD0, 0x5FD0, 0x5FD0, 0x57EF,
    0x47CE, 0x3F6C, 0x46CC, 0x3E6B, 0x2609, 0x0C85, 0x0383, 0x03A3, 0x0363, 0x0322, 0x0302, 0x02E2,
    0x02C2, 0x02A2, 0x0241, 0x0A82, 0x2BC7, 0x4D2B, 0x4D0C, 0x3C69, 0x2548, 0x1607, 0x0D66, 0x14E6,
    0x34A9, 0x64CE, 0x9D73, 0xB6B7, 0xAFD7, 0xA7D6, 0x8F34, 0x6E90, 0x4DAC, 0x3C8A, 0x43EA, 0x4C4A,
    0x2C27, 0x0302, 0x02E2, 0x0303, 0x02C2, 0x02A2, 0x02A2, 0x0282, 0x0261, 0x0201, 0x0A22, 0x446A,
    0x554D, 0x3BE8, 0x3488, 0x2DE9, 0x0E47, 0x0E06, 0x1D47, 0x34C8, 0x4C8B, 0x74CF, 0x9D74, 0xAE96,
    0xAF97, 0xAFF7, 0x97F5, 0x77D2, 0x4F8E, 0x36EB, 0x358A, 0x442A, 0x54EC, 0x454A, 0x0C04, 0x03C2,
    0x0404, 0x03E3, 0x0403, 0x0403, 0x0403, 0x0423, 0x0423, 0x0444, 0x0424, 0x0403, 0x03E3, 0x03E3,
    0x03C3, 0x0362, 0x03A3, 0x1D26, 0x26CA, 0x274A, 0x1F29, 0x2709, 0x26C9, 0x1E08, 0x14E6, 0x0C44,
    0x0C04, 0x03C3, 0x0382, 0x0342, 0x0322, 0x0323, 0x02A2, 0x0201, 0x0BA4, 0x2E29, 0x576E, 0x6730,
    0x4EAE, 0x272A, 0x1768, 0x0F67, 0x1728, 0x2ECA, 0x4E4D, 0x6DF0, 0x7631, 0x6ED0, 0x6730, 0x66F0,
    0x666F, 0x460C, 0x1C87, 0x0342, 0x03A2, 0x14C6, 0x2D09, 0x2447, 0x0C04, 0x0422, 0x03C2, 0x03A3,
    0x03C3, 0x03C3, 0x03E3, 0x03C3, 0x03C3, 0x0382, 0x0403, 0x0D05, 0x0BC3, 0x0181, 0x0101, 0x0B24,
    0x1E27, 0x1788, 0x1748, 0x0E67, 0x05A5, 0x0483, 0x0362, 0x0302, 0x0BA4, 0x3CEA, 0x7E11, 0xAF57,
    0x9FF6, 0x57AF, 0x1546, 0x0322, 0x0341, 0x1C45, 0x3D2A, 0x4D8C, 0x4CEA, 0x4C69, 0x4469, 0x3C08,
    0x2346, 0x02C2, 0x02C2, 0x0282, 0x01E1, 0x0B23, 0x1DC7, 0x1788, 0x0FC8, 0x0F28, 0x0EC7, 0x05E5,
    0x04A4, 0x03A3, 0x0343, 0x0362, 0x03A2, 0x1BE6, 0x3C6A, 0x3509, 0x0BE3, 0x02C1, 0x23E6, 0x454A,
    0x35CA, 0x1E08, 0x2689, 0x374B, 0x374B, 0x374C, 0x2ECA, 0x0585, 0x0362, 0x02E2, 0x02E2, 0x0C84,
    0x0585, 0x04C4, 0x03C3, 0x0383, 0x03C3, 0x03C3, 0x03A3, 0x03C3, 0x03E3, 0x03E3, 0x03E3, 0x03E3,
    0x03C3, 0x03A3, 0x0362, 0x0464, 0x0D85, 0x0C03, 0x0221, 0x01E1, 0x01C1, 0x13A4, 0x3EAB, 0x5FAF,
    0x5FD0, 0x5FF0, 0x674F, 0x66CF, 0x66AF, 0x66AF, 0x66F0, 0x6730, 0x6770, 0x5FCF, 0x5FEF, 0x67F0,
    0x67F0, 0x5FF0, 0x5F90, 0x576F, 0x476D, 0x2629, 0x0CC5, 0x0424, 0x0424, 0x0444, 0x03E3, 0x03A3,
    0x03A3, 0x0362, 0x02C2, 0x0BC4, 0x2E89, 0x1FA9, 0x0F88, 0x0F68, 0x0F68, 0x0F68, 0x1F48, 0x3ECC,
    0x668F, 0x6EF0, 0x67B0, 0x5FF0, 0x67D0, 0x5FD0, 0x57CF, 0x4FCE, 0x47ED, 0x3F8C, 0x470C, 0x3F8C,
    0x274A, 0x1586, 0x0464, 0x0404, 0x0444, 0x0464, 0x0423, 0x0464, 0x1DE8, 0x3E0B, 0x4BEA, 0x1BA6,
    0x0422, 0x03E3, 0x2BA7, 0x3C49, 0x3589, 0x462C, 0x6E4F, 0x7691, 0x66F0, 0x5F0E, 0x568E, 0x3F2C,
    0x2FAB, 0x26A9, 0x0C24, 0x02A0, 0x0361, 0x0423, 0x0464, 0x0464, 0x0444, 0x0444, 0x0444, 0x0444,
    0x0444, 0x0444, 0x0424, 0x0424, 0x0424, 0x03E2, 0x03C2, 0x1C45, 0x4D6B, 0x55AD, 0x2CA7, 0x1C65,
    0x2CC7, 0x3CC9, 0x44AA, 0x3408, 0x1344, 0x02E1, 0x02C1, 0x02C2, 0x0262, 0x0303, 0x0CC5, 0x0D25,
    0x0464, 0x03A2, 0x0362, 0x0382, 0x0383, 0x03C3, 0x04C4, 0x0D85, 0x0C64, 0x02E2, 0x02E2, 0x0343,
    0x03A3, 0x03C4, 0x03E3, 0x0403, 0x0403, 0x0423, 0x03E3, 0x03C3, 0x1D66, 0x274A, 0x1F89, 0x0F47,
    0x0706, 0x16E8, 0x36AB, 0x568D, 0x66CF, 0x5EEF, 0x4EEE, 0x3EAC, 0x25C8, 0x0CA4, 0x03E2, 0x34A8,
    0x65AE, 0x454A, 0x24C6, 0x2466, 0x4429, 0x2B67, 0x0282, 0x0221, 0x0282, 0x1C46, 0x470C, 0x5FF0,
    0x5FD0, 0x5FD0, 0x6750, 0x6EB0, 0x6E70, 0x6EB0, 0x6730, 0x6770, 0x5FD0, 0x5FF0, 0x5FF0, 0x67F0,
    0x5FF0, 0x4FAE, 0x46ED, 0x4DCC, 0x454A, 0x2487, 0x0B84, 0x02A2, 0x0261, 0x13C4, 0x3E8B, 0x5FB0,
    0x6770, 0x6750, 0x5F0F, 0x5EAE, 0x5E8F, 0x66CF, 0x6750, 0x5FF0, 0x5FF0, 0x67D0, 0x67D0, 0x5FF0,
    0x57EF, 0x47ED, 0x3FAD, 0x3F6D, 0x3F4C, 0x372B, 0x1E28, 0x0485, 0x03E3, 0x0403, 0x0382, 0x0341,
    0x0322, 0x0302, 0x0303, 0x02C2, 0x0282, 0x0221, 0x0B43, 0x364A, 0x57CF, 0x5F70, 0x5FB0, 0x6750,
    0x5ECF, 0x3EEC, 0x272A, 0x2F0A, 0x4ECD, 0x668F, 0x6E90, 0x6EF0, 0x5F6F, 0x5FCF, 0x5FF0, 0x57EF,
    0x4FCE, 0x56EE, 0x55CD, 0x452B, 0x2CE8, 0x0C05, 0x02E2, 0x0261, 0x0AC2, 0x2BE7, 0x4D2B, 0x4CEC,
    0x3428, 0x24C7, 0x1506, 0x0CA5, 0x0C85, 0x34A9, 0x6D0F, 0xA5D5, 0xB6F7, 0xAFB7, 0xAF16, 0x9634,
    0x6D50, 0x4C0B, 0x4BCA, 0x4C4B, 0x2C07, 0x0B83, 0x0322, 0x02C2, 0x02A2, 0x0262, 0x0241, 0x0222,
    0x0222, 0x0242, 0x01E1, 0x0222, 0x2487, 0x466C, 0x5EEF, 0x5F70, 0x6730, 0x76B1, 0x7E51, 0x7691,
    0x6750, 0x5FCF, 0x5FF0, 0x5FF0, 0x67F0, 0x67D0, 0x67D0, 0x5FD0, 0x57EF, 0x4FCE, 0x4F4D, 0x46ED,
    0x2E8A, 0x0CE6, 0x03E3, 0x03E3, 0x03A3, 0x0363, 0x0343, 0x0303, 0x02E3, 0x02C2, 0x0200, 0x12C3,
    0x44AA, 0x4D2B, 0x44AA, 0x3CA9, 0x1E07, 0x06C6, 0x1606, 0x2D28, 0x4C8B, 0x74AF, 0x9553, 0xAE56,
    0xAF37, 0x9FB6, 0x7FB3, 0x578E, 0x2F0A, 0x25A9, 0x3448, 0x4C6B, 0x3C89, 0x0383, 0x0322, 0x0303,
    0x02E2, 0x02A2, 0x02A2, 0x0282, 0x0241, 0x0201, 0x22C5, 0x4D0B, 0x4D6C, 0x33C8, 0x3468, 0x2629,
    0x0EC6, 0x0686, 0x1DA8, 0x3CCA, 0x544C, 0x6CAF, 0x8D52, 0x9E34, 0xA6B6, 0xA736, 0x8F94, 0x67F1,
    0x3FED, 0x27CA, 0x1EA9, 0x34E9, 0x54EC, 0x556C, 0x1CC7, 0x0444, 0x0423, 0x0423, 0x0402, 0x0402,
    0x0444, 0x0443, 0x0422, 0x0464, 0x0464, 0x0444, 0x0424, 0x0423, 0x0403, 0x03E3, 0x03C3, 0x0403,
    0x14C5, 0x1566, 0x1DA7, 0x1D67, 0x04A4, 0x0C85, 0x4D6B, 0x6DEF, 0x5DAE, 0x34A8, 0x0383, 0x0321,
    0x0322, 0x0B43, 0x02E3, 0x0282, 0x02A2, 0x1CA6, 0x3F6C, 0x47AD, 0x2EEA, 0x1729, 0x0F68, 0x0F48,
    0x0F27, 0x16E8, 0x2689, 0x462C, 0x65EF, 0x7610, 0x6E30, 0x666F, 0x4E6D, 0x2DEA, 0x1465, 0x02E1,
    0x02C2, 0x0424, 0x0D45, 0x04E4, 0x0403, 0x0362, 0x03A3, 0x03E3, 0x03E3, 0x03E3, 0x0423, 0x03E3,
    0x0383, 0x0424, 0x04C5, 0x0C24, 0x0282, 0x0140, 0x0141, 0x0BA4, 0x1E68, 0x1788, 0x0F68, 0x0EC7,
    0x0625, 0x0504, 0x03E3, 0x0342, 0x03A3, 0x1CA7, 0x658E, 0x9ED5, 0x97B5, 0x4F6E, 0x04C4, 0x02C0,
    0x23E6, 0x4D8C, 0x4DAC, 0x3469, 0x3387, 0x3B68, 0x2B87, 0x33E8, 0x3C08, 0x1B44, 0x0B02, 0x02A2,
    0x0221, 0x0BA4, 0x1628, 0x17A8, 0x0FC8, 0x0F27, 0x0666, 0x0544, 0x0403, 0x0342, 0x0322, 0x0342,
    0x0343, 0x23A6, 0x3C49, 0x24C8, 0x0361, 0x02C1, 0x4CEA, 0x4DCC, 0x1DA7, 0x1E68, 0x2F2B, 0x3FAC,
    0x3FAC, 0x3FAC, 0x374B, 0x26A9, 0x0382, 0x0302, 0x02A2, 0x0342, 0x0C64, 0x0D25, 0x0C84, 0x03A3,
    0x03A3, 0x03C3, 0x0403, 0x03E3, 0x03E3, 0x03E3, 0x0403, 0x0403, 0x0383, 0x0383, 0x0464, 0x0D25,
    0x0C64, 0x02C2, 0x01E1, 0x0242, 0x01C1, 0x0B23, 0x3649, 0x578F, 0x67D0, 0x5FF0, 0x674F, 0x5ECE,
    0x46CC, 0x3EEC, 0x4ECD, 0x66AF, 0x6ED0, 0x6F10, 0x6770, 0x5FB0, 0x5FF0, 0x5FF0, 0x6750, 0x5F2F,
    0x474C, 0x1DE8, 0x0485, 0x0424, 0x0444, 0x0444, 0x0424, 0x03E3, 0x03C3, 0x03A3, 0x02E1, 0x0B83,
    0x25C8, 0x1F69, 0x0FA8, 0x0F48, 0x1728, 0x0F48, 0x1728, 0x3EAB, 0x664F, 0x6EB0, 0x6770, 0x5FF0,
    0x67F1, 0x67D0, 0x5FD0, 0x4FEE, 0x47ED, 0x3F8C, 0x470C, 0x3F8C, 0x2709, 0x0D05, 0x0444, 0x0C65,
    0x0C64, 0x0C65, 0x0444, 0x0464, 0x1E28, 0x3EAB, 0x4D0B, 0x3449, 0x2447, 0x2C28, 0x3468, 0x1D47,
    0x0E46, 0x3E4B, 0x6E50, 0x6F10, 0x6790, 0x6F91, 0x6F71, 0x5FAF, 0x36EB, 0x0CA5, 0x0B43, 0x1B64,
    0x1C05, 0x0424, 0x0423, 0x0464, 0x0C85, 0x0C65, 0x0464, 0x0444, 0x0444, 0x0444, 0x0404, 0x0403,
    0x0403, 0x0381, 0x03A3, 0x34C9, 0x456C, 0x2CC8, 0x03C2, 0x03A1, 0x0C24, 0x2446, 0x3468, 0x3C49,
    0x33E7, 0x2365, 0x1323, 0x0302, 0x0261, 0x0261, 0x0B63, 0x0CC5, 0x0D45, 0x0CE4, 0x0CA4, 0x0CA4,
    0x0CA4, 0x0D25, 0x0D45, 0x0CA4, 0x0343, 0x02A2, 0x0343, 0x0383, 0x0362, 0x0382, 0x03C3, 0x0C44,
    0x0C64, 0x0464, 0x0403, 0x03C2, 0x0C84, 0x1DC7, 0x26E9, 0x1F29, 0x1F28, 0x1F29, 0x26E9, 0x36AA,
    0x3E4B, 0x3E0B, 0x2DA9, 0x1D27, 0x0402, 0x03A2, 0x34A8, 0x55CC, 0x45EB, 0x15A7, 0x0542, 0x0503,
    0x2467, 0x33A7, 0x12C4, 0x0241, 0x0221, 0x13C5, 0x3EAB, 0x57EF, 0x67B0, 0x57EF, 0x5F6F, 0x5EAF,
    0x56AD, 0x4ECD, 0x5ECF, 0x6ED0, 0x6F10, 0x6770, 0x5FD0, 0x5FF0, 0x5FF0, 0x47EE, 0x4EED, 0x55CD,
    0x454B, 0x24A7, 0x0B83, 0x02A2, 0x0281, 0x0BE4, 0x368B, 0x5F8F, 0x6EF0, 0x66EF, 0x4EED, 0x3EEB,
    0x3EEB, 0x56CE, 0x6EF0, 0x6770, 0x5FCF, 0x67F0, 0x67F0, 0x5FD0, 0x57CF, 0x4FEE, 0x47AD, 0x478D,
    0x3F6C, 0x372B, 0x1E28, 0x0464, 0x03A2, 0x03E3, 0x0C04, 0x1BE5, 0x1384, 0x0322, 0x0302, 0x02E2,
    0x02E3, 0x0221, 0x02A2, 0x25C8, 0x478D, 0x5F4F, 0x6F30, 0x66F0, 0x4EED, 0x272A, 0x0F68, 0x1749,
    0x2F0A, 0x4EAD, 0x664F, 0x7631, 0x7691, 0x6F10, 0x5F90, 0x57CF, 0x4F6E, 0x5E4E, 0x5D8D, 0x452B,
    0x1C87, 0x0BA4, 0x02C2, 0x0200, 0x1324, 0x44CA, 0x550C, 0x44AB, 0x34E9, 0x15C7, 0x0E06, 0x1546,
    0x24C8, 0x4CAB, 0x84F0, 0xADF5, 0xB737, 0xA7F7, 0x9FD6, 0x8753, 0x5E8F, 0x3D4A, 0x3C49, 0x4C2A,
    0x4449, 0x1C26, 0x0362, 0x0342, 0x0323, 0x02E2, 0x02C2, 0x02A2, 0x0261, 0x0261, 0x01C0, 0x0201,
    0x24A7, 0x46CC, 0x576F, 0x57F0, 0x57CF, 0x6730, 0x6E90, 0x6E90, 0x66F0, 0x6730, 0x6790, 0x5FCF,
    0x5FF0, 0x5FF0, 0x5FF0, 0x67D0, 0x5FF0, 0x57EF, 0x576E, 0x4F2D, 0x2ECA, 0x0D05, 0x03C3, 0x03C3,
    0x03A3, 0x0382, 0x0341, 0x0322, 0x0303, 0x02C3, 0x0200, 0x12E4, 0x552C, 0x3D2A, 0x2C47, 0x3C69,
    0x25A8, 0x0E87, 0x1E07, 0x3CEA, 0x4C2B, 0x548C, 0x654E, 0x85D2, 0x9E15, 0xA675, 0x7F12, 0x47AD,
    0x1FC9, 0x16C7, 0x2508, 0x4CAB, 0x44AB, 0x1405, 0x0362, 0x0302, 0x0302, 0x02C2, 0x02A2, 0x02A2,
    0x0220, 0x0241, 0x2B66, 0x4D4B, 0x456A, 0x1BC6, 0x3408, 0x356A, 0x1647, 0x1647, 0x2D69, 0x4C4B,
    0x4C0B, 0x448B, 0x552D, 0x75B0, 0x95D3, 0x9DF4, 0x8E73, 0x6730, 0x37AC, 0x17E9, 0x0F48, 0x25A9,
    0x4CEB, 0x552C, 0x3549, 0x0C85, 0x03E2, 0x0423, 0x24E8, 0x4D8C, 0x558D, 0x3D4A, 0x14A6, 0x0423,
    0x0444, 0x0C65, 0x0464, 0x0444, 0x0444, 0x0444, 0x0424, 0x0403, 0x0403, 0x0C44, 0x0C64, 0x0C23,
    0x0C24, 0x3CE9, 0x6E10, 0x662F, 0x4DAB, 0x452A, 0x3468, 0x1BA5, 0x0322, 0x02E1, 0x02C1, 0x02C2,
    0x0241, 0x0B23, 0x2DC9, 0x378B, 0x27EA, 0x0F88, 0x0F27, 0x0F08, 0x0F07, 0x06E7, 0x0EC7, 0x1EA9,
    0x362B, 0x4E0C, 0x4E4D, 0x46ED, 0x36AB, 0x1D26, 0x03C3, 0x0322, 0x02E2, 0x0342, 0x0423, 0x04C4,
    0x0CA4, 0x0424, 0x03A3, 0x03A3, 0x03E3, 0x03E3, 0x03C3, 0x03A3, 0x03A3, 0x0CA4, 0x0CC5, 0x02C2,
    0x01A1, 0x01A1, 0x01A1, 0x1425, 0x1EE8, 0x0FA8, 0x0F88, 0x0F07, 0x0646, 0x0524, 0x0403, 0x0383,
    0x03C2, 0x0C64, 0x450B, 0x8E53, 0x8753, 0x36CB, 0x0443, 0x1323, 0x4D0B, 0x4DCC, 0x3489, 0x3388,
    0x3368, 0x33A8, 0x3367, 0x3388, 0x3BC8, 0x33C7, 0x1364, 0x02A1, 0x0241, 0x0BE4, 0x1668, 0x17A8,
    0x0FA8, 0x0EC7, 0x05C5, 0x0483, 0x0342, 0x02A2, 0x02E2, 0x0322, 0x0B24, 0x2C07, 0x2C88, 0x03A3,
    0x0322, 0x2C06, 0x5DAD, 0x3DEA, 0x0DA6, 0x1EC9, 0x3F8C, 0x3FCD, 0x47ED, 0x3FCD, 0x37AC, 0x374B,
    0x0383, 0x0342, 0x0322, 0x0262, 0x02E2, 0x0C64, 0x0D25, 0x0484, 0x03A3, 0x03A3, 0x0403, 0x0403,
    0x0403, 0x0403, 0x03E3, 0x03C3, 0x03A3, 0x0423, 0x0D45, 0x0CA4, 0x02A2, 0x0202, 0x0262, 0x0282,
    0x01C1, 0x02A2, 0x2547, 0x4F2D, 0x67D0, 0x6770, 0x66F0, 0x4ECD, 0x2729, 0x1748, 0x2F2A, 0x46AD,
    0x664F, 0x7630, 0x7671, 0x6EF0, 0x6770, 0x6770, 0x6710, 0x5F2F, 0x370B, 0x1567, 0x0424, 0x0C44,
    0x0C64, 0x0444, 0x0424, 0x0403, 0x03E3, 0x03E3, 0x0322, 0x0363, 0x1D27, 0x2709, 0x17A9, 0x0F07,
    0x0EE7, 0x0727, 0x0F08, 0x368A, 0x5E2E, 0x7651, 0x6F30, 0x5FD0, 0x5FF0, 0x67F0, 0x5FF0, 0x4FEF,
    0x47AD, 0x476D, 0x3F4C, 0x376B, 0x1E68, 0x0C85, 0x0424, 0x0C64, 0x0464, 0x0C64, 0x0424, 0x0C44,
    0x15A7, 0x2EAA, 0x3E2B, 0x452B, 0x44CB, 0x450B, 0x25E9, 0x0EA7, 0x16E8, 0x4E8D, 0x76B1, 0x67B0,
    0x5FF0, 0x5FF0, 0x57AF, 0x46EC, 0x1D07, 0x0323, 0x2346, 0x4C6B, 0x44CA, 0x2466, 0x0424, 0x0444,
    0x0444, 0x0C45, 0x0C44, 0x0444, 0x0444, 0x0424, 0x0403, 0x03E3, 0x03E3, 0x0341, 0x0BA4, 0x452B,
    0x2CE9, 0x03E3, 0x03C2, 0x03E3, 0x03E3, 0x03C2, 0x03C2, 0x1425, 0x3C88, 0x4449, 0x2B87, 0x0B04,
    0x0302, 0x02E2, 0x0281, 0x0363, 0x0CC4, 0x0D86, 0x0D66, 0x0D45, 0x0D65, 0x0D45, 0x0C44, 0x0302,
    0x02A2, 0x0323, 0x0342, 0x0342, 0x0362, 0x03C3, 0x1445, 0x24E7, 0x2D28, 0x24E7, 0x1485, 0x0444,
    0x0403, 0x0C64, 0x1D47, 0x2608, 0x2648, 0x1E48, 0x1E08, 0x15C7, 0x1546, 0x0CC6, 0x0444, 0x0382,
    0x0361, 0x2446, 0x5DEE, 0x3E2B, 0x05E4, 0x0665, 0x06A6, 0x0605, 0x04E4, 0x2406, 0x2B47, 0x0A62,
    0x01C0, 0x0AE3, 0x2E2A, 0x57AF, 0x6790, 0x6790, 0x670F, 0x56CD, 0x2F0A, 0x274A, 0x3EEC, 0x5E8E,
    0x6E70, 0x7690, 0x6F10, 0x6790, 0x5FF0, 0x4FCE, 0x56EE, 0x5DEE, 0x458B, 0x1CA6, 0x0363, 0x02E2,
    0x0282, 0x0BA4, 0x2E8A, 0x4F8E, 0x5ECE, 0x4ECD, 0x2F2B, 0x1748, 0x1F68, 0x3EEC, 0x668F, 0x6EF0,
    0x6790, 0x5FF0, 0x5FF0, 0x67D0, 0x5FD0, 0x4FEE, 0x47AD, 0x476D, 0x3F8C, 0x2F0B, 0x15A7, 0x0423,
    0x03E3, 0x1CA6, 0x34C9, 0x3CA9, 0x2C47, 0x1BA5, 0x0343, 0x0302, 0x0303, 0x0262, 0x0261, 0x14A6,
    0x36EB, 0x576E, 0x66F0, 0x5EAE, 0x370B, 0x1F49, 0x0F68, 0x1748, 0x1729, 0x26EA, 0x468C, 0x660F,
    0x7DF1, 0x7E31, 0x6EB1, 0x6710, 0x5EAF, 0x5DCE, 0x554D, 0x3509, 0x1405, 0x0323, 0x02A2, 0x0200,
    0x1B65, 0x556C, 0x44CB, 0x3449, 0x3549, 0x0E67, 0x06A6, 0x1DA7, 0x3CCA, 0x5C6C, 0x7CD0, 0x9DB3,
    0xAEB6, 0xAF57, 0x97B5, 0x6FD1, 0x3F8C, 0x26E9, 0x2568, 0x3C29, 0x4CAB, 0x34A8, 0x03A2, 0x0362,
    0x0363, 0x0322, 0x02E2, 0x02A2, 0x0281, 0x02A2, 0x0201, 0x01E0, 0x1465, 0x3EAB, 0x5FAF, 0x5FF0,
    0x5FD0, 0x5F4F, 0x66AF, 0x5E8E, 0x56CE, 0x5ECF, 0x6EF0, 0x6730, 0x6790, 0x5FD0, 0x5FF0, 0x5FF0,
    0x5FF0, 0x5FB0, 0x5F4F, 0x4F4D, 0x26A9, 0x0CE5, 0x03E3, 0x0C45, 0x1425, 0x0BC4, 0x0362, 0x0322,
    0x0302, 0x02C2, 0x0200, 0x1B05, 0x554D, 0x3529, 0x1425, 0x3408, 0x34C9, 0x2D69, 0x3529, 0x444A,
    0x3BE9, 0x2467, 0x2508, 0x454B, 0x6D2F, 0x8D32, 0x7DB1, 0x568D, 0x274A, 0x16E8, 0x1DA8, 0x4CEC,
    0x4CCC, 0x2487, 0x03A3, 0x0322, 0x0322, 0x0302, 0x02E2, 0x02C2, 0x0220, 0x0A42, 0x33A7, 0x556C,
    0x3D69, 0x03E4, 0x23A7, 0x446A, 0x2D29, 0x2D29, 0x448A, 0x4BEA, 0x2C08, 0x1486, 0x1CE7, 0x352A,
    0x5D2E, 0x7D10, 0x8D31, 0x6DAF, 0x468C, 0x1F49, 0x16E8, 0x25C8, 0x4CEB, 0x550D, 0x3D8B, 0x0C84,
    0x03C2, 0x2CC8, 0x65EE, 0x8671, 0x7E31, 0x6E10, 0x454B, 0x0444, 0x0423, 0x0C65, 0x0C65, 0x0C64,
    0x0C64, 0x0C64, 0x0465, 0x0465, 0x0464, 0x0C45, 0x0403, 0x03E2, 0x3D29, 0x6E50, 0x4E0D, 0x1566,
    0x0543, 0x2587, 0x456B, 0x44A9, 0x1BA5, 0x0302, 0x02E1, 0x02E2, 0x02A2, 0x0281, 0x1384, 0x25C8,
    0x27AB, 0x1FA9, 0x0F47, 0x0707, 0x06E7, 0x06C6, 0x06C6, 0x06C6, 0x0EA7, 0x1EC8, 0x2729, 0x2F4A,
    0x1E48, 0x0C44, 0x0362, 0x03A3, 0x0363, 0x02C2, 0x02A2, 0x0B83, 0x0CA4, 0x0CE4, 0x0423, 0x03A2,
    0x03C3, 0x03E3, 0x03A3, 0x03C3, 0x0484, 0x0CC4, 0x0BA3, 0x01E1, 0x01A1, 0x0201, 0x0222, 0x14C5,
    0x1769, 0x0FA8, 0x0F68, 0x1728, 0x0646, 0x0524, 0x0404, 0x03A3, 0x03C2, 0x0423, 0x2C89, 0x7610,
    0x76D1, 0x1DA7, 0x0C05, 0x3C09, 0x456B, 0x2CC7, 0x1B65, 0x4BAA, 0x4CAB, 0x2D09, 0x34A9, 0x3BA8,
    0x3368, 0x3BE9, 0x2BE7, 0x0AE3, 0x0241, 0x0BE4, 0x1E88, 0x17A9, 0x0F68, 0x0646, 0x0504, 0x03A3,
    0x02A2, 0x0262, 0x02A2, 0x0302, 0x0B64, 0x1C67, 0x1486, 0x0322, 0x2BC6, 0x5D8D, 0x45CB, 0x1DA7,
    0x0E27, 0x272A, 0x3FCD, 0x4FEE, 0x4FEF, 0x4FEE, 0x3FCD, 0x2F8B, 0x03A3, 0x0383, 0x0363, 0x02E3,
    0x0262, 0x02C2, 0x0C84, 0x0D25, 0x0404, 0x0383, 0x03A3, 0x03E3, 0x0403, 0x03E3, 0x03A3, 0x0343,
    0x0C44, 0x0D85, 0x0C84, 0x02E2, 0x0241, 0x0261, 0x02C2, 0x02A2, 0x0221, 0x0241, 0x1405, 0x36AB,
    0x5FAF, 0x66D0, 0x5EAF, 0x3F0C, 0x1748, 0x0F67, 0x1748, 0x26E9, 0x3E8B, 0x5E2D, 0x6DEF, 0x7630,
    0x7650, 0x7670, 0x66EF, 0x472C, 0x2669, 0x0CE5, 0x0C24, 0x0C85, 0x0464, 0x0424, 0x0423, 0x0423,
    0x0424, 0x0404, 0x0382, 0x0382, 0x14A5, 0x26C9, 0x1F89, 0x0706, 0x06C6, 0x06E6, 0x0EE7, 0x2689,
    0x562D, 0x75F0, 0x6ED0, 0x5FAF, 0x5FF0, 0x5FF0, 0x57EF, 0x4FCE, 0x4F2E, 0x472D, 0x37AC, 0x26E9,
    0x1567, 0x0C45, 0x0403, 0x0423, 0x0423, 0x0423, 0x0424, 0x0444, 0x0C85, 0x1506, 0x1DA7, 0x2588,
    0x2D69, 0x2DC9, 0x1E88, 0x1749, 0x2F6A, 0x4F4D, 0x6770, 0x5FD0, 0x4FCE, 0x470C, 0x2DCA, 0x0C04,
    0x0AE2, 0x2B46, 0x542B, 0x54CC, 0x450A, 0x454A, 0x3509, 0x0424, 0x03E2, 0x0423, 0x0C44, 0x0C45,
    0x0C04, 0x03E3, 0x03C3, 0x03C3, 0x03A3, 0x0321, 0x13A4, 0x452B, 0x2CC8, 0x03C2, 0x03A3, 0x03C3,
    0x03E3, 0x03E3, 0x0403, 0x0443, 0x0C84, 0x24A6, 0x3468, 0x3C08, 0x2386, 0x0B03, 0x02C1, 0x02C2,
    0x0323, 0x0383, 0x03C3, 0x03C3, 0x0383, 0x0323, 0x02C2, 0x02A2, 0x0303, 0x0322, 0x02E1, 0x0342,
    0x2C26, 0x454A, 0x4DCC, 0x45CC, 0x45CB, 0x4DEC, 0x45AB, 0x1CC7, 0x0424, 0x0444, 0x0C44, 0x0C65,
    0x0C85, 0x0C65, 0x0444, 0x0423, 0x03E3, 0x03C3, 0x0382, 0x0321, 0x2C47, 0x5DAD, 0x3DCA, 0x1606,
    0x06E7, 0x1F49, 0x1F29, 0x0E87, 0x0584, 0x1C86, 0x33C8, 0x1AE4, 0x01C0, 0x0220, 0x1D27, 0x474D,
    0x6770, 0x6F11, 0x5ECF, 0x3F0C, 0x1769, 0x0F68, 0x1F29, 0x36CB, 0x566D, 0x6E0F, 0x7E11, 0x7691,
    0x6F10, 0x6F30, 0x6690, 0x55EE, 0x35AA, 0x1485, 0x0342, 0x0342, 0x02A2, 0x0343, 0x2629, 0x378C,
    0x2F2B, 0x272A, 0x1748, 0x0F68, 0x0F68, 0x2F0A, 0x568D, 0x6E70, 0x6F10, 0x5FD0, 0x5FF0, 0x67D1,
    0x67D0, 0x4FEF, 0x478E, 0x474D, 0x47AD, 0x26A9, 0x04A4, 0x1425, 0x3D2A, 0x55ED, 0x452A, 0x2C88,
    0x3488, 0x4469, 0x33E7, 0x0B43, 0x0302, 0x02C2, 0x0281, 0x0B43, 0x25C8, 0x47CD, 0x472D, 0x36AB,
    0x2729, 0x1768, 0x0F68, 0x1748, 0x0F27, 0x0F08, 0x1EC9, 0x3E4B, 0x560D, 0x6DF0, 0x7610, 0x7610,
    0x6DAF, 0x556C, 0x3D4A, 0x24C7, 0x0B84, 0x02C2, 0x02A2, 0x0200, 0x23A7, 0x55AD, 0x2CC8, 0x23E6,
    0x3CCA, 0x1E08, 0x0E67, 0x2588, 0x446A, 0x4C2B, 0x4CCC, 0x656E, 0x8DD2, 0xA614, 0x9674, 0x6730,
    0x2FCB, 0x17C9, 0x1E48, 0x34A8, 0x54CC, 0x3CEA, 0x0C24, 0x03C3, 0x03A3, 0x0342, 0x02E1, 0x0B03,
    0x2346, 0x2B67, 0x1AA4, 0x0221, 0x0BA4, 0x2E2A, 0x57AF, 0x5FF0, 0x5F90, 0x672F, 0x4EED, 0x36EB,
    0x2F2A, 0x3EEC, 0x5EAE, 0x6E70, 0x7691, 0x6EF0, 0x6770, 0x57EF, 0x5FD0, 0x6770, 0x6750, 0x470C,
    0x1628, 0x14E6, 0x2CC8, 0x3D6A, 0x3D2A, 0x3CA9, 0x3428, 0x1364, 0x02E2, 0x02C2, 0x0200, 0x1B05,
    0x5D4D, 0x3529, 0x0423, 0x13E5, 0x2C08, 0x444A, 0x442A, 0x3409, 0x1C06, 0x0423, 0x0463, 0x0CA5,
    0x24C8, 0x4CAB, 0x6C8E, 0x64CE, 0x45CC, 0x2E09, 0x2D69, 0x4CEC, 0x54EC, 0x2CE8, 0x0C03, 0x0362,
    0x0363, 0x0323, 0x0302, 0x02E2, 0x0240, 0x0A62, 0x33A8, 0x556D, 0x3D6A, 0x03E2, 0x0BA3, 0x3428,
    0x3C29, 0x440A, 0x43EA, 0x2BE8, 0x0C25, 0x0443, 0x0443, 0x0C84, 0x1CC7, 0x3CAA, 0x646D, 0x746E,
    0x64ED, 0x45CB, 0x2E09, 0x2D69, 0x4CCB, 0x5CED, 0x458B, 0x0C64, 0x1C66, 0x6E30, 0x662E, 0x2D28,
    0x24E6, 0x456A, 0x55AD, 0x2CE8, 0x0C44, 0x0423, 0x0C65, 0x0C65, 0x0C64, 0x0C64, 0x0C65, 0x0C65,
    0x0C65, 0x0C44, 0x0403, 0x0C24, 0x4D8C, 0x5E4E, 0x15C6, 0x0624, 0x06C6, 0x0666, 0x15C6, 0x3549,
    0x4CCB, 0x4449, 0x2BA6, 0x1B44, 0x0B03, 0x02A2, 0x0260, 0x0322, 0x1D27, 0x2F0A, 0x1FCA, 0x0F68,
    0x06E6, 0x06A6, 0x06A6, 0x06C6, 0x0F07, 0x1F89, 0x276A, 0x1E28, 0x0CC5, 0x0403, 0x03C3, 0x03C3,
    0x03A3, 0x0342, 0x02A1, 0x0260, 0x0322, 0x0C44, 0x04E4, 0x0483, 0x03E3, 0x0404, 0x0424, 0x0CC4,
    0x0D66, 0x0C04, 0x0241, 0x0201, 0x0201, 0x0221, 0x0AE3, 0x1587, 0x17A9, 0x0F88, 0x0F48, 0x0F08,
    0x0606, 0x04E4, 0x03E3, 0x0383, 0x03C2, 0x0402, 0x2407, 0x55AD, 0x564D, 0x14C5, 0x2C47, 0x54CC,
    0x1CA6, 0x0C04, 0x3388, 0x4C0B, 0x3D4A, 0x1607, 0x1DE7, 0x2CE8, 0x3BE9, 0x3BC9, 0x3C29, 0x23A6,
    0x0261, 0x03A3, 0x1E48, 0x17A9, 0x0F07, 0x0585, 0x0444, 0x0323, 0x0262, 0x0242, 0x0262, 0x0302,
    0x0C24, 0x0464, 0x0BE5, 0x3448, 0x5D4D, 0x55ED, 0x1567, 0x05C6, 0x26E9, 0x378B, 0x47CD, 0x57EF,
    0x5FF0, 0x5FCF, 0x4FEE, 0x3FCC, 0x0382, 0x0341, 0x0341, 0x0362, 0x02C2, 0x0242, 0x0323, 0x0CA4,
    0x0D25, 0x0484, 0x03A3, 0x03A3, 0x03C3, 0x03C3, 0x03E3, 0x0C84, 0x0D25, 0x0CE5, 0x0343, 0x0242,
    0x02A2, 0x02E2, 0x02E2, 0x02A2, 0x02A2, 0x0261, 0x02C2, 0x2588, 0x4F6D, 0x574F, 0x46ED, 0x2709,
    0x1748, 0x0F48, 0x0F48, 0x0F07, 0x16C8, 0x2E8A, 0x462C, 0x5E0D, 0x65EE, 0x564E, 0x472D, 0x2F0A,
    0x1567, 0x0C65, 0x0424, 0x0444, 0x0C65, 0x1486, 0x14A6, 0x0C64, 0x0424, 0x0403, 0x03C3, 0x03A3,
    0x0C44, 0x2689, 0x1FAA, 0x06E6, 0x06A5, 0x06C6, 0x06C6, 0x1EA8, 0x462C, 0x75F0, 0x7E71, 0x6750,
    0x5FD0, 0x5FCF, 0x5F8F, 0x574E, 0x4F4E, 0x3F8D, 0x2F4B, 0x1DC7, 0x0C44, 0x0403, 0x0C85, 0x2507,
    0x2527, 0x1D07, 0x14C6, 0x0444, 0x0404, 0x0404, 0x0464, 0x0464, 0x0C44, 0x0C44, 0x1485, 0x1506,
    0x25A8, 0x2DE9, 0x35EA, 0x3589, 0x2D28, 0x1C45, 0x0B43, 0x0260, 0x12A3, 0x4BEA, 0x4C8A, 0x2CE6,
    0x1D66, 0x2DC8, 0x3DAA, 0x34E9, 0x1C46, 0x03E3, 0x03C2, 0x03A2, 0x03A2, 0x03A3, 0x03A3, 0x0383,
    0x0362, 0x0302, 0x1BA5, 0x4D2A, 0x24C7, 0x03C2, 0x03C3, 0x03C4, 0x03C3, 0x0404, 0x0484, 0x0CC4,
    0x14C6, 0x24E7, 0x34E9, 0x34A9, 0x3448, 0x23E6, 0x1364, 0x02C2, 0x0261, 0x0282, 0x02C2, 0x02A2,
    0x0282, 0x0262, 0x0282, 0x0303, 0x0301, 0x0301, 0x1B84, 0x3C69, 0x452B, 0x456A, 0x452B, 0x4CAB,
    0x448A, 0x44EB, 0x458B, 0x3D6A, 0x1CE7, 0x0444, 0x0424, 0x0404, 0x03E3, 0x03C3, 0x03A3, 0x0383,
    0x0383, 0x0342, 0x0362, 0x2467, 0x4D6C, 0x4DAC, 0x0D45, 0x0625, 0x278A, 0x2FCB, 0x2F8B, 0x1EC8,
    0x05E5, 0x0CC4, 0x2407, 0x3BA8, 0x2285, 0x0201, 0x0B83, 0x2E4A, 0x57CF, 0x670F, 0x4EAD, 0x272A,
    0x0F68, 0x0F67, 0x0F48, 0x1708, 0x2EAA, 0x4E2C, 0x65EF, 0x7610, 0x7630, 0x6E50, 0x5E8F, 0x468C,
    0x2588, 0x0C44, 0x0383, 0x03A3, 0x0302, 0x0302, 0x1D27, 0x272A, 0x1FE9, 0x0F88, 0x0F27, 0x1768,
    0x0F48, 0x1F09, 0x3E8B, 0x6E2F, 0x7671, 0x6730, 0x5FCF, 0x5FF0, 0x5FF0, 0x57CF, 0x576E, 0x4F4D,
    0x376C, 0x15E6, 0x1445, 0x454B, 0x5DED, 0x4D2B, 0x3C29, 0x33A8, 0x33C8, 0x3C09, 0x3C29, 0x2BC7,
    0x0B23, 0x0302, 0x02E2, 0x0282, 0x1425, 0x36CA, 0x37CC, 0x278A, 0x0F48, 0x0F48, 0x1748, 0x1728,
    0x0F07, 0x0707, 0x0EC7, 0x16A8, 0x2E6A, 0x462C, 0x5E0E, 0x5DCD, 0x4DAC, 0x3DCB, 0x2548, 0x0C25,
    0x0322, 0x02C2, 0x02A2, 0x0221, 0x2BA7, 0x55AD, 0x1CC7, 0x13C4, 0x3C29, 0x34E9, 0x3529, 0x3CAA,
    0x440A, 0x2C08, 0x1C86, 0x2508, 0x4D2B, 0x750F, 0x8531, 0x75B0, 0x468D, 0x1F4A, 0x1688, 0x2D28,
    0x54EC, 0x4D0B, 0x14A6, 0x0403, 0x0382, 0x0382, 0x23C6, 0x33E8, 0x33E8, 0x2BC7, 0x2365, 0x1AE4,
    0x1324, 0x2528, 0x478D, 0x5FB0, 0x6EF0, 0x66EF, 0x3EEC, 0x1F49, 0x1768, 0x1F29, 0x3ECC, 0x566E,
    0x6E0F, 0x7630, 0x7691, 0x6F10, 0x6F10, 0x6ED0, 0x5F4F, 0x36EB, 0x1D87, 0x2D28, 0x3D2A, 0x3CCA,
    0x4449, 0x4429, 0x3C29, 0x33E8, 0x2366, 0x0AE2, 0x01E0, 0x1AE4, 0x5D2D, 0x3D2A, 0x0443, 0x03E3,
    0x13C5, 0x2BE7, 0x2BE7, 0x1C26, 0x0424, 0x0403, 0x03E2, 0x0403, 0x0443, 0x1445, 0x3428, 0x4C0B,
    0x546C, 0x4C8B, 0x4C4A, 0x54AC, 0x4D2C, 0x3509, 0x0C24, 0x0362, 0x0383, 0x0343, 0x0302, 0x02E2,
    0x0240, 0x0241, 0x2B67, 0x5D6D, 0x458B, 0x03C2, 0x03C2, 0x1426, 0x2BE7, 0x33C8, 0x2C07, 0x1425,
    0x0423, 0x0403, 0x03E3, 0x0403, 0x0443, 0x0C65, 0x2447, 0x442A, 0x540C, 0x546C, 0x4C8B, 0x4C4B,
    0x546C, 0x4CEB, 0x3529, 0x2D08, 0x4D4B, 0x5E2E, 0x2DC9, 0x0524, 0x0524, 0x1546, 0x3589, 0x4DAC,
    0x2487, 0x03C2, 0x0424, 0x0C65, 0x0C65, 0x0C65, 0x0C64, 0x0C65, 0x0C65, 0x0424, 0x0C24, 0x2487,
    0x4DAC, 0x464B, 0x0624, 0x0706, 0x1FCA, 0x1768, 0x06A6, 0x0DC6, 0x3528, 0x44CA, 0x446A, 0x3C29,
    0x3C29, 0x33E8, 0x2346, 0x0A82, 0x02E2, 0x1CC6, 0x2669, 0x1F49, 0x1769, 0x0F48, 0x0F48, 0x1748,
    0x1F69, 0x2709, 0x1E08, 0x14C6, 0x0C24, 0x0C24, 0x0C24, 0x03E3, 0x03A2, 0x0362, 0x1343, 0x2326,
    0x2326, 0x1BC6, 0x1CE7, 0x1526, 0x04C5, 0x04A4, 0x04C4, 0x0CE5, 0x0C44, 0x02E2, 0x0201, 0x0282,
    0x0241, 0x0241, 0x13A4, 0x1648, 0x17E9, 0x1788, 0x0F07, 0x0686, 0x0565, 0x0463, 0x03A3, 0x0343,
    0x03C2, 0x03E3, 0x2BC7, 0x4D4B, 0x3E0B, 0x1C46, 0x3448, 0x4CEA, 0x0402, 0x03A2, 0x33E8, 0x4C2A,
    0x3569, 0x0EA7, 0x0EE7, 0x2628, 0x44EA, 0x4BCA, 0x442A, 0x3468, 0x1B44, 0x0322, 0x0CE5, 0x1F49,
    0x1748, 0x0564, 0x03E2, 0x02C2, 0x0242, 0x0242, 0x02A2, 0x0362, 0x0C64, 0x0C44, 0x2C27, 0x5D8D,
    0x55EC, 0x1D67, 0x05A6, 0x1667, 0x2F6A, 0x37CC, 0x4FEE, 0x5FF0, 0x67D0, 0x67D0, 0x57EF, 0x47CE,
    0x03A2, 0x0383, 0x0362, 0x0342, 0x0342, 0x0303, 0x0282, 0x0363, 0x0D45, 0x0D65, 0x0484, 0x0424,
    0x0424, 0x0444, 0x04C4, 0x0D85, 0x0D05, 0x0363, 0x02C2, 0x02E2, 0x0302, 0x0302, 0x02E2, 0x02E2,
    0x0323, 0x02C2, 0x0281, 0x13E4, 0x2E29, 0x3F8C, 0x2F8B, 0x1748, 0x0F68, 0x1748, 0x0F07, 0x0707,
    0x06E6, 0x0EC7, 0x16A8, 0x2669, 0x368A, 0x2F0B, 0x2F4B, 0x1E48, 0x0C85, 0x0424, 0x0465, 0x1485,
    0x24E8, 0x3549, 0x2D29, 0x1CE7, 0x1485, 0x0424, 0x0404, 0x03C3, 0x0404, 0x2608, 0x278A, 0x0F47,
    0x06E6, 0x06C6, 0x06C6, 0x0EC7, 0x366A, 0x5E0E, 0x7631, 0x6ED1, 0x6770, 0x5F8F, 0x5F2F, 0x570E,
    0x3F6D, 0x2F4B, 0x2608, 0x0CA5, 0x0404, 0x1465, 0x3549, 0x4DCC, 0x4DAB, 0x458B, 0x3549, 0x1CC6,
    0x0C65, 0x0424, 0x03A3, 0x0342, 0x0302, 0x02A2, 0x0262, 0x02A2, 0x0B23, 0x0B63, 0x0B63, 0x0B02,
    0x0282, 0x0201, 0x0200, 0x0A82, 0x2B67, 0x446A, 0x1CE6, 0x0582, 0x0644, 0x0645, 0x2608, 0x4DCB,
    0x452A, 0x2466, 0x0BC3, 0x0382, 0x0362, 0x0342, 0x0343, 0x0342, 0x0322, 0x02E2, 0x23C6, 0x4D4B,
    0x2CC7, 0x03A2, 0x03E3, 0x03C3, 0x03C3, 0x0423, 0x0CA5, 0x3529, 0x5D2D, 0x654E, 0x554C, 0x3D0A,
    0x3CCA, 0x446A, 0x3C08, 0x1B64, 0x0301, 0x02E2, 0x02E2, 0x02C2, 0x02E2, 0x0302, 0x0322, 0x0302,
    0x02E1, 0x1364, 0x44CA, 0x558C, 0x3D29, 0x2466, 0x2BA7, 0x4389, 0x4389, 0x3388, 0x3448, 0x4DAC,
    0x3549, 0x0C64, 0x0C44, 0x0C44, 0x0444, 0x0424, 0x03E4, 0x03C3, 0x03C3, 0x0362, 0x1BE5, 0x558D,
    0x4D6B, 0x1485, 0x0523, 0x1667, 0x2F8B, 0x37EC, 0x2FAB, 0x1F09, 0x0E26, 0x04E3, 0x0C03, 0x3BE8,
    0x43A9, 0x1AC5, 0x0262, 0x14A6, 0x3F4C, 0x476D, 0x2F2B, 0x1748, 0x1748, 0x0F48, 0x0F28, 0x0F07,
    0x0EC7, 0x1E88, 0x364A, 0x4E0C, 0x55ED, 0x562D, 0x46CC, 0x2EAA, 0x14E6, 0x03C3, 0x03A3, 0x03A3,
    0x0342, 0x0302, 0x13C4, 0x1E28, 0x27EA, 0x1788, 0x0F07, 0x0F28, 0x0F07, 0x0F07, 0x26A9, 0x562D,
    0x75F0, 0x7691, 0x6770, 0x57EF, 0x5FD0, 0x5F4F, 0x5F6F, 0x476D, 0x1E68, 0x1D27, 0x3CE9, 0x5DED,
    0x452B, 0x2B86, 0x3B68, 0x4389, 0x3B68, 0x2B47, 0x33C8, 0x3C29, 0x2386, 0x0B23, 0x0302, 0x02A2,
    0x0B03, 0x1CA6, 0x2F0A, 0x27EA, 0x0F88, 0x0F68, 0x0F28, 0x0F07, 0x0F07, 0x06E6, 0x06C6, 0x06C6,
    0x0EC7, 0x1EA9, 0x2E8A, 0x2E6A, 0x2649, 0x2DE9, 0x1CC6, 0x0363, 0x0302, 0x0302, 0x02A2, 0x0201,
    0x2BA7, 0x5DAD, 0x1CC6, 0x03C2, 0x1BE6, 0x3408, 0x440A, 0x440A, 0x2C07, 0x0C04, 0x0423, 0x0463,
    0x0CA5, 0x2CA8, 0x546C, 0x6C6E, 0x5CED, 0x3DEB, 0x2DA9, 0x3CCA, 0x5D0D, 0x4D4C, 0x1CC7, 0x03E2,
    0x03A3, 0x2C47, 0x4CAB, 0x4C6B, 0x2BC7, 0x1B65, 0x2385, 0x2B66, 0x22E5, 0x2446, 0x36EB, 0x576F,
    0x66F0, 0x56CE, 0x2F0B, 0x1768, 0x0F68, 0x1748, 0x1F09, 0x2EAA, 0x464C, 0x65EE, 0x75F0, 0x7630,
    0x6E70, 0x5EAF, 0x3F2C, 0x2689, 0x2D28, 0x452A, 0x44CA, 0x2BA7, 0x3327, 0x2B47, 0x2386, 0x3BE8,
    0x3BE9, 0x2365, 0x0200, 0x12A3, 0x54CC, 0x454B, 0x1485, 0x03C2, 0x03C2, 0x0C24, 0x0424, 0x0444,
    0x0423, 0x03E3, 0x03E3, 0x03E3, 0x03E3, 0x0423, 0x0423, 0x1405, 0x3408, 0x43A9, 0x4389, 0x4C8A,
    0x4D6B, 0x2D09, 0x0C04, 0x0382, 0x0383, 0x0363, 0x0322, 0x02E2, 0x0281, 0x0241, 0x1B05, 0x5D4D,
    0x55AC, 0x03C3, 0x03A1, 0x0424, 0x0C04, 0x0C24, 0x0444, 0x0443, 0x0403, 0x03E3, 0x03E3, 0x03E3,
    0x03E3, 0x0423, 0x0443, 0x0C44, 0x2407, 0x3C09, 0x4BCA, 0x4B8A, 0x4C2A, 0x450A, 0x3D6A, 0x5DCE,
    0x55CD, 0x1D67, 0x0DC6, 0x1E88, 0x26CA, 0x0E07, 0x1586, 0x4DCC, 0x3D2A, 0x1425, 0x03E3, 0x0403,
    0x0C44, 0x0C44, 0x0C44, 0x0C64, 0x0C45, 0x03E3, 0x0C04, 0x3D0A, 0x45AB, 0x2649, 0x0F07, 0x1FA9,
    0x3FEC, 0x37EC, 0x1F89, 0x0685, 0x0544, 0x14A5, 0x34A8, 0x448A, 0x4C8A, 0x54AB, 0x54AB, 0x2BC7,
    0x02C2, 0x02C1, 0x1424, 0x25E9, 0x270A, 0x1F4A, 0x1F29, 0x272A, 0x26A9, 0x1D88, 0x0C65, 0x0C25,
    0x0C65, 0x0C65, 0x0C45, 0x03E4, 0x03A2, 0x13C4, 0x3C08, 0x4C6B, 0x3C09, 0x2BA7, 0x33E8, 0x2CA8,
    0x1D07, 0x0CC4, 0x0464, 0x03C3, 0x02A2, 0x0261, 0x02A2, 0x02E2, 0x0261, 0x0282, 0x1465, 0x1EC8,
    0x17E9, 0x0F68, 0x06A6, 0x05C5, 0x04A4, 0x03A3, 0x0322, 0x0322, 0x0382, 0x13C5, 0x4409, 0x3D2A,
    0x2568, 0x2427, 0x3428, 0x2CA8, 0x0BE2, 0x03C2, 0x23E6, 0x4BEA, 0x452A, 0x1EA8, 0x1748, 0x1F09,
    0x3DEB, 0x5C8D, 0x546C, 0x34A9, 0x3468, 0x1364, 0x0382, 0x1DE7, 0x1EE8, 0x05C5, 0x0443, 0x0322,
    0x02C2, 0x02C2, 0x0383, 0x0424, 0x0403, 0x2C27, 0x550B, 0x55CC, 0x1D87, 0x0544, 0x1667, 0x274A,
    0x2F8B, 0x3FED, 0x57EF, 0x67D0, 0x67F1, 0x67F1, 0x67F0, 0x57CF, 0x2C67, 0x44A9, 0x3447, 0x0383,
    0x0341, 0x0363, 0x02E3, 0x02E2, 0x03A3, 0x0CC4, 0x0D65, 0x0D65, 0x0D65, 0x0D66, 0x0D45, 0x0C84,
    0x0383, 0x0323, 0x0322, 0x0342, 0x0301, 0x0301, 0x0322, 0x0343, 0x0383, 0x0342, 0x02E2, 0x02C2,
    0x1405, 0x2E29, 0x2FAB, 0x1FEA, 0x0F88, 0x0F27, 0x06E7, 0x06C6, 0x06C6, 0x06C6, 0x06A6, 0x0EA6,
    0x1728, 0x278A, 0x2649, 0x14E6, 0x0C65, 0x0424, 0x1CA6, 0x4DCC, 0x4DEC, 0x3D8A, 0x3D49, 0x3D8A,
    0x358A, 0x2507, 0x0C65, 0x03C3, 0x03C4, 0x1D07, 0x2ECA, 0x27CA, 0x0F88, 0x06E6, 0x06E6, 0x06C7,
    0x1E88, 0x3E4B, 0x5E4E, 0x666F, 0x66F0, 0x5F2F, 0x576E, 0x3F8D, 0x2F0B, 0x1DC8, 0x1485, 0x03C3,
    0x0C65, 0x458B, 0x4DCC, 0x450A, 0x4449, 0x4469, 0x452A, 0x3D8A, 0x1CE7, 0x0424, 0x03E3, 0x03C3,
    0x0383, 0x0342, 0x0302, 0x02C2, 0x02A2, 0x0282, 0x0261, 0x0261, 0x0262, 0x0241, 0x0260, 0x2305,
    0x3BC9, 0x2CA7, 0x0DC5, 0x06C6, 0x1F89, 0x1768, 0x0EA6, 0x1DA7, 0x3D69, 0x4D4B, 0x44EA, 0x4469,
    0x2BE7, 0x0B23, 0x0302, 0x02E2, 0x02A2, 0x0AE3, 0x2C07, 0x456B, 0x34A9, 0x13A5, 0x0C24, 0x0423,
    0x03E2, 0x0444, 0x2CC8, 0x652E, 0x8D92, 0x9E14, 0x9633, 0x7DD1, 0x5CAD, 0x4C2B, 0x4C6B, 0x3428,
    0x1384, 0x02E2, 0x02E2, 0x0303, 0x02E2, 0x0323, 0x0302, 0x02A1, 0x1B84, 0x44CA, 0x4D2B, 0x24C6,
    0x0BE3, 0x2BA7, 0x4BCA, 0x4C6B, 0x44EB, 0x442A, 0x4BEA, 0x4CEB, 0x354A, 0x1CC7, 0x0424, 0x0404,
    0x0C24, 0x03E4, 0x03E3, 0x03A3, 0x0342, 0x13A4, 0x3488, 0x4D6B, 0x24A6, 0x03E1, 0x04E4, 0x1628,
    0x2F2B, 0x3FED, 0x37CC, 0x1F09, 0x0E06, 0x04E4, 0x0423, 0x0BA3, 0x2BE7, 0x43C9, 0x22C5, 0x1323,
    0x1D26, 0x376B, 0x27EB, 0x0F88, 0x0F47, 0x0F07, 0x0F07, 0x06C6, 0x06A6, 0x0666, 0x0E46, 0x1607,
    0x1E28, 0x26A9, 0x2EAA, 0x1DA7, 0x0C44, 0x03A2, 0x0381, 0x0361, 0x0341, 0x0321, 0x0302, 0x14C6,
    0x272A, 0x1788, 0x0F27, 0x0EE7, 0x06E7, 0x0706, 0x0EC7, 0x366B, 0x5E0E, 0x7E11, 0x76B1, 0x6730,
    0x6730, 0x670F, 0x576E, 0x2F2B, 0x1526, 0x3CE9, 0x65EE, 0x2D08, 0x23E6, 0x4BAA, 0x4C4A, 0x34C9,
    0x2CA8, 0x3C09, 0x3B89, 0x3BC9, 0x3C08, 0x1BA5, 0x0302, 0x0322, 0x02E2, 0x0322, 0x14A5, 0x2689,
    0x27AB, 0x17C9, 0x0F27, 0x0EE6, 0x06E6, 0x06E6, 0x06C6, 0x06C6, 0x06C6, 0x06C6, 0x1708, 0x1F2A,
    0x2689, 0x1D27, 0x0BE4, 0x0342, 0x0322, 0x0322, 0x02A2, 0x0200, 0x2B87, 0x65AE, 0x2CC7, 0x03C2,
    0x03E3, 0x13E5, 0x2407, 0x2407, 0x0C25, 0x0423, 0x03E3, 0x03C3, 0x0403, 0x0424, 0x1425, 0x2C08,
    0x4C0A, 0x546C, 0x4C2B, 0x4BEB, 0x5CEC, 0x454B, 0x1C86, 0x03C3, 0x2C67, 0x5D6D, 0x3C89, 0x2386,
    0x2B07, 0x2B06, 0x2306, 0x2305, 0x22E5, 0x23A6, 0x2D69, 0x3F4C, 0x47AE, 0x36EB, 0x1F09, 0x0F48,
    0x1748, 0x0F28, 0x0F07, 0x0EE7, 0x1EA8, 0x366A, 0x464C, 0x4DED, 0x4E6D, 0x3F4C, 0x26A9, 0x1DA8,
    0x3509, 0x448B, 0x4C2B, 0x442A, 0x3408, 0x2BA7, 0x2326, 0x1324, 0x23C6, 0x3BC8, 0x12A3, 0x0A82,
    0x4429, 0x554C, 0x2CE8, 0x03C1, 0x03A2, 0x0404, 0x0403, 0x0403, 0x0403, 0x03E3, 0x0423, 0x0443,
    0x0423, 0x0423, 0x0402, 0x0402, 0x0C04, 0x0BC4, 0x0BC4, 0x34E9, 0x458B, 0x2CC8, 0x0C04, 0x03A2,
    0x03A3, 0x0363, 0x0343, 0x0303, 0x02C2, 0x0241, 0x0A83, 0x5D0C, 0x5DEE, 0x0C04, 0x03A1, 0x0403,
    0x0403, 0x0403, 0x0423, 0x0423, 0x0403, 0x03E3, 0x0403, 0x0423, 0x0422, 0x0422, 0x0403, 0x0403,
    0x0403, 0x1425, 0x1BE6, 0x1BE6, 0x2446, 0x456A, 0x6E2F, 0x660E, 0x2D89, 0x0DC6, 0x16A8, 0x2F8B,
    0x2F8B, 0x2709, 0x1E27, 0x2587, 0x4DCC, 0x4D6C, 0x0C04, 0x0382, 0x03E3, 0x0C44, 0x0C44, 0x0C24,
    0x0C25, 0x03C2, 0x0C05, 0x4D4C, 0x3DCB, 0x1647, 0x1748, 0x2FCB, 0x4FEE, 0x47EE, 0x2FCB, 0x1708,
    0x0605, 0x0503, 0x0C63, 0x0C04, 0x13C3, 0x1405, 0x34A8, 0x4CCA, 0x3407, 0x0302, 0x0301, 0x0BE4,
    0x14C6, 0x1D47, 0x1D67, 0x1D47, 0x14C6, 0x1465, 0x0C45, 0x0C65, 0x0C85, 0x1485, 0x0444, 0x0403,
    0x1425, 0x44CA, 0x54EC, 0x2C07, 0x1B65, 0x2346, 0x2345, 0x2BC7, 0x3408, 0x2BA7, 0x1303, 0x02A1,
    0x02E2, 0x02E2, 0x0302, 0x0323, 0x02A1, 0x0302, 0x1506, 0x1F09, 0x17C8, 0x0F27, 0x0605, 0x0504,
    0x03C3, 0x02E2, 0x02C2, 0x0342, 0x0343, 0x23A6, 0x4CEB, 0x2D49, 0x0C65, 0x2BE7, 0x3449, 0x1C86,
    0x03C2, 0x03C2, 0x1405, 0x43C9, 0x4CAA, 0x2E4A, 0x1F89, 0x1FC9, 0x470C, 0x75D0, 0x6CEE, 0x44EB,
    0x3D4A, 0x3488, 0x1B85, 0x0BC4, 0x1546, 0x1E28, 0x1566, 0x0444, 0x03E3, 0x03E3, 0x0C85, 0x1465,
    0x0363, 0x3428, 0x5DAD, 0x2547, 0x0565, 0x1647, 0x2709, 0x2F8A, 0x37CC, 0x4FEE, 0x5FF0, 0x6FD1,
    0x6FF1, 0x6FF1, 0x6FF1, 0x5FF0, 0x4D2B, 0x550C, 0x54EC, 0x3469, 0x13C5, 0x0342, 0x0362, 0x0323,
    0x02E2, 0x0383, 0x0444, 0x0484, 0x0CA4, 0x0C84, 0x0C23, 0x0362, 0x0302, 0x0322, 0x0362, 0x0382,
    0x13A4, 0x13A4, 0x0362, 0x0341, 0x0341, 0x0382, 0x0383, 0x0302, 0x02E2, 0x1404, 0x1D87, 0x26C9,
    0x1F6A, 0x1789, 0x0F48, 0x0706, 0x06E6, 0x06E6, 0x0F07, 0x1768, 0x1F69, 0x26A9, 0x1D27, 0x0C25,
    0x0444, 0x14A6, 0x3D6A, 0x55ED, 0x4D2B, 0x3C49, 0x4C6A, 0x548B, 0x4CEB, 0x3D2A, 0x2D28, 0x1465,
    0x03E3, 0x0404, 0x1D47, 0x2EEA, 0x278A, 0x1F69, 0x1F68, 0x1749, 0x1F49, 0x2F2A, 0x3F2C, 0x470D,
    0x4F0D, 0x470D, 0x36EB, 0x2669, 0x1D87, 0x0C65, 0x03C3, 0x1425, 0x3549, 0x55CD, 0x4CEB, 0x3BE9,
    0x43E9, 0x43EA, 0x4C6B, 0x4CEC, 0x3D2A, 0x1CC7, 0x0424, 0x0404, 0x0C04, 0x03E4, 0x03A3, 0x0362,
    0x0302, 0x02C2, 0x02C2, 0x02C2, 0x02E3, 0x02E2, 0x02E1, 0x3367, 0x444A, 0x1525, 0x0686, 0x27AB,
    0x3FED, 0x37EC, 0x1728, 0x0605, 0x1546, 0x34E8, 0x3CA9, 0x3C89, 0x3C29, 0x33A7, 0x1324, 0x0281,
    0x0220, 0x1B25, 0x44AA, 0x4D2B, 0x3C8A, 0x2C07, 0x14A6, 0x0CA5, 0x0444, 0x1485, 0x44CB, 0x8551,
    0xAE35, 0xB717, 0xAF37, 0xA695, 0x7D71, 0x5C8D, 0x542B, 0x4C8B, 0x3448, 0x0B22, 0x02E1, 0x0323,
    0x0303, 0x0302, 0x02E2, 0x02E2, 0x3469, 0x556C, 0x2486, 0x03C1, 0x03A3, 0x3B89, 0x4C4B, 0x3D8A,
    0x2E29, 0x3D8A, 0x4C8B, 0x4C4B, 0x3CEA, 0x24E8, 0x0424, 0x03C3, 0x0C04, 0x03C3, 0x03C3, 0x0382,
    0x0301, 0x1BE5, 0x3CE9, 0x24A7, 0x0BE3, 0x03C2, 0x04C4, 0x15C7, 0x2ECA, 0x3FAC, 0x37AB, 0x1EE8,
    0x05C6, 0x04E4, 0x0403, 0x0362, 0x0B83, 0x2BC7, 0x3BA8, 0x1AE5, 0x0322, 0x1D47, 0x270A, 0x1F8A,
    0x1789, 0x0F07, 0x06A6, 0x0645, 0x0625, 0x0605, 0x0604, 0x0645, 0x0E66, 0x1E68, 0x1D87, 0x0C44,
    0x03A2, 0x0BE4, 0x2CA8, 0x34EA, 0x34C9, 0x1C05, 0x0301, 0x0383, 0x25A8, 0x276A, 0x1788, 0x06C6,
    0x06A6, 0x06C6, 0x06A6, 0x1688, 0x362B, 0x5DEE, 0x662F, 0x66AF, 0x672F, 0x576E, 0x2ECA, 0x1587,
    0x2CA8, 0x4D4C, 0x458B, 0x0423, 0x1B65, 0x5BEC, 0x452B, 0x25E9, 0x1DE8, 0x3549, 0x3C29, 0x4389,
    0x442A, 0x2C27, 0x1363, 0x0342, 0x0322, 0x0302, 0x0323, 0x1445, 0x25E8, 0x272A, 0x1F89, 0x1768,
    0x0727, 0x06E6, 0x06C6, 0x06E6, 0x0F07, 0x1748, 0x1768, 0x1EC9, 0x1D87, 0x0403, 0x0382, 0x0383,
    0x0343, 0x0323, 0x02C2, 0x0200, 0x2366, 0x658E, 0x3509, 0x0403, 0x03E2, 0x03E3, 0x0424, 0x0424,
    0x0423, 0x0403, 0x03E3, 0x03E3, 0x0403, 0x0422, 0x0422, 0x0403, 0x1BE6, 0x33E8, 0x33A8, 0x33A8,
    0x4D2B, 0x3D2A, 0x1425, 0x2CA8, 0x4D6B, 0x452A, 0x23E6, 0x1B05, 0x2B47, 0x2386, 0x1B86, 0x2305,
    0x2306, 0x2326, 0x2BE7, 0x2DE9, 0x2F6B, 0x2FCB, 0x17A9, 0x0F47, 0x0F28, 0x0F07, 0x06E6, 0x06E6,
    0x06C6, 0x0EA7, 0x1687, 0x26A9, 0x2F2A, 0x2F4A, 0x15A7, 0x1CA7, 0x450A, 0x4C6B, 0x448A, 0x3569,
    0x2548, 0x2C48, 0x2B26, 0x0AE2, 0x0362, 0x23A6, 0x2345, 0x12C4, 0x2346, 0x5D6D, 0x4D8B, 0x03A2,
    0x03A2, 0x0424, 0x03E3, 0x03E3, 0x03E3, 0x0423, 0x0444, 0x1446, 0x2407, 0x23E7, 0x13E5, 0x0403,
    0x0443, 0x0402, 0x03E2, 0x3549, 0x4DCC, 0x1C86, 0x03E3, 0x03E3, 0x03A3, 0x0362, 0x0321, 0x0302,
    0x02E2, 0x0240, 0x0220, 0x54CC, 0x6E0F, 0x1C66, 0x03C2, 0x03C3, 0x03E3, 0x03E3, 0x03E3, 0x03E3,
    0x03E3, 0x0423, 0x0443, 0x0C44, 0x1425, 0x1405, 0x0BE5, 0x0403, 0x0422, 0x0443, 0x0402, 0x03C1,
    0x24C6, 0x664F, 0x8ED3, 0x45AB, 0x0524, 0x1687, 0x2F8B, 0x3FCD, 0x37CC, 0x37AC, 0x26C9, 0x0DA6,
    0x2DA9, 0x55CD, 0x452B, 0x2C88, 0x0BE4, 0x03A3, 0x03C3, 0x0C04, 0x0404, 0x0382, 0x1425, 0x55AD,
    0x35CA, 0x05E5, 0x1728, 0x37CC, 0x4FEF, 0x4FEF, 0x3FCC, 0x1F49, 0x0E67, 0x0544, 0x0442, 0x03C2,
    0x0381, 0x03A1, 0x0423, 0x3D09, 0x4D2B, 0x1C25, 0x0342, 0x0342, 0x03A3, 0x1405, 0x1425, 0x0C45,
    0x0C45, 0x0C45, 0x0C85, 0x0C85, 0x0C85, 0x0C65, 0x0403, 0x0C45, 0x454B, 0x554C, 0x3C49, 0x2366,
    0x2326, 0x2B47, 0x2B26, 0x2B06, 0x3B47, 0x3BA8, 0x2B66, 0x0B03, 0x0301, 0x0342, 0x0363, 0x0383,
    0x0322, 0x0363, 0x1506, 0x1F09, 0x17A8, 0x0686, 0x0544, 0x0444, 0x0322, 0x0282, 0x02A2, 0x0322,
    0x0363, 0x2467, 0x3E2B, 0x1CE6, 0x0322, 0x33E8, 0x34A9, 0x1485, 0x03C3, 0x03C2, 0x03E3, 0x2BC7,
    0x4C2A, 0x458B, 0x2F2A, 0x2FEB, 0x4FAE, 0x7EF2, 0x8DF2, 0x656E, 0x3D8A, 0x3D8A, 0x34A9, 0x0B43,
    0x03A3, 0x1506, 0x1546, 0x1506, 0x0CC5, 0x0CC5, 0x1485, 0x0BC4, 0x0B23, 0x3468, 0x4DAC, 0x0D05,
    0x0584, 0x26E9, 0x276A, 0x2FAB, 0x3FED, 0x57EF, 0x67D1, 0x6FF2, 0x6FF2, 0x6FF1, 0x6FF1, 0x67F1,
    0x3CE9, 0x2C67, 0x3C89, 0x5D0D, 0x3C8A, 0x0383, 0x0362, 0x03A3, 0x0363, 0x0302, 0x02E2, 0x0302,
    0x0302, 0x02E2, 0x02E2, 0x0342, 0x0362, 0x0362, 0x13C4, 0x3468, 0x44EA, 0x3CCA, 0x2447, 0x0BE4,
    0x0383, 0x0383, 0x0383, 0x03A3, 0x0342, 0x0302, 0x0363, 0x1CA6, 0x2629, 0x272A, 0x1F69, 0x0F48,
    0x0F27, 0x0F28, 0x1F69, 0x276A, 0x2E8A, 0x1D07, 0x1465, 0x0424, 0x0404, 0x3D6A, 0x55ED, 0x3CEA,
    0x33A8, 0x3B69, 0x43EB, 0x4BEA, 0x4C0A, 0x4CAB, 0x4D4B, 0x3549, 0x1466, 0x03C3, 0x0BE4, 0x1D07,
    0x2629, 0x2ECA, 0x272A, 0x272A, 0x272A, 0x272A, 0x270A, 0x270A, 0x26A9, 0x1E28, 0x1D67, 0x1485,
    0x0C24, 0x03C3, 0x03C3, 0x3509, 0x55CC, 0x34E9, 0x3BA8, 0x43AA, 0x44CB, 0x450B, 0x4C6B, 0x4C2B,
    0x4CEC, 0x3D4A, 0x1466, 0x03E4, 0x03C4, 0x03C4, 0x03C3, 0x03A3, 0x03A3, 0x0383, 0x0343, 0x0322,
    0x0302, 0x0302, 0x0303, 0x3BE8, 0x3CCA, 0x0585, 0x0EC7, 0x3FCC, 0x4FEF, 0x47CE, 0x278A, 0x06A7,
    0x0523, 0x0402, 0x03A3, 0x0BA4, 0x23E6, 0x4409, 0x3387, 0x0262, 0x01E0, 0x2BC6, 0x554D, 0x4CAB,
    0x3C8A, 0x2D28, 0x1587, 0x0D46, 0x14A6, 0x2CA8, 0x64CD, 0x9D73, 0xB6B7, 0xB7B8, 0xA7F7, 0x9775,
    0x7ED2, 0x5DCE, 0x446A, 0x548C, 0x4CEB, 0x1BC5, 0x0322, 0x0302, 0x0323, 0x02E1, 0x02E2, 0x23E6,
    0x450A, 0x3509, 0x03A2, 0x03A1, 0x1426, 0x3BE9, 0x44AA, 0x25E8, 0x16C7, 0x1EA8, 0x3D8B, 0x4C6B,
    0x4C8B, 0x2CE8, 0x0404, 0x03C3, 0x03E4, 0x03A3, 0x03A3, 0x0362, 0x02E1, 0x23C5, 0x34A8, 0x1445,
    0x03E3, 0x03E3, 0x0463, 0x0D46, 0x2669, 0x2F2B, 0x2F4A, 0x16A7, 0x0585, 0x04A4, 0x03E3, 0x0383,
    0x0321, 0x0382, 0x3428, 0x3387, 0x0A62, 0x02E2, 0x1C86, 0x2E49, 0x270A, 0x16E8, 0x0666, 0x0605,
    0x05E5, 0x05E5, 0x05C5, 0x0E06, 0x1DE8, 0x1D48, 0x1425, 0x0383, 0x0BE4, 0x2CC9, 0x5DCE, 0x6E30,
    0x6E0F, 0x4D4B, 0x1405, 0x0342, 0x0C45, 0x26AA, 0x1F8A, 0x0706, 0x06E6, 0x06C6, 0x06C6, 0x0EC7,
    0x1EA8, 0x368B, 0x468C, 0x4EED, 0x472C, 0x370B, 0x0D25, 0x0BC3, 0x4D2B, 0x4D6B, 0x0C44, 0x0403,
    0x23A6, 0x4BEB, 0x3D2A, 0x1E48, 0x16A7, 0x1688, 0x354A, 0x4C2B, 0x440A, 0x3C69, 0x2C27, 0x0B63,
    0x0342, 0x0383, 0x0342, 0x0322, 0x03C3, 0x2568, 0x2F0A, 0x278A, 0x1768, 0x0F27, 0x0F27, 0x1728,
    0x1F69, 0x276A, 0x2F0A, 0x35EA, 0x24C8, 0x0C05, 0x03C3, 0x0383, 0x0362, 0x0343, 0x02E2, 0x0200,
    0x2304, 0x550C, 0x454B, 0x1465, 0x0382, 0x03C3, 0x0423, 0x0403, 0x0403, 0x0403, 0x0403, 0x0443,
    0x0444, 0x0424, 0x0403, 0x0403, 0x0422, 0x0424, 0x03E4, 0x0C04, 0x456B, 0x3D2A, 0x1C26, 0x4D6C,
    0x4DCB, 0x0C23, 0x2345, 0x3B69, 0x2C28, 0x0CC5, 0x0CA5, 0x1C06, 0x2366, 0x2B06, 0x2B46, 0x2406,
    0x25A8, 0x274A, 0x1FCA, 0x1788, 0x0F47, 0x0F07, 0x06E6, 0x06C6, 0x06C6, 0x06C6, 0x06E6, 0x1F88,
    0x274A, 0x1DE8, 0x14A6, 0x2447, 0x4CEB, 0x54EC, 0x3DAA, 0x16A7, 0x0E06, 0x24A7, 0x3367, 0x1B45,
    0x0342, 0x0322, 0x2386, 0x2305, 0x0AA3, 0x550C, 0x5DEE, 0x0C24, 0x03A2, 0x03E3, 0x03E3, 0x03E3,
    0x0423, 0x0464, 0x2427, 0x4409, 0x440A, 0x440A, 0x3C08, 0x2407, 0x0C04, 0x03E3, 0x0C44, 0x4D8B,
    0x4DAC, 0x0C45, 0x03E3, 0x0C04, 0x03C3, 0x0382, 0x0362, 0x0322, 0x0323, 0x0281, 0x0220, 0x3C09,
    0x65AF, 0x3D4A, 0x0C24, 0x0382, 0x03E3, 0x0404, 0x03E3, 0x03E3, 0x0403, 0x0443, 0x0C65, 0x2C27,
    0x3BE8, 0x33E8, 0x2C07, 0x1C06, 0x0C04, 0x0424, 0x03C2, 0x03A0, 0x4D8B, 0x8EF4, 0x6E2F, 0x1D06,
    0x0543, 0x1F09, 0x37CC, 0x3FCD, 0x47ED, 0x3FCD, 0x2F6B, 0x1E88, 0x0D86, 0x2D68, 0x5E0E, 0x5DAE,
    0x34A9, 0x13E5, 0x03A3, 0x03A3, 0x03A3, 0x0383, 0x2447, 0x5DCD, 0x2D88, 0x0563, 0x16A7, 0x378B,
    0x47EE, 0x4FEE, 0x3FCC, 0x1F49, 0x0E66, 0x0565, 0x0484, 0x03E3, 0x03E4, 0x0403, 0x03E3, 0x2467,
    0x450A, 0x3CE9, 0x1405, 0x0382, 0x03E4, 0x0C04, 0x0C04, 0x0C45, 0x1485, 0x14A5, 0x0C85, 0x0C65,
    0x0C44, 0x0424, 0x0C24, 0x34E9, 0x660E, 0x3CEA, 0x1B45, 0x3B49, 0x43AA, 0x3BE8, 0x3BC8, 0x3368,
    0x3368, 0x3C09, 0x3C89, 0x2C67, 0x0B83, 0x0342, 0x03A3, 0x03C3, 0x0383, 0x0383, 0x1465, 0x1E88,
    0x1789, 0x0666, 0x04E4, 0x03A3, 0x02C2, 0x0282, 0x02C2, 0x0342, 0x0C84, 0x1DC7, 0x2649, 0x0BE3,
    0x0241, 0x3428, 0x3D09, 0x1465, 0x03C3, 0x03A2, 0x03E3, 0x13E5, 0x43EA, 0x5CED, 0x4EAD, 0x47CD,
    0x5FF0, 0x7F92, 0x9EF5, 0x9653, 0x4DCD, 0x3DEB, 0x458B, 0x2426, 0x0343, 0x0362, 0x0C04, 0x14A6,
    0x14C6, 0x1486, 0x0BA3, 0x0302, 0x1343, 0x3488, 0x3D6A, 0x0D05, 0x0585, 0x26C9, 0x278B, 0x37CC,
    0x4FCE, 0x5FF0, 0x6FF1, 0x77F2, 0x77F2, 0x77F2, 0x77F2, 0x6FD1, 0x0C04, 0x03A2, 0x0BA2, 0x3468,
    0x44EB, 0x3468, 0x0BA4, 0x0382, 0x03A3, 0x0383, 0x0363, 0x0343, 0x0342, 0x0343, 0x0363, 0x0362,
    0x0363, 0x1BE5, 0x5D2D, 0x75AF, 0x556D, 0x558D, 0x65EE, 0x5DAD, 0x34C9, 0x0BC3, 0x0341, 0x03A2,
    0x0BC4, 0x0383, 0x0363, 0x0363, 0x0C04, 0x1D27, 0x2649, 0x270A, 0x274A, 0x274A, 0x26CA, 0x25C8,
    0x1CE7, 0x1445, 0x0C45, 0x0C44, 0x1C66, 0x45AB, 0x4D8C, 0x33C8, 0x43A9, 0x4CAB, 0x354A, 0x3D8A,
    0x4CEB, 0x546C, 0x548B, 0x452B, 0x3D8A, 0x2CC8, 0x13E5, 0x03C3, 0x0C45, 0x1CE7, 0x1D47, 0x1D68,
    0x1D67, 0x1D67, 0x1D67, 0x1526, 0x14C6, 0x0C85, 0x0C45, 0x0C04, 0x03E3, 0x03E4, 0x1426, 0x456B,
    0x458B, 0x1C05, 0x3388, 0x4C6B, 0x2DA9, 0x1E68, 0x2DEA, 0x4CEB, 0x548C, 0x4D0B, 0x3D4A, 0x1466,
    0x03A3, 0x03E4, 0x0C04, 0x0BE4, 0x03C4, 0x03A3, 0x0383, 0x0363, 0x0321, 0x0322, 0x1B85, 0x3C6A,
    0x3529, 0x0585, 0x0EA7, 0x3FCD, 0x57EF, 0x4FEE, 0x2F8B, 0x0EA7, 0x0544, 0x0423, 0x0383, 0x0342,
    0x0362, 0x13A4, 0x23A6, 0x1AC5, 0x0A01, 0x3428, 0x5DAD, 0x444A, 0x34A9, 0x1E28, 0x0E67, 0x0DE6,
    0x2508, 0x44AA, 0x74AF, 0x9D73, 0xAE96, 0xAF97, 0xA7F6, 0x87F4, 0x5FD0, 0x3F2C, 0x35C9, 0x4D0C,
    0x54EC, 0x3488, 0x0B83, 0x02E2, 0x0322, 0x02C1, 0x0B02, 0x3CAA, 0x3D2A, 0x1445, 0x03A2, 0x03C2,
    0x1405, 0x3BC9, 0x44CA, 0x2649, 0x0F27, 0x1748, 0x3E2B, 0x548C, 0x4C8B, 0x34C9, 0x0BE4, 0x03A3,
    0x03C3, 0x0383, 0x0383, 0x0342, 0x02C1, 0x1B85, 0x3488, 0x1445, 0x03E3, 0x03C3, 0x0403, 0x04E5,
    0x15E7, 0x26A9, 0x1EC9, 0x0E26, 0x0544, 0x0443, 0x03A3, 0x0383, 0x0382, 0x03C2, 0x2C27, 0x33E8,
    0x1B25, 0x02C2, 0x02E1, 0x0BA4, 0x1CE7, 0x25E8, 0x1E48, 0x1627, 0x0DE6, 0x15E6, 0x1DC7, 0x1D47,
    0x1CA6, 0x0C05, 0x0342, 0x0383, 0x452B, 0x5DCE, 0x454A, 0x2CA7, 0x34E9, 0x55AD, 0x55CD, 0x2446,
    0x0362, 0x1D27, 0x2F0A, 0x1FC9, 0x0F68, 0x0707, 0x0F27, 0x0F28, 0x1768, 0x278A, 0x2F4B, 0x2EEA,
    0x25E8, 0x0CA5, 0x0382, 0x13C4, 0x4D6C, 0x3D2A, 0x03A2, 0x03E2, 0x23E6, 0x43C9, 0x3CEA, 0x2649,
    0x1727, 0x0F48, 0x366A, 0x552C, 0x542B, 0x448A, 0x3CE9, 0x2C27, 0x1364, 0x0362, 0x03A3, 0x0BA3,
    0x0383, 0x03E4, 0x14E6, 0x2629, 0x2F2A, 0x276A, 0x276A, 0x2F8B, 0x26E9, 0x1E28, 0x460C, 0x660F,
    0x65AF, 0x4D0B, 0x2426, 0x0382, 0x0342, 0x0343, 0x0303, 0x0260, 0x12A3, 0x3C29, 0x558D, 0x2D08,
    0x0381, 0x03C2, 0x0424, 0x03E3, 0x03C3, 0x0403, 0x0464, 0x0C45, 0x2406, 0x2BE7, 0x23E7, 0x1405,
    0x0423, 0x0422, 0x0402, 0x0C44, 0x3D2A, 0x452B, 0x2CA8, 0x454B, 0x2D08, 0x03C1, 0x2365, 0x43C9,
    0x2C67, 0x0D45, 0x0584, 0x0CE5, 0x2BE7, 0x3368, 0x2B87, 0x2B67, 0x1BA5, 0x1485, 0x2628, 0x2F8B,
    0x1FC9, 0x0F67, 0x06E6, 0x06C6, 0x06C6, 0x0F27, 0x1F89, 0x2FAB, 0x1E08, 0x0C04, 0x1C46, 0x3CEA,
    0x54CC, 0x556D, 0x368A, 0x0F48, 0x0E87, 0x24C8, 0x3388, 0x1345, 0x0341, 0x0321, 0x23A6, 0x1B25,
    0x0262, 0x3C09, 0x658E, 0x3529, 0x0BE2, 0x0361, 0x0C04, 0x0424, 0x0443, 0x1446, 0x4409, 0x544B,
    0x350A, 0x2D29, 0x448A, 0x4C2B, 0x1BA6, 0x0C24, 0x3549, 0x4DCC, 0x352A, 0x0C44, 0x0C24, 0x0C24,
    0x03C3, 0x13C4, 0x2BE7, 0x23C7, 0x1BA6, 0x0B03, 0x0260, 0x12E4, 0x4CCC, 0x6E2F, 0x24A6, 0x0340,
    0x0404, 0x0424, 0x03E3, 0x0403, 0x0443, 0x0C65, 0x3408, 0x4BEB, 0x4C2B, 0x444A, 0x442A, 0x3BEA,
    0x2C07, 0x0C24, 0x0402, 0x0C23, 0x7650, 0x96D4, 0x24C7, 0x0482, 0x05E5, 0x1709, 0x37CC, 0x47ED,
    0x4FCF, 0x47CD, 0x37AC, 0x2F4A, 0x1E68, 0x15A7, 0x2567, 0x3D8A, 0x5DAD, 0x552C, 0x2427, 0x0341,
    0x0341, 0x13C4, 0x3CA9, 0x55AC, 0x2527, 0x04C2, 0x0E26, 0x270A, 0x3F6C, 0x3FCD, 0x37AC, 0x1F29,
    0x0E46, 0x0564, 0x0484, 0x03E3, 0x03E3, 0x0424, 0x23E6, 0x43AA, 0x544C, 0x556C, 0x24A7, 0x0382,
    0x03E4, 0x0C04, 0x0C04, 0x0C45, 0x1465, 0x1465, 0x0C45, 0x1465, 0x0C04, 0x03A2, 0x2CA8, 0x55CD,
    0x3D8B, 0x2C28, 0x3348, 0x4BCA, 0x3CA9, 0x1D27, 0x1D28, 0x34C9, 0x442A, 0x43A9, 0x444A, 0x3D0A,
    0x34E9, 0x1405, 0x0362, 0x03C3, 0x0C04, 0x03C4, 0x03A3, 0x1D67, 0x272A, 0x0EC7, 0x0504, 0x0362,
    0x02E2, 0x02C2, 0x0302, 0x0443, 0x0E06, 0x1E68, 0x1485, 0x0281, 0x0282, 0x3448, 0x3D09, 0x1445,
    0x03C3, 0x03A2, 0x03C3, 0x0404, 0x33E8, 0x648D, 0x662F, 0x6790, 0x77F1, 0x8FD4, 0xA776, 0xA716,
    0x7E72, 0x560D, 0x3DAA, 0x34C9, 0x13C5, 0x0342, 0x0383, 0x0BC4, 0x03A4, 0x03A3, 0x0322, 0x0301,
    0x1364, 0x3C89, 0x3529, 0x0CC5, 0x0545, 0x1EA9, 0x278B, 0x3FED, 0x5FEF, 0x6FF1, 0x6FF2, 0x77F2,
    0x77F2, 0x77F2, 0x77F2, 0x6FF1, 0x03A2, 0x03A2, 0x03A1, 0x0BC3, 0x34A8, 0x4D0C, 0x1C26, 0x0382,
    0x03C4, 0x03E4, 0x03C3, 0x03A3, 0x03A3, 0x03A3, 0x03C4, 0x0342, 0x13C5, 0x4CEB, 0x658E, 0x4D2B,
    0x2C87, 0x2CC7, 0x454A, 0x558C, 0x558D, 0x452A, 0x2467, 0x03A3, 0x03A2, 0x0404, 0x0C04, 0x03A4,
    0x0383, 0x0BE4, 0x14A6, 0x1D87, 0x25E8, 0x25C8, 0x1D68, 0x1486, 0x1425, 0x1445, 0x0404, 0x0C45,
    0x3509, 0x45AB, 0x34C9, 0x3368, 0x440A, 0x458B, 0x2649, 0x1EC9, 0x2E4A, 0x456B, 0x5CAD, 0x5CCD,
    0x456B, 0x3D8A, 0x3509, 0x2467, 0x0BC4, 0x03C4, 0x0C25, 0x1466, 0x1486, 0x1486, 0x1465, 0x1445,
    0x0C05, 0x0BE4, 0x0BE4, 0x0C04, 0x03C3, 0x0BE4, 0x34C9, 0x456A, 0x1CC7, 0x03C3, 0x33A8, 0x54AB,
    0x2608, 0x0F27, 0x1728, 0x3E4B, 0x550C, 0x5CCC, 0x456B, 0x3529, 0x1C66, 0x0BE4, 0x0C04, 0x0C25,
    0x0C04, 0x03C4, 0x03A4, 0x03A4, 0x0321, 0x0B63, 0x3C89, 0x3CEA, 0x1CE6, 0x0524, 0x0E46, 0x376B,
    0x47CD, 0x47ED, 0x2F6A, 0x0E67, 0x0545, 0x0444, 0x0383, 0x0342, 0x0342, 0x0343, 0x1385, 0x2305,
    0x1A84, 0x3C89, 0x55AC, 0x3408, 0x2C68, 0x2609, 0x0EA7, 0x1627, 0x34E9, 0x544B, 0x648D, 0x7550,
    0x9614, 0xAE96, 0xA6F5, 0x7F92, 0x47ED, 0x1FEA, 0x1F08, 0x358A, 0x54CC, 0x450B, 0x1BE5, 0x02A1,
    0x0302, 0x02C1, 0x1344, 0x4D0B, 0x2CE8, 0x03C2, 0x03C3, 0x03E3, 0x0BC4, 0x3BC9, 0x44CA, 0x2669,
    0x1768, 0x1FA9, 0x3E8B, 0x54CC, 0x548C, 0x34A9, 0x13E5, 0x0363, 0x0383, 0x0363, 0x0363, 0x0322,
    0x02A1, 0x1B64, 0x2C48, 0x1465, 0x0403, 0x03C3, 0x03E3, 0x04A4, 0x0D86, 0x1E48, 0x1667, 0x05A5,
    0x04C4, 0x0403, 0x03A3, 0x03C3, 0x0BA4, 0x1B86, 0x33E8, 0x3428, 0x1BC5, 0x0322, 0x02C1, 0x02C2,
    0x0B63, 0x1445, 0x1CE6, 0x1D27, 0x1D27, 0x1D06, 0x1CA6, 0x1C46, 0x0BA4, 0x0321, 0x0B83, 0x34A9,
    0x55AD, 0x454A, 0x1424, 0x03C2, 0x03E2, 0x2CA7, 0x5DED, 0x456B, 0x1405, 0x0C04, 0x1D67, 0x2F0A,
    0x274A, 0x1F49, 0x1F49, 0x1F29, 0x1F09, 0x1EA8, 0x1E08, 0x1546, 0x0444, 0x0322, 0x0302, 0x1C26,
    0x456B, 0x2CC8, 0x0381, 0x03E2, 0x1405, 0x3BC8, 0x446B, 0x35CA, 0x1748, 0x17A9, 0x374B, 0x566E,
    0x750F, 0x5CCC, 0x352A, 0x3D0A, 0x2C47, 0x0BA3, 0x03A3, 0x0C04, 0x03E4, 0x03A3, 0x0BC4, 0x1486,
    0x2588, 0x2E29, 0x2E29, 0x2608, 0x1D67, 0x3549, 0x5DAE, 0x65EE, 0x45AA, 0x3D4A, 0x3CA9, 0x23E6,
    0x0B63, 0x0302, 0x02C1, 0x02A1, 0x0261, 0x1B25, 0x65AF, 0x55AC, 0x03A1, 0x03A2, 0x0C04, 0x03E4,
    0x03E3, 0x0423, 0x0C65, 0x3428, 0x4C0A, 0x442A, 0x3C29, 0x3428, 0x2406, 0x03C3, 0x0423, 0x2D08,
    0x3CE9, 0x3CEA, 0x3D2A, 0x2CC8, 0x0C44, 0x03E2, 0x23A6, 0x3BC9, 0x3469, 0x1567, 0x0605, 0x0DA6,
    0x34C9, 0x43EA, 0x3BC9, 0x33E8, 0x2B86, 0x1B24, 0x1404, 0x1D67, 0x26A9, 0x1F49, 0x1F68, 0x1768,
    0x1768, 0x276A, 0x26EA, 0x25C8, 0x0C45, 0x0B63, 0x2CC7, 0x4D6C, 0x5CED, 0x5DEE, 0x3F4C, 0x17A9,
    0x1EA8, 0x34C8, 0x2B88, 0x1345, 0x0362, 0x0322, 0x1B85, 0x2365, 0x12A4, 0x12C4, 0x446A, 0x6E0F,
    0x3508, 0x0381, 0x03A2, 0x0422, 0x0C44, 0x3429, 0x4C4B, 0x3D4A, 0x1667, 0x1687, 0x358A, 0x4C2B,
    0x2BA7, 0x2CC8, 0x5E0D, 0x3DAA, 0x14A6, 0x1485, 0x0C44, 0x0C24, 0x1C26, 0x3468, 0x3C49, 0x2BC7,
    0x2387, 0x2366, 0x1324, 0x0261, 0x2BA7, 0x7610, 0x4D8B, 0x0BE2, 0x03A1, 0x03E3, 0x0424, 0x0443,
    0x0464, 0x2426, 0x53EB, 0x546B, 0x354A, 0x2D68, 0x3509, 0x4C6B, 0x4C2B, 0x13A5, 0x0C44, 0x4DAC,
    0x7E71, 0x556C, 0x03C2, 0x0462, 0x0606, 0x0EE8, 0x27AA, 0x47ED, 0x57CF, 0x4FCE, 0x3FED, 0x37AC,
    0x2F2A, 0x1E68, 0x0DA6, 0x1546, 0x3569, 0x556C, 0x44AA, 0x1384, 0x02E0, 0x23E5, 0x4D2B, 0x3D4A,
    0x1484, 0x0442, 0x0D65, 0x1E48, 0x2EEA, 0x376B, 0x2F6B, 0x1EE9, 0x0626, 0x0524, 0x0444, 0x03C3,
    0x03E2, 0x0C04, 0x43E9, 0x5B6C, 0x63ED, 0x652E, 0x34C9, 0x0BC4, 0x03C3, 0x03E4, 0x0C05, 0x0C24,
    0x0C24, 0x0C25, 0x0C25, 0x0C25, 0x03E4, 0x03C3, 0x452B, 0x5E0E, 0x14C6, 0x1BA5, 0x4BAA, 0x4C4B,
    0x2D69, 0x1627, 0x1647, 0x1E49, 0x358A, 0x548B, 0x542B, 0x44CB, 0x458B, 0x354A, 0x2447, 0x0BC4,
    0x03E3, 0x03E4, 0x0BA3, 0x1445, 0x1DA7, 0x1EC9, 0x1647, 0x04E4, 0x0443, 0x0423, 0x04E4, 0x0E06,
    0x1E27, 0x14E6, 0x0B03, 0x0200, 0x02A2, 0x3428, 0x34C9, 0x1465, 0x03E3, 0x03A3, 0x03E3, 0x0423,
    0x2427, 0x648D, 0x7DD1, 0x7F12, 0x87D3, 0x9FD6, 0xA7B7, 0xA776, 0x9EF5, 0x6E2F, 0x3DAA, 0x3D2A,
    0x2427, 0x0362, 0x0362, 0x0363, 0x0342, 0x0342, 0x0321, 0x0302, 0x1365, 0x3489, 0x3509, 0x0C84,
    0x0504, 0x1E68, 0x274A, 0x3FCC, 0x5FEF, 0x6FF2, 0x77F2, 0x77F2, 0x77F1, 0x6FF2, 0x6FD2, 0x6FD1,
    0x03E3, 0x0404, 0x0404, 0x03A1, 0x1425, 0x4D2B, 0x34A9, 0x0BE4, 0x03C3, 0x03C3, 0x03C4, 0x03A3,
    0x0383, 0x0383, 0x0383, 0x0342, 0x2C68, 0x6DCF, 0x34C8, 0x0381, 0x03A1, 0x03A1, 0x03C1, 0x0C24,
    0x3D2A, 0x65EE, 0x55AD, 0x2C88, 0x03C4, 0x03E4, 0x0C24, 0x1445, 0x1445, 0x0C25, 0x0C04, 0x1425,
    0x1445, 0x1446, 0x1445, 0x1445, 0x1466, 0x1465, 0x03C3, 0x1445, 0x4D8C, 0x3569, 0x1C46, 0x2BA7,
    0x440A, 0x3D2A, 0x1E68, 0x0F27, 0x1748, 0x2F0B, 0x5E0E, 0x6D2F, 0x550C, 0x458B, 0x460C, 0x4DAC,
    0x2CE8, 0x1445, 0x0C25, 0x0C45, 0x1486, 0x1486, 0x1486, 0x1465, 0x1445, 0x0C25, 0x0C25, 0x0C05,
    0x0362, 0x0BE5, 0x454B, 0x3509, 0x0403, 0x03E3, 0x2BA7, 0x4C2B, 0x35AA, 0x1708, 0x0FA8, 0x2F4A,
    0x5E2E, 0x6D4F, 0x4D4C, 0x45AB, 0x3D6A, 0x1C66, 0x0C05, 0x0C25, 0x0C25, 0x0C05, 0x0BE4, 0x03C4,
    0x0342, 0x13C4, 0x4D4B, 0x3509, 0x0443, 0x04C4, 0x0DA5, 0x26A9, 0x374B, 0x378C, 0x2729, 0x0E46,
    0x0504, 0x0403, 0x0363, 0x0363, 0x0364, 0x1305, 0x1304, 0x1AE4, 0x2B06, 0x4CCB, 0x456B, 0x1C05,
    0x2BE7, 0x3D0A, 0x1DE8, 0x2D69, 0x446A, 0x4409, 0x3469, 0x3D2A, 0x5D6E, 0x8591, 0x95B3, 0x7E51,
    0x4F2D, 0x1FA9, 0x1748, 0x2DC9, 0x4CCC, 0x552C, 0x2406, 0x0281, 0x02C1, 0x02C2, 0x2385, 0x450A,
    0x24A7, 0x03A2, 0x03C3, 0x03E3, 0x0BC4, 0x3BC8, 0x4CAB, 0x366A, 0x1FA9, 0x27EA, 0x46CD, 0x652E,
    0x5CAD, 0x34C9, 0x23E6, 0x0B63, 0x0342, 0x0342, 0x0363, 0x0302, 0x02A1, 0x1324, 0x2C27, 0x1465,
    0x0423, 0x03C3, 0x0403, 0x04C4, 0x0D86, 0x1627, 0x0E27, 0x0565, 0x0464, 0x03E3, 0x03C3, 0x0BE4,
    0x2387, 0x436A, 0x4BEB, 0x3429, 0x1BC5, 0x0342, 0x0322, 0x0363, 0x0322, 0x0322, 0x0363, 0x0BC5,
    0x13E5, 0x13C4, 0x0363, 0x0343, 0x0342, 0x0321, 0x2C67, 0x5DAE, 0x3509, 0x0BE3, 0x0381, 0x03E3,
    0x03C2, 0x03A1, 0x24A6, 0x4DAC, 0x456B, 0x1405, 0x0403, 0x2548, 0x2E09, 0x2E69, 0x2649, 0x2608,
    0x1D67, 0x14A6, 0x0BC4, 0x0363, 0x0343, 0x0322, 0x0B63, 0x2C47, 0x3D4A, 0x24A7, 0x03A2, 0x03C2,
    0x0C04, 0x23C7, 0x4C0A, 0x452B, 0x26EA, 0x27CA, 0x37EC, 0x5F4F, 0x8E33, 0x7570, 0x454B, 0x3DAA,
    0x3D4A, 0x2C67, 0x0BA4, 0x03C3, 0x0C25, 0x1466, 0x1425, 0x0C05, 0x0C05, 0x1C66, 0x1486, 0x0403,
    0x1C66, 0x4D6C, 0x560D, 0x25E8, 0x0563, 0x0564, 0x2D28, 0x448A, 0x2BC6, 0x0B23, 0x02E2, 0x02E2,
    0x0240, 0x0262, 0x5CEC, 0x65CE, 0x1C86, 0x03E2, 0x03C2, 0x03E3, 0x0423, 0x0C44, 0x2C27, 0x4C2B,
    0x4CAB, 0x2D69, 0x3529, 0x4C6A, 0x43EA, 0x13A4, 0x1CC6, 0x55CC, 0x2C68, 0x2427, 0x454B, 0x2487,
    0x03E3, 0x03E2, 0x13E4, 0x33C8, 0x444A, 0x2569, 0x0E67, 0x1647, 0x35AA, 0x54AC, 0x5C0C, 0x3C69,
    0x34A8, 0x33E8, 0x0B03, 0x0342, 0x14A6, 0x25E9, 0x26CA, 0x2709, 0x2F0A, 0x2669, 0x1D27, 0x03A4,
    0x0343, 0x2426, 0x356A, 0x55AD, 0x756F, 0x6E70, 0x47CE, 0x27EB, 0x2E8A, 0x3CAA, 0x2B87, 0x0B64,
    0x0382, 0x0342, 0x0B64, 0x2386, 0x2B26, 0x0241, 0x1B24, 0x6D8F, 0x5DEE, 0x24A7, 0x0BE3, 0x0421,
    0x1445, 0x4BEA, 0x44AB, 0x25E8, 0x06A6, 0x0EA7, 0x2589, 0x3C29, 0x446A, 0x558C, 0x560D, 0x2508,
    0x0C65, 0x1CA6, 0x0C45, 0x1446, 0x44CA, 0x448A, 0x33C7, 0x2345, 0x2326, 0x2B67, 0x2B87, 0x0AC3,
    0x1AE4, 0x54CC, 0x65EF, 0x3D49, 0x03C2, 0x0381, 0x0403, 0x0443, 0x1445, 0x3C09, 0x542B, 0x354A,
    0x0E67, 0x0E86, 0x1E27, 0x3D0A, 0x53EB, 0x2386, 0x3509, 0x8EF3, 0x5DCD, 0x0BC4, 0x03A2, 0x0463,
    0x05A5, 0x06A6, 0x1F89, 0x37CC, 0x4FEE, 0x57EF, 0x47EE, 0x3FCC, 0x378B, 0x2F4B, 0x26A9, 0x0DA6,
    0x04E4, 0x24A7, 0x4CCB, 0x3C08, 0x02C0, 0x23E6, 0x4D6C, 0x24C7, 0x0403, 0x0402, 0x04A4, 0x0D66,
    0x1E08, 0x26A9, 0x26EA, 0x1EA8, 0x0606, 0x0504, 0x0444, 0x03C3, 0x03E3, 0x13E5, 0x43CA, 0x5C0B,
    0x5C8C, 0x5CEE, 0x44EB, 0x1C66, 0x0383, 0x0383, 0x0BE4, 0x03E4, 0x03E4, 0x0C04, 0x0C05, 0x03E4,
    0x03C4, 0x1C26, 0x4D6C, 0x4D8B, 0x0423, 0x0BA3, 0x43E9, 0x4C2B, 0x354A, 0x1E68, 0x16E8, 0x1727,
    0x26E9, 0x4E2D, 0x6D0E, 0x5CAD, 0x456A, 0x460C, 0x4D8C, 0x2487, 0x0BE4, 0x0404, 0x0C24, 0x0BC4,
    0x1425, 0x25C8, 0x26A9, 0x1687, 0x05E6, 0x0606, 0x0E87, 0x1E68, 0x14C6, 0x0AE3, 0x02A2, 0x0261,
    0x0282, 0x33C7, 0x34A8, 0x1485, 0x03E3, 0x03A2, 0x03E3, 0x0443, 0x1486, 0x4CEC, 0x7DB1, 0x96D3,
    0x97B5, 0xA7F7, 0xAFF7, 0xAFB7, 0xA736, 0x7E51, 0x4DAC, 0x452B, 0x2427, 0x0342, 0x0363, 0x0383,
    0x0383, 0x0383, 0x0322, 0x02E2, 0x1344, 0x3468, 0x3509, 0x0C63, 0x04A3, 0x1607, 0x1EE9, 0x2F8B,
    0x4FEE, 0x6FF1, 0x77F2, 0x6FF1, 0x6FF1, 0x6FF1, 0x6FD1, 0x6FD1, 0x03C3, 0x0403, 0x0403, 0x03C2,
    0x0C03, 0x2CC8, 0x3CEA, 0x2467, 0x03C3, 0x03C3, 0x0BC4, 0x03A4, 0x0BA4, 0x0383, 0x0362, 0x13E5,
    0x450A, 0x55AC, 0x1C45, 0x0361, 0x03E3, 0x03E3, 0x03E2, 0x03E2, 0x0C03, 0x2486, 0x454A, 0x5DCE,
    0x452B, 0x1426, 0x03E3, 0x0C44, 0x1CA6, 0x1C86, 0x1465, 0x1486, 0x1486, 0x1486, 0x1465, 0x1445,
    0x1445, 0x0C25, 0x03A2, 0x1C46, 0x55AD, 0x2CE8, 0x03E3, 0x1BE5, 0x43C9, 0x4C8B, 0x2609, 0x1728,
    0x17A8, 0x27AB, 0x570E, 0x7E51, 0x85D1, 0x65AE, 0x45EB, 0x35EA, 0x4DCC, 0x3D2A, 0x1425, 0x0C04,
    0x1466, 0x1466, 0x1466, 0x1445, 0x0C25, 0x0C05, 0x0BE4, 0x0BC4, 0x0342, 0x13E5, 0x454B, 0x2CC8,
    0x03E2, 0x03E2, 0x1BA5, 0x3BE9, 0x44EB, 0x2E8A, 0x1FA9, 0x2FCB, 0x672F, 0x8632, 0x75B0, 0x4DAC,
    0x35EA, 0x456B, 0x2487, 0x03E4, 0x0C05, 0x1425, 0x0C04, 0x03C4, 0x0363, 0x2406, 0x4D6B, 0x2CC7,
    0x03C2, 0x0443, 0x04E5, 0x15A6, 0x2689, 0x2F0A, 0x1EE9, 0x0E06, 0x04C4, 0x03C3, 0x0363, 0x0343,
    0x0B44, 0x22E5, 0x1AA5, 0x1AC5, 0x3367, 0x550C, 0x456A, 0x0C23, 0x13C4, 0x3C49, 0x3C8A, 0x444A,
    0x3C09, 0x2407, 0x0C44, 0x04A4, 0x1CE7, 0x44EA, 0x64CE, 0x7CD0, 0x658E, 0x366B, 0x1EC9, 0x25A9,
    0x4CCB, 0x552D, 0x2C07, 0x0281, 0x0261, 0x12C3, 0x2BC7, 0x3D09, 0x1C86, 0x03A1, 0x03C3, 0x03E3,
    0x0BC4, 0x3BC9, 0x54AC, 0x464C, 0x37AB, 0x3FED, 0x5F0F, 0x7D91, 0x5CED, 0x34C9, 0x3448, 0x1385,
    0x0302, 0x0322, 0x0343, 0x02E2, 0x0281, 0x12E4, 0x23E7, 0x1466, 0x0423, 0x03E2, 0x0463, 0x0525,
    0x15C7, 0x1E47, 0x0E27, 0x0565, 0x0463, 0x0402, 0x03E3, 0x23C7, 0x43AA, 0x5BCC, 0x5C4D, 0x3C49,
    0x13C5, 0x0342, 0x0322, 0x0363, 0x0343, 0x0342, 0x0343, 0x0343, 0x0343, 0x0343, 0x0364, 0x02E1,
    0x02C1, 0x23C6, 0x4D4C, 0x4DAB, 0x1424, 0x0361, 0x03C3, 0x03E4, 0x03E3, 0x03E2, 0x03C2, 0x34E8,
    0x5DED, 0x2CE8, 0x0C25, 0x1446, 0x1466, 0x1486, 0x1465, 0x0C25, 0x0BE4, 0x0384, 0x0363, 0x0363,
    0x0343, 0x0321, 0x0B43, 0x2C27, 0x452A, 0x24A7, 0x03A2, 0x03C2, 0x0403, 0x0BE5, 0x43C9, 0x54AC,
    0x464C, 0x3F8C, 0x47ED, 0x6FB1, 0x8F14, 0x9674, 0x7610, 0x3DCB, 0x3DCA, 0x456B, 0x1C46, 0x03C4,
    0x1445, 0x1466, 0x1486, 0x1486, 0x1466, 0x1466, 0x1465, 0x0404, 0x34C8, 0x5DED, 0x2E09, 0x0666,
    0x0F07, 0x0EC6, 0x0DE6, 0x1D06, 0x3C69, 0x4409, 0x2B87, 0x1B45, 0x0282, 0x0240, 0x1B24, 0x5D2D,
    0x660F, 0x1C66, 0x0340, 0x03C2, 0x0463, 0x1C46, 0x4409, 0x44AB, 0x25C8, 0x0E86, 0x1688, 0x3D0A,
    0x43CA, 0x3408, 0x3D6A, 0x55AD, 0x13A4, 0x13A4, 0x4D4B, 0x1C86, 0x03A2, 0x03E3, 0x03E3, 0x23C6,
    0x4C0A, 0x3D4A, 0x2689, 0x26E9, 0x3E8B, 0x6D8F, 0x7CF0, 0x4CAC, 0x3509, 0x3CE9, 0x2C27, 0x1384,
    0x0383, 0x0BE4, 0x1CA6, 0x1CE6, 0x1CC6, 0x1445, 0x0BC4, 0x0322, 0x13C4, 0x3D0A, 0x3DCB, 0x55CD,
    0x8E32, 0x86F3, 0x5FF0, 0x47CD, 0x4E6D, 0x54AB, 0x2BA7, 0x0B83, 0x0382, 0x0362, 0x0B83, 0x23A6,
    0x3387, 0x0AC3, 0x0280, 0x2365, 0x552C, 0x6E0F, 0x4D8B, 0x14C5, 0x0BE4, 0x3B89, 0x446B, 0x358A,
    0x25C8, 0x2528, 0x2C68, 0x446A, 0x65CE, 0x562E, 0x2508, 0x14A6, 0x14A6, 0x1486, 0x1C46, 0x34A8,
    0x4D0B, 0x3BE8, 0x2306, 0x2B67, 0x2387, 0x2366, 0x3327, 0x2346, 0x1B25, 0x2B66, 0x6D4E, 0x7E51,
    0x3D49, 0x03E3, 0x03A0, 0x0422, 0x2427, 0x4C2B, 0x4CAB, 0x25E8, 0x06C6, 0x0EC7, 0x2649, 0x3CE9,
    0x3B88, 0x3C8A, 0x6650, 0x86B2, 0x3CE9, 0x0361, 0x03C2, 0x0444, 0x0504, 0x0625, 0x0F27, 0x2FAA,
    0x47ED, 0x57CF, 0x57EF, 0x47ED, 0x3FCC, 0x378B, 0x2F0A, 0x2649, 0x1D47, 0x1465, 0x3C89, 0x3C09,
    0x02C2, 0x23C6, 0x450B, 0x1C86, 0x0403, 0x03C2, 0x0423, 0x04A4, 0x0D26, 0x15E7, 0x1E68, 0x1688,
    0x0E06, 0x0525, 0x0444, 0x03E3, 0x03E3, 0x1BC6, 0x4BAA, 0x4CAB, 0x456B, 0x4D0C, 0x552C, 0x3CA9,
    0x0383, 0x0362, 0x0BC4, 0x03C4, 0x03C4, 0x0BC4, 0x0BE4, 0x0383, 0x03C4, 0x2CA8, 0x4D6C, 0x3508,
    0x03E2, 0x03C2, 0x2C07, 0x4BEA, 0x44CA, 0x2629, 0x1728, 0x1788, 0x2789, 0x472C, 0x6E30, 0x7D70,
    0x5D4D, 0x3D8A, 0x3DEA, 0x55CD, 0x3CE9, 0x0C25, 0x0C24, 0x0C05, 0x0BE5, 0x1425, 0x14E6, 0x1E08,
    0x1E88, 0x1E88, 0x15C7, 0x0C45, 0x0322, 0x02C2, 0x02C2, 0x0261, 0x0241, 0x2B66, 0x3488, 0x1CA6,
    0x03E3, 0x03A2, 0x0403, 0x0483, 0x0D05, 0x358A, 0x7630, 0x8EF3, 0x9FB6, 0xAFF7, 0xAFF7, 0xAFD7,
    0xAF57, 0x8E93, 0x5DCE, 0x454C, 0x2C47, 0x0B43, 0x0343, 0x0363, 0x0363, 0x0363, 0x0302, 0x02E2,
    0x1323, 0x3448, 0x3D09, 0x0C23, 0x0442, 0x0D86, 0x1E68, 0x274A, 0x3FCD, 0x5FF0, 0x6FF1, 0x6FF1,
    0x67F1, 0x67F1, 0x67F1, 0x6FD1, 0x03A3, 0x03C3, 0x03E3, 0x0403, 0x0403, 0x0C44, 0x44EA, 0x3CCA,
    0x03C4, 0x03C4, 0x0BE5, 0x03C4, 0x0BC4, 0x0383, 0x0362, 0x2C88, 0x4D6C, 0x3509, 0x0BE4, 0x0382,
    0x0404, 0x0424, 0x0404, 0x03E3, 0x03A1, 0x03C1, 0x1C65, 0x3D6A, 0x55CD, 0x4D4C, 0x2CA8, 0x1445,
    0x0C65, 0x1CC6, 0x2507, 0x1CE7, 0x1CC7, 0x14A6, 0x1486, 0x1445, 0x0C25, 0x0BE4, 0x03A3, 0x2467,
    0x558C, 0x24A7, 0x03C1, 0x0404, 0x2BC7, 0x4BEA, 0x44EB, 0x2E6A, 0x1F69, 0x2FCB, 0x47CE, 0x7752,
    0x9EB4, 0x8E53, 0x6E0F, 0x4DEC, 0x4E2C, 0x45EC, 0x2CE8, 0x1425, 0x0C04, 0x1445, 0x1445, 0x0C25,
    0x0C05, 0x0BC4, 0x0BC4, 0x0BA3, 0x0342, 0x13C5, 0x452B, 0x24A7, 0x03C2, 0x03C3, 0x0BC3, 0x2BC7,
    0x4C2B, 0x45AB, 0x2F4B, 0x3FEC, 0x67D0, 0x8F14, 0x9674, 0x65EF, 0x460C, 0x4E0C, 0x3509, 0x1405,
    0x0BE4, 0x0BE4, 0x0BE4, 0x03C4, 0x0363, 0x1C06, 0x452B, 0x2486, 0x03A1, 0x03E3, 0x0444, 0x0CE5,
    0x15A7, 0x1E69, 0x1E88, 0x05E6, 0x04C4, 0x03C3, 0x0362, 0x0343, 0x1324, 0x2306, 0x1AA5, 0x12A4,
    0x2B67, 0x552C, 0x456B, 0x0403, 0x03A2, 0x2406, 0x33E8, 0x33E8, 0x2407, 0x0424, 0x0403, 0x0402,
    0x0423, 0x0C65, 0x2C68, 0x4C2B, 0x5C4C, 0x54CC, 0x454B, 0x44AA, 0x4C8B, 0x552D, 0x2C28, 0x0261,
    0x0200, 0x1AC4, 0x3408, 0x2CC8, 0x0C64, 0x03A2, 0x03C3, 0x0402, 0x03E4, 0x3BE9, 0x64AD, 0x5E4E,
    0x4FAE, 0x57EF, 0x7F11, 0x8DF3, 0x652E, 0x34E9, 0x3489, 0x23C6, 0x0302, 0x0302, 0x0323, 0x02E2,
    0x0261, 0x0AC3, 0x23A6, 0x1C66, 0x0C44, 0x0402, 0x04C4, 0x0DA6, 0x1E48, 0x1EC8, 0x1667, 0x05A5,
    0x04C4, 0x0424, 0x1BE6, 0x43C9, 0x4C2B, 0x4CCB, 0x5CCD, 0x446A, 0x13C5, 0x0322, 0x0322, 0x0363,
    0x0363, 0x0383, 0x0363, 0x0342, 0x0342, 0x0322, 0x02E1, 0x02A0, 0x2365, 0x554C, 0x4DAC, 0x14A5,
    0x03C2, 0x03A3, 0x03E4, 0x03E3, 0x0404, 0x0404, 0x03A1, 0x1444, 0x454A, 0x4D8C, 0x24C8, 0x0404,
    0x0C04, 0x13E5, 0x0BA4, 0x0B83, 0x0363, 0x0363, 0x0383, 0x0384, 0x0363, 0x0301, 0x0B23, 0x2BE7,
    0x450A, 0x24A7, 0x03A2, 0x03C3, 0x0403, 0x03E3, 0x2BC7, 0x5C4C, 0x658E, 0x572E, 0x57EF, 0x7FD2,
    0x9775, 0xA736, 0x9EB4, 0x5E0E, 0x460C, 0x4E0C, 0x34E9, 0x1426, 0x0C25, 0x1466, 0x1CC7, 0x1CE7,
    0x1CC7, 0x1486, 0x0C65, 0x1446, 0x3D2A, 0x562C, 0x1667, 0x0707, 0x2FEB, 0x27CA, 0x0EC7, 0x05A5,
    0x24C6, 0x3448, 0x3C09, 0x33A8, 0x2B87, 0x2325, 0x0A62, 0x2B86, 0x658E, 0x558D, 0x2CC7, 0x0C23,
    0x0402, 0x1BC6, 0x53EB, 0x3D2A, 0x1668, 0x0EC7, 0x1607, 0x2CA8, 0x440A, 0x5D4D, 0x55AD, 0x2C47,
    0x02E1, 0x1BA5, 0x452B, 0x1C86, 0x03A2, 0x03C3, 0x03E2, 0x13C5, 0x43E9, 0x4CCC, 0x464C, 0x3F6B,
    0x474D, 0x76B1, 0x8DF3, 0x7D70, 0x4D6C, 0x3589, 0x456B, 0x3489, 0x0383, 0x0363, 0x0BA4, 0x0BC4,
    0x0BA4, 0x0363, 0x0363, 0x0363, 0x1C46, 0x45AB, 0x4E0C, 0x6E0F, 0x9ED5, 0x9F75, 0x77F2, 0x5FB0,
    0x6E30, 0x64AD, 0x2BE7, 0x03C3, 0x03A2, 0x0362, 0x0383, 0x1BC6, 0x33A7, 0x1B24, 0x02A0, 0x02A1,
    0x23A5, 0x4CEB, 0x556C, 0x458B, 0x3D0A, 0x446A, 0x444A, 0x3C8A, 0x34A9, 0x3C8A, 0x4CCC, 0x5DAE,
    0x560E, 0x358A, 0x1486, 0x1486, 0x1C86, 0x0C25, 0x2CA8, 0x452A, 0x3CC9, 0x3387, 0x2B27, 0x2427,
    0x1486, 0x1425, 0x2386, 0x3B88, 0x2B67, 0x1344, 0x3C29, 0x6D6F, 0x75EF, 0x4D6B, 0x24C6, 0x0C84,
    0x1BC5, 0x3BA9, 0x446B, 0x3589, 0x1E08, 0x1DA8, 0x2CC8, 0x3C49, 0x44CB, 0x5D8E, 0x6E0F, 0x558D,
    0x1C46, 0x0382, 0x03C3, 0x0404, 0x0484, 0x05A5, 0x06C6, 0x1F89, 0x37CC, 0x4FEF, 0x57CF, 0x57CF,
    0x47CE, 0x37AC, 0x2F4B, 0x36AB, 0x3D8A, 0x2C27, 0x3C29, 0x33E8, 0x12E4, 0x2385, 0x34A9, 0x24A7,
    0x0C24, 0x03A2, 0x03E3, 0x0423, 0x0484, 0x0D46, 0x1607, 0x1647, 0x0E26, 0x0565, 0x04A4, 0x0423,
    0x0404, 0x23C6, 0x4BCA, 0x450B, 0x2E0A, 0x35AA, 0x556D, 0x4CEB, 0x13A4, 0x0362, 0x0383, 0x0B83,
    0x03A3, 0x0BA4, 0x0BC4, 0x0362, 0x0BA3, 0x3CEA, 0x456B, 0x24A6, 0x03C3, 0x03C2, 0x1405, 0x3BA9,
    0x4C2B, 0x356A, 0x1EC9, 0x17A9, 0x27CA, 0x3F8C, 0x6F10, 0x8E52, 0x85D2, 0x5D8D, 0x3DEA, 0x460B,
    0x4DCC, 0x350A, 0x1425, 0x0404, 0x1425, 0x0BA4, 0x0BC4, 0x1466, 0x1506, 0x14E6, 0x0C04, 0x0302,
    0x02A2, 0x02E2, 0x02C3, 0x0241, 0x0221, 0x2305, 0x2C48, 0x1CC7, 0x0403, 0x03A2, 0x0424, 0x04C4,
    0x0D65, 0x2E29, 0x5ECE, 0x7F72, 0x9FD5, 0xAFF7, 0xAFF7, 0xAFF7, 0xAF77, 0x96B4, 0x6DEF, 0x4D6C,
    0x2C68, 0x1344, 0x0322, 0x0343, 0x0343, 0x0343, 0x0302, 0x02C2, 0x0B03, 0x3448, 0x3CE9, 0x0C03,
    0x0402, 0x0D25, 0x15E7, 0x1EC9, 0x378B, 0x4FEE, 0x67F0, 0x67D1, 0x67D0, 0x5FF0, 0x5FF0, 0x5FF0,
    0x03A3, 0x03C3, 0x0403, 0x0464, 0x0463, 0x0443, 0x34E9, 0x44CA, 0x13E5, 0x0BC4, 0x0BC4, 0x03C4,
    0x0BE5, 0x0363, 0x0342, 0x3CE9, 0x558C, 0x2487, 0x03C3, 0x03A2, 0x03C3, 0x03E3, 0x03E3, 0x03E3,
    0x0424, 0x0423, 0x0422, 0x0462, 0x2547, 0x5E0D, 0x55AD, 0x2CC8, 0x1445, 0x1486, 0x1CC7, 0x1CC7,
    0x1C86, 0x1466, 0x1445, 0x1425, 0x0BE5, 0x0BC4, 0x0383, 0x2447, 0x4D8C, 0x24A7, 0x03A1, 0x03E3,
    0x0C04, 0x2BC8, 0x4C0B, 0x454B, 0x36AB, 0x37AC, 0x4FEF, 0x77B2, 0x9774, 0xAF36, 0xA6D6, 0x8672,
    0x4E0C, 0x3E0B, 0x4DCC, 0x2487, 0x03A3, 0x0BE4, 0x0C05, 0x0BE5, 0x0BE4, 0x0BC4, 0x0BA4, 0x0383,
    0x0301, 0x0BA4, 0x450A, 0x24C7, 0x03E3, 0x03C3, 0x03E2, 0x13C4, 0x43C9, 0x5CED, 0x568D, 0x4FCE,
    0x6FF1, 0x9795, 0xA736, 0x96B4, 0x6E4F, 0x460C, 0x3D6B, 0x3488, 0x03A3, 0x0383, 0x0BC4, 0x0BA3,
    0x0342, 0x13A5, 0x3CE9, 0x24A7, 0x03E2, 0x03E3, 0x03E3, 0x0444, 0x0D05, 0x15E7, 0x1667, 0x0E06,
    0x04E4, 0x0403, 0x0382, 0x0343, 0x1325, 0x1B26, 0x0B04, 0x0AE3, 0x2326, 0x5D0D, 0x55CD, 0x0C03,
    0x03A1, 0x0424, 0x0C05, 0x0C25, 0x0444, 0x0423, 0x03E3, 0x03C3, 0x03E3, 0x0403, 0x0423, 0x0C25,
    0x2C07, 0x43EA, 0x540B, 0x4BCA, 0x4C4A, 0x554C, 0x2C27, 0x0221, 0x01E0, 0x2305, 0x3C69, 0x1CA6,
    0x0423, 0x03C2, 0x03C3, 0x0422, 0x0C24, 0x3C4A, 0x6CEF, 0x7650, 0x67B1, 0x6FF2, 0x8F34, 0x9E34,
    0x6D6F, 0x3D0A, 0x34A9, 0x23E7, 0x0B24, 0x0302, 0x0302, 0x02C2, 0x0261, 0x0AA2, 0x2365, 0x2467,
    0x0C64, 0x0463, 0x0D45, 0x1E48, 0x2709, 0x274A, 0x1EE9, 0x0E07, 0x0546, 0x1C46, 0x3BC9, 0x4C0B,
    0x3D2A, 0x35CA, 0x554C, 0x446A, 0x13C5, 0x0322, 0x0322, 0x0363, 0x0363, 0x0343, 0x0343, 0x0343,
    0x0343, 0x02E2, 0x0260, 0x1B44, 0x4CEB, 0x5DEE, 0x3509, 0x03C3, 0x03E3, 0x0404, 0x03C3, 0x03C3,
    0x03E3, 0x03E3, 0x0403, 0x0423, 0x14A5, 0x55AC, 0x452B, 0x0C04, 0x1445, 0x1445, 0x1405, 0x0BE4,
    0x0BC4, 0x03A4, 0x0383, 0x0363, 0x0342, 0x02E1, 0x0AE2, 0x2BC6, 0x3CEA, 0x24A7, 0x03A2, 0x03C3,
    0x03E3, 0x03E3, 0x1C06, 0x542B, 0x7D10, 0x6EB1, 0x6FB2, 0x8FD4, 0x9FB6, 0xAF77, 0xA716, 0x8E73,
    0x5E4E, 0x3E0B, 0x3D8B, 0x2CA8, 0x0C04, 0x1465, 0x1CA7, 0x1CA6, 0x1C86, 0x0C45, 0x0C04, 0x2488,
    0x454B, 0x3E0A, 0x16C7, 0x1F69, 0x47ED, 0x47ED, 0x276A, 0x0666, 0x0503, 0x0424, 0x1BE6, 0x2BE7,
    0x3C09, 0x43E9, 0x2325, 0x0AA2, 0x2BA6, 0x658E, 0x660F, 0x3508, 0x0C64, 0x23E6, 0x4BEA, 0x3CEA,
    0x2DC9, 0x2DA8, 0x2CC8, 0x3C69, 0x4CEB, 0x65CE, 0x44EA, 0x02E2, 0x0280, 0x23E6, 0x452B, 0x1486,
    0x03C2, 0x03C3, 0x03E3, 0x0BC3, 0x33E7, 0x5C6C, 0x65CE, 0x576E, 0x5FF0, 0x7F73, 0x9EF5, 0xA675,
    0x7611, 0x3DAB, 0x45CB, 0x3D2B, 0x1C06, 0x0BC4, 0x0BE4, 0x0BE4, 0x0BE4, 0x03C4, 0x03A3, 0x1364,
    0x2467, 0x3DEB, 0x5E2E, 0x8672, 0xA756, 0xA7B6, 0x8FF4, 0x7F93, 0x8632, 0x6CEE, 0x2487, 0x0403,
    0x03C2, 0x0383, 0x03A3, 0x1BE5, 0x33E8, 0x1344, 0x02E2, 0x0322, 0x02E1, 0x0302, 0x2407, 0x556C,
    0x5E0E, 0x558C, 0x4CEB, 0x446A, 0x448A, 0x4D2C, 0x65EF, 0x5E2E, 0x3549, 0x1485, 0x14A6, 0x1CA6,
    0x1425, 0x0C04, 0x350A, 0x456B, 0x1C66, 0x3387, 0x3BC8, 0x14E6, 0x0585, 0x0565, 0x1CC7, 0x3BC9,
    0x438A, 0x33E8, 0x1BA5, 0x3408, 0x6D4E, 0x7E31, 0x5E0E, 0x3549, 0x2446, 0x33C8, 0x4C0A, 0x44AA,
    0x3CC9, 0x3C69, 0x33E9, 0x4CAB, 0x6610, 0x552C, 0x3C48, 0x2C88, 0x1426, 0x03A3, 0x03A3, 0x03C3,
    0x0444, 0x0524, 0x0666, 0x1748, 0x2FCB, 0x47EE, 0x57CF, 0x5FCF, 0x4FEE, 0x3FCD, 0x376B, 0x3E6B,
    0x4D2B, 0x4BEA, 0x43CA, 0x33C8, 0x1B05, 0x1B04, 0x23E6, 0x34E9, 0x1465, 0x0381, 0x03E3, 0x0403,
    0x0443, 0x04E5, 0x15A6, 0x1647, 0x0E47, 0x05C6, 0x0544, 0x04A4, 0x0C45, 0x33C8, 0x4BEB, 0x450B,
    0x2649, 0x1E68, 0x4DEC, 0x5D0D, 0x2406, 0x0362, 0x0342, 0x0363, 0x0B83, 0x0383, 0x0BA4, 0x0342,
    0x0B83, 0x44EA, 0x454A, 0x1C86, 0x03A3, 0x03C2, 0x0403, 0x23C6, 0x43CA, 0x4C8B, 0x360A, 0x274A,
    0x2FCB, 0x47CE, 0x6770, 0x8F13, 0x9EB5, 0x9674, 0x660E, 0x2DA9, 0x460B, 0x55ED, 0x2488, 0x0BE4,
    0x0C04, 0x0C05, 0x0BC4, 0x0363, 0x0343, 0x0322, 0x0302, 0x0322, 0x0303, 0x02E3, 0x02A2, 0x0241,
    0x0201, 0x1AA4, 0x3428, 0x24E7, 0x0403, 0x03C2, 0x0444, 0x0504, 0x0DC5, 0x26A8, 0x4F6D, 0x77D2,
    0x97F5, 0xA7D7, 0xAFF7, 0xAFF7, 0xAF97, 0x9ED5, 0x7E11, 0x558D, 0x3468, 0x1364, 0x0322, 0x0343,
    0x0343, 0x0343, 0x0322, 0x02E2, 0x02C2, 0x3407, 0x450A, 0x0C04, 0x03C2, 0x04A4, 0x0D86, 0x1E68,
    0x2F2A, 0x47AD, 0x57EF, 0x5FF0, 0x5FF0, 0x57CF, 0x57EF, 0x57EF, 0x03E3, 0x0403, 0x0464, 0x0CC5,
    0x04C4, 0x04A3, 0x24C7, 0x3CA9, 0x2C07, 0x0BC4, 0x03A3, 0x0BA4, 0x0BA4, 0x0342, 0x0343, 0x4D2B,
    0x55AC, 0x0C44, 0x03C2, 0x03C3, 0x03A3, 0x03C3, 0x03E3, 0x03E3, 0x0423, 0x0484, 0x04C4, 0x04E4,
    0x0D05, 0x1D47, 0x45EB, 0x5DEE, 0x454B, 0x1C87, 0x1465, 0x1CA6, 0x1C86, 0x1466, 0x1425, 0x0C05,
    0x0BE4, 0x0BC4, 0x0362, 0x1C26, 0x4D6B, 0x24A7, 0x03A2, 0x03C2, 0x03E3, 0x0BE5, 0x33C8, 0x542C,
    0x5D6D, 0x4F0E, 0x5FD0, 0x7FD3, 0x9FB5, 0xAF97, 0xAF77, 0xA715, 0x7670, 0x562D, 0x562D, 0x3509,
    0x13E5, 0x03A4, 0x0BC4, 0x0BC4, 0x0BC4, 0x03A4, 0x0383, 0x0363, 0x02E1, 0x1364, 0x3CCA, 0x2CC8,
    0x0403, 0x03C3, 0x03E2, 0x03E3, 0x23E7, 0x5C6D, 0x75B0, 0x6F51, 0x7FF3, 0x9FD5, 0xA7B7, 0xAF37,
    0x8EB3, 0x562D, 0x45CC, 0x3CE9, 0x0BA4, 0x0343, 0x0BA4, 0x0BA4, 0x0322, 0x0B63, 0x2C68, 0x24A7,
    0x0C24, 0x03E3, 0x03C3, 0x0403, 0x04A4, 0x0DA6, 0x1647, 0x0E26, 0x0565, 0x0484, 0x0403, 0x0B64,
    0x1B25, 0x1B45, 0x0BA4, 0x0362, 0x12E4, 0x5CED, 0x660E, 0x1444, 0x03A1, 0x0403, 0x0403, 0x0423,
    0x0403, 0x03E3, 0x03E3, 0x0403, 0x0423, 0x0422, 0x0422, 0x0403, 0x0404, 0x13E5, 0x23E7, 0x23E6,
    0x2C88, 0x4D4B, 0x2BC7, 0x01C0, 0x01A0, 0x2B46, 0x44A9, 0x1485, 0x0403, 0x03C3, 0x03E3, 0x0463,
    0x0CA4, 0x44CA, 0x7570, 0x8692, 0x8793, 0x8FD4, 0x9F55, 0xA675, 0x7DB1, 0x4D4C, 0x34C9, 0x2C07,
    0x1B45, 0x02E2, 0x02E2, 0x02C2, 0x0261, 0x0A62, 0x2345, 0x2467, 0x0CA5, 0x04C4, 0x15E7, 0x2ECA,
    0x378B, 0x37CC, 0x276A, 0x1E89, 0x2588, 0x444A, 0x5BEC, 0x4CAB, 0x2E09, 0x2649, 0x4D4C, 0x444A,
    0x1384, 0x0322, 0x0322, 0x0343, 0x0343, 0x0323, 0x0323, 0x0343, 0x02A1, 0x0281, 0x2B86, 0x5D4D,
    0x65EE, 0x3CAA, 0x33C8, 0x2BE7, 0x1425, 0x0423, 0x03C3, 0x03A3, 0x03C3, 0x0423, 0x04A4, 0x0483,
    0x04A3, 0x3DAA, 0x4D6B, 0x2447, 0x0C05, 0x0C04, 0x0C05, 0x0BC4, 0x03A4, 0x0383, 0x0363, 0x0343,
    0x0302, 0x02C1, 0x02C2, 0x2386, 0x3CEA, 0x24C7, 0x03C2, 0x03C3, 0x03E3, 0x03E3, 0x0C44, 0x3C8A,
    0x7510, 0x8652, 0x8F73, 0x97D5, 0xA7F7, 0xAFD7, 0xA776, 0x9EF5, 0x7670, 0x460C, 0x45CC, 0x34E9,
    0x0C04, 0x1445, 0x1C86, 0x1C66, 0x1C86, 0x0C04, 0x03E4, 0x3CCA, 0x458B, 0x1DC7, 0x0EA7, 0x276A,
    0x4FEE, 0x57EF, 0x37AC, 0x16E8, 0x05A5, 0x0483, 0x03C3, 0x0B83, 0x0B83, 0x1BC5, 0x3C09, 0x2B67,
    0x02A2, 0x1364, 0x3CA9, 0x5D8C, 0x55ED, 0x452B, 0x3C29, 0x3C09, 0x3429, 0x3448, 0x44AA, 0x5D8E,
    0x65CE, 0x3C89, 0x0B43, 0x02E1, 0x0281, 0x23A6, 0x450A, 0x1486, 0x03C2, 0x03C3, 0x03E3, 0x03E3,
    0x1C06, 0x5C4C, 0x7D70, 0x6F11, 0x7FD2, 0x8FD4, 0xA796, 0xAF57, 0x96D4, 0x6E2F, 0x4E0D, 0x3D8B,
    0x2C87, 0x0BE5, 0x03C4, 0x0BC4, 0x0BE5, 0x03A3, 0x0362, 0x1384, 0x2CA8, 0x460C, 0x6E70, 0x96D4,
    0xAF97, 0xAFD7, 0xA7D6, 0x9775, 0x8E73, 0x65AE, 0x2528, 0x0484, 0x0403, 0x03C3, 0x03A2, 0x1405,
    0x3448, 0x1385, 0x0302, 0x0343, 0x0363, 0x0342, 0x0383, 0x13E5, 0x2CC8, 0x458B, 0x55CD, 0x5DCE,
    0x65CE, 0x5DCD, 0x456B, 0x2CE8, 0x1C86, 0x1C86, 0x1C86, 0x1466, 0x0C05, 0x0C05, 0x452A, 0x3D6A,
    0x0C24, 0x1B86, 0x3BA9, 0x2C88, 0x0D86, 0x0605, 0x15A6, 0x3CEA, 0x644D, 0x642D, 0x3C49, 0x1C66,
    0x2C68, 0x4C8B, 0x5D0D, 0x5DAE, 0x5DEE, 0x4D6C, 0x448A, 0x3C29, 0x3C49, 0x44AA, 0x5D8E, 0x6E0F,
    0x554C, 0x1B64, 0x1323, 0x3488, 0x2467, 0x03A3, 0x03C3, 0x03C3, 0x0404, 0x04C4, 0x0605, 0x0F27,
    0x27CA, 0x47ED, 0x57CF, 0x5FD0, 0x57EF, 0x47CD, 0x3F4C, 0x4E2D, 0x64CD, 0x5B8C, 0x4B6A, 0x3388,
    0x2346, 0x0A82, 0x1303, 0x3CE9, 0x24A7, 0x03C2, 0x03E3, 0x03E3, 0x0423, 0x04C4, 0x0DA6, 0x1E48,
    0x1E88, 0x1667, 0x0DE6, 0x0D45, 0x1CA7, 0x440A, 0x5BEC, 0x4D0B, 0x1E88, 0x1708, 0x3E4B, 0x5D4D,
    0x3C69, 0x1384, 0x0301, 0x0343, 0x0363, 0x0363, 0x0B84, 0x0322, 0x0B63, 0x3CC9, 0x452A, 0x1C86,
    0x03C2, 0x03A2, 0x03E3, 0x0404, 0x2BC7, 0x53EB, 0x550C, 0x3E8C, 0x3F8C, 0x57EF, 0x77D1, 0x8F94,
    0xA736, 0xA6F6, 0x8E93, 0x5E0E, 0x460C, 0x460C, 0x456B, 0x2447, 0x03A3, 0x0BE4, 0x0BE5, 0x0BA4,
    0x0383, 0x0363, 0x0343, 0x0322, 0x0302, 0x02C2, 0x02A2, 0x0241, 0x0201, 0x1243, 0x33E7, 0x34E8,
    0x0C23, 0x03C2, 0x0484, 0x0524, 0x0625, 0x1F09, 0x47CD, 0x77F2, 0x97F5, 0x9FD6, 0xA7D6, 0xAFD7,
    0xAF97, 0xA6F5, 0x8632, 0x558D, 0x3468, 0x1364, 0x0322, 0x0342, 0x0343, 0x0343, 0x0322, 0x02C2,
    0x0282, 0x2BE7, 0x3D0A, 0x0C24, 0x03A2, 0x0444, 0x0505, 0x1607, 0x2ECA, 0x3F6C, 0x4FCE, 0x57EF,
    0x57EF, 0x57CE, 0x4FEE, 0x47EE, 0x0444, 0x0C65, 0x1CC7, 0x2CE9, 0x2D08, 0x1CE7, 0x1CC6, 0x3488,
    0x3C29, 0x13A4, 0x0362, 0x0B83, 0x0384, 0x0322, 0x0B63, 0x554C, 0x4DAC, 0x0423, 0x03E2, 0x0403,
    0x03C3, 0x03A3, 0x03C3, 0x03E3, 0x0443, 0x04C5, 0x1527, 0x2568, 0x2528, 0x1D27, 0x2D89, 0x460C,
    0x4DED, 0x458C, 0x2CC8, 0x1445, 0x1445, 0x1C46, 0x1425, 0x0BE4, 0x0BC4, 0x0BA4, 0x0322, 0x13E5,
    0x4D2B, 0x2CC8, 0x03E3, 0x03A3, 0x03C3, 0x03E3, 0x13E4, 0x43E9, 0x6C8E, 0x7610, 0x7731, 0x8FB3,
    0x9FD6, 0xA7D7, 0xAFD7, 0xAF97, 0x9EF5, 0x7E91, 0x562D, 0x458B, 0x2C68, 0x0383, 0x0383, 0x0BC4,
    0x0B84, 0x0383, 0x0363, 0x0343, 0x02C1, 0x0B03, 0x3C69, 0x2CA8, 0x0C24, 0x03C3, 0x03C2, 0x03E2,
    0x0C45, 0x4C8B, 0x7D70, 0x86D3, 0x97B5, 0xA7F6, 0xAFD7, 0xB7B8, 0xA736, 0x7670, 0x55ED, 0x350A,
    0x1BC5, 0x0B43, 0x0383, 0x0384, 0x0342, 0x0322, 0x1BA5, 0x2C68, 0x1C86, 0x03E2, 0x03C2, 0x0424,
    0x04C4, 0x0D86, 0x1E68, 0x1688, 0x0E06, 0x0525, 0x0464, 0x1B85, 0x2B26, 0x1B66, 0x0C04, 0x03A2,
    0x02C2, 0x54AC, 0x760F, 0x1CA6, 0x03C2, 0x03C3, 0x0403, 0x0403, 0x03E3, 0x03E3, 0x0423, 0x0463,
    0x1425, 0x1C06, 0x13E5, 0x0C04, 0x0423, 0x0422, 0x03E3, 0x0C44, 0x2508, 0x4D0B, 0x2B66, 0x0180,
    0x01A0, 0x2B87, 0x3CEA, 0x0C45, 0x03E2, 0x03E3, 0x0424, 0x04C3, 0x0D46, 0x458B, 0x7610, 0x8EF3,
    0x9FB5, 0xA7D6, 0xA776, 0xA696, 0x85D2, 0x5D6D, 0x34E9, 0x2C07, 0x1B45, 0x02C2, 0x02E2, 0x02C2,
    0x0261, 0x0A62, 0x2345, 0x2487, 0x0CE5, 0x0525, 0x1E49, 0x3F2C, 0x47CD, 0x4FEE, 0x37CC, 0x270A,
    0x35EA, 0x5C8C, 0x6C6E, 0x458B, 0x1E88, 0x1E68, 0x4D2B, 0x4409, 0x1364, 0x0302, 0x0302, 0x0322,
    0x0322, 0x0323, 0x0302, 0x02C2, 0x0261, 0x2325, 0x5D6D, 0x660F, 0x44EB, 0x3408, 0x3C09, 0x3489,
    0x1C86, 0x0424, 0x03E3, 0x03C3, 0x0403, 0x0484, 0x0CE5, 0x14E5, 0x14E5, 0x2547, 0x458B, 0x450A,
    0x13E5, 0x03A3, 0x0C05, 0x0BC4, 0x0383, 0x0363, 0x0343, 0x0322, 0x02E2, 0x02A2, 0x0282, 0x1B25,
    0x3CCA, 0x24E7, 0x03C2, 0x03C3, 0x03E4, 0x0423, 0x04A4, 0x2D08, 0x656E, 0x8E52, 0x9754, 0x9FD6,
    0xAFF8, 0xAFF7, 0xA7B7, 0xAF56, 0x86B2, 0x562E, 0x4E0D, 0x3509, 0x1405, 0x1405, 0x1446, 0x1445,
    0x1C46, 0x03E4, 0x0BE5, 0x4D4C, 0x45AB, 0x0D45, 0x0626, 0x272A, 0x47CD, 0x4FEF, 0x3FCC, 0x1F29,
    0x05E6, 0x04C4, 0x03E2, 0x0361, 0x0341, 0x0382, 0x2C47, 0x3428, 0x1324, 0x02A0, 0x0B22, 0x3468,
    0x4D4C, 0x558C, 0x4D4C, 0x550C, 0x54CC, 0x550C, 0x556D, 0x558D, 0x3CA9, 0x0B43, 0x02C1, 0x02E2,
    0x0281, 0x1B65, 0x44EA, 0x1C86, 0x03C2, 0x03E3, 0x03E3, 0x0403, 0x0C65, 0x4CAB, 0x7D70, 0x86B3,
    0x8F94, 0x9FF6, 0xAFF7, 0xAFB7, 0xA756, 0x8EB3, 0x564E, 0x3DAB, 0x34A9, 0x13C5, 0x0383, 0x0BA4,
    0x0BC4, 0x0363, 0x0322, 0x1384, 0x2CC8, 0x4E2D, 0x7EB1, 0x9F15, 0xAFB7, 0xAFF8, 0xAFF7, 0x9FB5,
    0x8713, 0x566E, 0x1DE8, 0x0524, 0x0463, 0x03E3, 0x03A2, 0x1425, 0x3488, 0x13A5, 0x0302, 0x0363,
    0x0BA4, 0x0BC4, 0x03A3, 0x03A3, 0x13E5, 0x2C88, 0x3D4A, 0x45CB, 0x45CB, 0x358A, 0x2527, 0x0CC5,
    0x14C6, 0x1CA7, 0x1C26, 0x1425, 0x0C05, 0x1405, 0x450A, 0x3D29, 0x0403, 0x0BA4, 0x33C8, 0x43E9,
    0x2CE8, 0x15E7, 0x1E27, 0x3DEA, 0x6D2F, 0x84D1, 0x74EF, 0x44EB, 0x2487, 0x2C48, 0x3C49, 0x4CAA,
    0x4D4C, 0x55AD, 0x558C, 0x554C, 0x556D, 0x55AD, 0x5DCD, 0x4D2B, 0x23C6, 0x0280, 0x02E2, 0x3C68,
    0x2C87, 0x03C3, 0x03A3, 0x03C3, 0x0403, 0x04A4, 0x05C5, 0x0F07, 0x27AA, 0x3FED, 0x57CF, 0x5FD0,
    0x57EF, 0x47CD, 0x470D, 0x5DCE, 0x6C8E, 0x5BAC, 0x4369, 0x3388, 0x2B67, 0x0242, 0x0261, 0x3407,
    0x2CA8, 0x0C44, 0x03E3, 0x03E2, 0x0444, 0x04E5, 0x15C7, 0x1E68, 0x2709, 0x1F09, 0x16A8, 0x15E7,
    0x2D28, 0x4C6B, 0x6C2E, 0x550C, 0x2689, 0x0F67, 0x26A9, 0x4DAC, 0x54EC, 0x23A6, 0x02E1, 0x0322,
    0x0343, 0x0343, 0x0363, 0x0302, 0x0B43, 0x3469, 0x3D2A, 0x24A6, 0x03E2, 0x0382, 0x03E3, 0x0403,
    0x13E4, 0x3BC8, 0x644D, 0x658E, 0x570E, 0x67D0, 0x7FF3, 0x97B5, 0xA796, 0xAF56, 0xA716, 0x8EB4,
    0x562E, 0x3E0A, 0x560D, 0x34C9, 0x0383, 0x0BA4, 0x0BE4, 0x0BC4, 0x0BC4, 0x03A3, 0x0363, 0x0322,
    0x02E2, 0x02A2, 0x0282, 0x0241, 0x01E1, 0x0A02, 0x33A7, 0x34E9, 0x0C24, 0x03E2, 0x0484, 0x0544,
    0x0646, 0x1F49, 0x4FCE, 0x77F2, 0x87D4, 0x8FB4, 0x9F95, 0xA797, 0xAF77, 0xA716, 0x8E53, 0x5D8D,
    0x3468, 0x1364, 0x0322, 0x0322, 0x0343, 0x0323, 0x0322, 0x02E2, 0x0261, 0x23A6, 0x450A, 0x1445,
    0x03A2, 0x0403, 0x04A4, 0x0DA6, 0x2689, 0x3F2C, 0x4FAE, 0x4FCE, 0x4FEE, 0x4FEE, 0x47ED, 0x47CD,
    0x1CA7, 0x34C9, 0x54EC, 0x64ED, 0x650D, 0x550C, 0x2CC8, 0x2CA8, 0x4449, 0x1B85, 0x0343, 0x0363,
    0x0322, 0x0303, 0x23C6, 0x558D, 0x458B, 0x0BE4, 0x03E4, 0x0C25, 0x03E3, 0x03C3, 0x03A3, 0x03E3,
    0x0464, 0x14C6, 0x3509, 0x554C, 0x658F, 0x65CF, 0x45AB, 0x2DA9, 0x3DEB, 0x5E4E, 0x55CD, 0x24A7,
    0x1425, 0x1425, 0x1405, 0x0BC4, 0x0BC4, 0x0BA4, 0x0301, 0x1384, 0x3CCA, 0x34E9, 0x1444, 0x03C3,
    0x03A3, 0x03E3, 0x0402, 0x1C26, 0x546C, 0x7D50, 0x8E93, 0x8F74, 0xA7D6, 0xAFF7, 0xAFF8, 0xA7B7,
    0xAF77, 0x9714, 0x664F, 0x55CD, 0x3CC9, 0x0B64, 0x0343, 0x0BA4, 0x0363, 0x0363, 0x0343, 0x0343,
    0x02A1, 0x0AC2, 0x33E7, 0x2CA8, 0x1465, 0x03E3, 0x03A2, 0x0403, 0x0483, 0x2D08, 0x65CF, 0x8EB3,
    0x9F96, 0xA7D7, 0xAFF7, 0xAFF8, 0xA796, 0x8EB3, 0x65EF, 0x3D2A, 0x23E6, 0x0B63, 0x0363, 0x0343,
    0x0343, 0x0302, 0x02E2, 0x2C07, 0x2CA8, 0x0403, 0x03C2, 0x0444, 0x0505, 0x15E7, 0x1EA9, 0x272A,
    0x16C8, 0x0DE6, 0x14E6, 0x33E7, 0x4348, 0x2B87, 0x0C25, 0x03C2, 0x02E1, 0x3C09, 0x6D8F, 0x454A,
    0x0C24, 0x0381, 0x03E3, 0x0404, 0x03E3, 0x0403, 0x0444, 0x1446, 0x3408, 0x43E9, 0x3408, 0x2407,
    0x1425, 0x0403, 0x03A1, 0x1CA5, 0x3D4A, 0x3C49, 0x1AA3, 0x01A0, 0x01C1, 0x2BA8, 0x3CE9, 0x0C24,
    0x03C2, 0x0424, 0x0484, 0x0544, 0x0DE7, 0x3E6B, 0x6ED0, 0x8F74, 0xA7D6, 0xAFD7, 0xAF77, 0xA6B6,
    0x8DF2, 0x5D6E, 0x3CEA, 0x2C08, 0x2325, 0x02E2, 0x02E2, 0x02C2, 0x0261, 0x0A83, 0x2366, 0x24A7,
    0x1526, 0x1586, 0x368B, 0x4F6E, 0x5FCF, 0x67F1, 0x4FEE, 0x378C, 0x466C, 0x652E, 0x6D0E, 0x3E2B,
    0x16E8, 0x1E68, 0x452B, 0x3BE9, 0x1343, 0x02E2, 0x0302, 0x0302, 0x0302, 0x0303, 0x02E2, 0x0240,
    0x2304, 0x5CEC, 0x662E, 0x44EA, 0x2B87, 0x3C8A, 0x358A, 0x1D67, 0x14E6, 0x0C65, 0x0423, 0x0423,
    0x0C65, 0x1CC7, 0x3509, 0x454B, 0x3D6A, 0x2527, 0x35CA, 0x55CC, 0x2447, 0x0384, 0x0BC4, 0x0BA4,
    0x0384, 0x0343, 0x0323, 0x0302, 0x02E2, 0x02A2, 0x0242, 0x12C4, 0x3CA9, 0x2CE8, 0x03E2, 0x03E3,
    0x0404, 0x0443, 0x0504, 0x1D87, 0x4E0C, 0x7ED1, 0x9774, 0x9FF6, 0xAFF8, 0xAFF7, 0xAFF7, 0xAF97,
    0x96F4, 0x6E70, 0x562D, 0x3D4A, 0x1406, 0x0BE5, 0x1425, 0x1405, 0x1405, 0x0BE4, 0x1C47, 0x558C,
    0x3D49, 0x0483, 0x0585, 0x26C9, 0x376B, 0x47CD, 0x37AC, 0x1F09, 0x05E6, 0x04C4, 0x0403, 0x03A3,
    0x03A3, 0x0BA4, 0x1BA5, 0x3408, 0x3429, 0x1364, 0x02C1, 0x0302, 0x1384, 0x3489, 0x4D8C, 0x55ED,
    0x5DED, 0x5DCD, 0x4D6C, 0x2427, 0x0302, 0x02E2, 0x0303, 0x02C2, 0x0241, 0x1B25, 0x44AA, 0x1C86,
    0x03E3, 0x03C3, 0x03E3, 0x0423, 0x04C4, 0x3529, 0x6DCF, 0x8EB3, 0x9F95, 0xA7D6, 0xAFF8, 0xA7D7,
    0xA777, 0x9EF5, 0x666F, 0x45CB, 0x3CC9, 0x13C5, 0x0363, 0x0B84, 0x0BA4, 0x0363, 0x0302, 0x1364,
    0x34A8, 0x564E, 0x86D2, 0xA736, 0xAFD7, 0xAFF7, 0xAFF7, 0x9FF6, 0x7FB3, 0x4F2E, 0x1E88, 0x05C5,
    0x04E4, 0x0423, 0x03C2, 0x1445, 0x34C9, 0x1BE6, 0x0322, 0x0B83, 0x0BA4, 0x0BC4, 0x1425, 0x1C46,
    0x1C46, 0x1446, 0x0CA5, 0x0CE5, 0x0D06, 0x0D26, 0x1566, 0x15C7, 0x1587, 0x14E6, 0x1445, 0x13E5,
    0x0BC4, 0x1405, 0x3D0A, 0x3509, 0x03C2, 0x03C2, 0x13E5, 0x3BA8, 0x442A, 0x352A, 0x360A, 0x466C,
    0x6E2F, 0x8DB2, 0x9D73, 0x8571, 0x5D6E, 0x454B, 0x34A8, 0x23A6, 0x1385, 0x2C48, 0x556C, 0x5DED,
    0x5DED, 0x4D6C, 0x2C47, 0x0B43, 0x0302, 0x02E1, 0x0B23, 0x2BC6, 0x2447, 0x1425, 0x03A2, 0x03A2,
    0x0423, 0x04C4, 0x05E5, 0x0F07, 0x27CA, 0x3FED, 0x57CF, 0x5FD0, 0x57EF, 0x4FAE, 0x56AE, 0x6D6F,
    0x6C8E, 0x442A, 0x33C8, 0x3388, 0x2B47, 0x0A83, 0x0200, 0x12A4, 0x3448, 0x2CC7, 0x03E3, 0x03C2,
    0x0464, 0x0D25, 0x15E7, 0x26C9, 0x2F6B, 0x2FAB, 0x274A, 0x26C9, 0x2E0A, 0x4D4C, 0x6CAE, 0x652E,
    0x366B, 0x1768, 0x1708, 0x360B, 0x5D4D, 0x3408, 0x0302, 0x0302, 0x0323, 0x0323, 0x0343, 0x0302,
    0x0322, 0x2C07, 0x3D0A, 0x2CE8, 0x03E3, 0x0382, 0x03E3, 0x03C3, 0x03E3, 0x1C06, 0x5C0B, 0x74EF,
    0x7651, 0x7772, 0x87D4, 0x9FD6, 0xA7D7, 0xAFB7, 0xA776, 0xA716, 0x7671, 0x4E2D, 0x4E2D, 0x3D2A,
    0x1BE5, 0x0BA4, 0x0BA4, 0x0BA4, 0x0B84, 0x0363, 0x0343, 0x0322, 0x02E2, 0x02A2, 0x0282, 0x0242,
    0x01E1, 0x01C1, 0x2B67, 0x3CE9, 0x0C24, 0x03E2, 0x0484, 0x0544, 0x0646, 0x1F49, 0x47EE, 0x67F1,
    0x77B2, 0x8753, 0x9EF5, 0xAF17, 0xAF57, 0xA716, 0x8E53, 0x5D8D, 0x3468, 0x1385, 0x0322, 0x0322,
    0x0343, 0x0323, 0x0323, 0x02E2, 0x0241, 0x2386, 0x44EA, 0x1C66, 0x03A2, 0x03C3, 0x0464, 0x0D46,
    0x2669, 0x370B, 0x4F8D, 0x4FCE, 0x4FEE, 0x47EE, 0x47CD, 0x476D, 0x4CCB, 0x6CEE, 0x8511, 0x8D12,
    0x8D32, 0x7550, 0x450B, 0x2CC8, 0x3469, 0x23A6, 0x0B44, 0x0342, 0x02A0, 0x1323, 0x4CAB, 0x55AD,
    0x3D09, 0x23A6, 0x1BE6, 0x1466, 0x0424, 0x03E3, 0x03E3, 0x0423, 0x14A5, 0x34E9, 0x5D2D, 0x7D71,
    0x95D3, 0x9633, 0x8672, 0x660F, 0x45AB, 0x3D8A, 0x4DEC, 0x55CD, 0x2CA8, 0x03C4, 0x13E5, 0x13C4,
    0x0BA4, 0x0B83, 0x0302, 0x0B23, 0x2C07, 0x3CE9, 0x24A7, 0x03C2, 0x03A2, 0x03E3, 0x03E3, 0x0464,
    0x2CC8, 0x656E, 0x8652, 0x8F54, 0xA7D6, 0xAFF7, 0xAFF8, 0xAFF7, 0xB7D8, 0xA776, 0x8692, 0x65EE,
    0x3D0A, 0x13A5, 0x0343, 0x0363, 0x0363, 0x0343, 0x0343, 0x0323, 0x02A1, 0x0282, 0x2365, 0x3488,
    0x1CA6, 0x03C2, 0x03C2, 0x0444, 0x04E4, 0x1D87, 0x464C, 0x7732, 0x97B5, 0xA7F7, 0xAFF8, 0xAFF7,
    0xAFB7, 0x9EF5, 0x7631, 0x454B, 0x2C27, 0x0B63, 0x0322, 0x0323, 0x0363, 0x0302, 0x0281, 0x1B45,
    0x2C48, 0x1C65, 0x0403, 0x0423, 0x0D25, 0x1E28, 0x2F2A, 0x37AC, 0x2F8B, 0x1EC8, 0x1DC7, 0x3489,
    0x53AB, 0x4389, 0x1C26, 0x0442, 0x0362, 0x2346, 0x5C8D, 0x6E0F, 0x24E7, 0x0360, 0x03E3, 0x0C05,
    0x0403, 0x0442, 0x1425, 0x3C09, 0x4C2B, 0x448A, 0x3CAA, 0x442A, 0x3C09, 0x1405, 0x03E2, 0x3528,
    0x5D6D, 0x2346, 0x0201, 0x01E0, 0x0A02, 0x33E8, 0x3509, 0x0C23, 0x03E2, 0x0464, 0x0504, 0x05C5,
    0x16A8, 0x3F2C, 0x6F91, 0x8FD5, 0xA7D7, 0xAFD7, 0xAF97, 0xA6D6, 0x8E13, 0x658E, 0x3CEA, 0x2C08,
    0x1B45, 0x02C2, 0x02E2, 0x02C2, 0x0261, 0x12A3, 0x23A6, 0x1CE6, 0x1567, 0x25E9, 0x46EC, 0x57AF,
    0x67F0, 0x77F2, 0x5FF0, 0x47CD, 0x4EED, 0x65CF, 0x6D8F, 0x3E8C, 0x1708, 0x1E48, 0x44EB, 0x3BC8,
    0x0B23, 0x02E2, 0x02E2, 0x0302, 0x0302, 0x02E2, 0x02A1, 0x0240, 0x4449, 0x7630, 0x3528, 0x23C6,
    0x4409, 0x2D69, 0x1668, 0x0E26, 0x0D66, 0x0CC6, 0x0C85, 0x1485, 0x2CC8, 0x54EC, 0x6D2F, 0x8591,
    0x75B0, 0x4D8C, 0x3DEA, 0x460B, 0x3CEA, 0x1BE6, 0x0383, 0x0B84, 0x0B84, 0x0343, 0x0322, 0x02E2,
    0x02C2, 0x02A2, 0x0221, 0x0A63, 0x4469, 0x34E8, 0x03E2, 0x03C3, 0x0404, 0x0484, 0x0545, 0x1607,
    0x3EAB, 0x6750, 0x87B4, 0x9FF6, 0xAFF7, 0xAFF7, 0xAFF7, 0xB7D8, 0x9F55, 0x7EB1, 0x5E4E, 0x3D6A,
    0x1C06, 0x0BC4, 0x1405, 0x13E5, 0x03A4, 0x1405, 0x34C9, 0x454B, 0x24A7, 0x0402, 0x04E4, 0x15E8,
    0x26AA, 0x374B, 0x2F6A, 0x16C8, 0x05E5, 0x04C4, 0x0403, 0x03C3, 0x0BC4, 0x23A6, 0x3B49, 0x4BCB,
    0x448A, 0x1BC5, 0x0322, 0x0343, 0x0343, 0x0B84, 0x13E5, 0x2447, 0x2467, 0x1C26, 0x13A4, 0x0342,
    0x0302, 0x02E2, 0x0303, 0x02A2, 0x0200, 0x12C4, 0x4469, 0x24A7, 0x0403, 0x03C3, 0x03E3, 0x0463,
    0x0525, 0x25C8, 0x566E, 0x8732, 0x97B5, 0xA7F7, 0xB7F8, 0xAFD7, 0xAFB7, 0xA756, 0x7671, 0x55CD,
    0x3CEA, 0x13A5, 0x0343, 0x0B84, 0x0B84, 0x0343, 0x0302, 0x1324, 0x3488, 0x5E6E, 0x8713, 0xA756,
    0xB7D7, 0xAFF7, 0xA7D7, 0x9FF6, 0x7FF3, 0x4FAE, 0x2729, 0x0646, 0x0544, 0x0464, 0x03E2, 0x1445,
    0x3509, 0x2406, 0x0343, 0x0BA4, 0x0BE5, 0x1405, 0x1C26, 0x1C67, 0x1CE7, 0x15A6, 0x0DA6, 0x1587,
    0x1DA7, 0x1DE8, 0x25C8, 0x2588, 0x1D67, 0x1587, 0x1546, 0x1425, 0x0B64, 0x0BC4, 0x3CE9, 0x3D09,
    0x03C3, 0x03C2, 0x0403, 0x13C5, 0x3BC9, 0x544C, 0x5D6E, 0x5E6E, 0x76B0, 0x9674, 0xA635, 0xA614,
    0x95F3, 0x65AF, 0x456B, 0x3CAA, 0x1BA5, 0x0323, 0x13A4, 0x1BE5, 0x13E5, 0x0BA4, 0x0363, 0x0323,
    0x0322, 0x02C2, 0x02C2, 0x1B45, 0x2C47, 0x1C66, 0x03A2, 0x03A2, 0x0444, 0x0524, 0x0625, 0x0F07,
    0x27CA, 0x47ED, 0x5FD0, 0x67F0, 0x57EF, 0x4F6E, 0x664F, 0x752F, 0x5CAD, 0x3488, 0x2427, 0x2B87,
    0x2B47, 0x12A3, 0x0200, 0x01E1, 0x2B66, 0x34A8, 0x1444, 0x0403, 0x0443, 0x0D25, 0x1E08, 0x2EEA,
    0x37AC, 0x3FED, 0x3FCD, 0x2F8B, 0x2F0A, 0x4E2C, 0x6D6F, 0x756F, 0x564D, 0x272A, 0x0F28, 0x2E69,
    0x5D8D, 0x446A, 0x0B64, 0x02E2, 0x02E2, 0x0323, 0x0323, 0x0302, 0x0302, 0x1B85, 0x3CE9, 0x3D29,
    0x0BE3, 0x03A2, 0x0404, 0x03C3, 0x03E2, 0x0424, 0x3C49, 0x6CCE, 0x85D2, 0x8EF3, 0x9795, 0xA7D6,
    0xAFF7, 0xAFD7, 0xAFB7, 0xA777, 0x96D4, 0x6E70, 0x4E4D, 0x456B, 0x2C48, 0x0B83, 0x0363, 0x0BA4,
    0x0B84, 0x0363, 0x0343, 0x0322, 0x02E2, 0x02A2, 0x0282, 0x0262, 0x0201, 0x01A1, 0x2346, 0x3CE9,
    0x0C44, 0x0402, 0x0484, 0x0544, 0x0645, 0x1748, 0x3FEC, 0x4FEE, 0x5F90, 0x76B1, 0x9633, 0xAE56,
    0xAEF7, 0xA716, 0x8E53, 0x5D8D, 0x3468, 0x1B85, 0x0322, 0x0322, 0x0343, 0x0323, 0x0323, 0x02E2,
    0x0240, 0x2365, 0x44CA, 0x1C66, 0x03C3, 0x03A2, 0x0443, 0x0D25, 0x1E28, 0x370B, 0x4F8D, 0x57CF,
    0x57EF, 0x4FEE, 0x47AD, 0x4F0D, 0x74CE, 0x8D32, 0xA574, 0xA594, 0x9D94, 0x8D72, 0x64EE, 0x3CA9,
    0x2467, 0x2BC7, 0x1B65, 0x0322, 0x0260, 0x23A6, 0x65CF, 0x4D6C, 0x3428, 0x3BE9, 0x3448, 0x1CA6,
    0x0C85, 0x0444, 0x0443, 0x0464, 0x24C7, 0x54EC, 0x7D30, 0x9DB4, 0xA655, 0xA6D6, 0xA716, 0x9E94,
    0x75D0, 0x4CCB, 0x4D2C, 0x660E, 0x456B, 0x1C46, 0x0BC4, 0x0BA4, 0x0BA4, 0x0363, 0x0322, 0x02E2,
    0x1344, 0x3CC9, 0x3529, 0x03E2, 0x03C2, 0x03E4, 0x03E3, 0x0483, 0x0D25, 0x3DCB, 0x66AF, 0x8753,
    0x9FD5, 0xA7F7, 0xAFD7, 0xAFF7, 0xAFF7, 0xAFB7, 0x9ED4, 0x6E10, 0x452B, 0x23E7, 0x0B43, 0x0322,
    0x0343, 0x0343, 0x0323, 0x0302, 0x02A1, 0x0261, 0x12C4, 0x3448, 0x2CC7, 0x03E2, 0x03C2, 0x0444,
    0x0504, 0x0E06, 0x36CA, 0x6790, 0x8FF4, 0xA7F6, 0xA7D7, 0xAFF7, 0xAFD8, 0xA736, 0x7E72, 0x556C,
    0x3448, 0x0B64, 0x0302, 0x0323, 0x0343, 0x0302, 0x02C1, 0x0AA3, 0x1B86, 0x2CA7, 0x1464, 0x0422,
    0x0D45, 0x1E68, 0x374B, 0x47ED, 0x47EE, 0x378B, 0x1EA9, 0x358A, 0x544C, 0x5BAC, 0x3409, 0x0C84,
    0x0423, 0x0B23, 0x3B89, 0x6DB0, 0x55AC, 0x1C64, 0x03A1, 0x03A2, 0x0423, 0x0C64, 0x3428, 0x4C2B,
    0x3D0A, 0x25E8, 0x2608, 0x452B, 0x43EA, 0x2BA7, 0x24C7, 0x458B, 0x4CAB, 0x0A83, 0x01A0, 0x01E1,
    0x1A44, 0x3408, 0x2D08, 0x0403, 0x03E2, 0x04A4, 0x0565, 0x0646, 0x1F29, 0x47AD, 0x77F2, 0x97F5,
    0xA7F7, 0xAFF7, 0xAF97, 0xAEF6, 0x9633, 0x6D8E, 0x450B, 0x2C08, 0x1B25, 0x02E2, 0x0302, 0x02E2,
    0x0261, 0x12E4, 0x2C07, 0x1526, 0x1D87, 0x3E2B, 0x474D, 0x57CF, 0x67F0, 0x77D2, 0x67F1, 0x57EF,
    0x4F6E, 0x666F, 0x6E10, 0x46AC, 0x1EE9, 0x1E08, 0x4CCB, 0x33A8, 0x0303, 0x02E2, 0x02E2, 0x0302,
    0x0303, 0x02A1, 0x0261, 0x2325, 0x5D2D, 0x5E0E, 0x0C24, 0x1364, 0x4C8A, 0x25C8, 0x06A6, 0x0686,
    0x0DC6, 0x1D07, 0x24A8, 0x34C9, 0x5CEC, 0x8531, 0x9D94, 0xA615, 0x9E74, 0x8651, 0x560D, 0x35EB,
    0x4DAC, 0x3488, 0x0363, 0x0363, 0x0B84, 0x0343, 0x0302, 0x02E2, 0x02A2, 0x02A2, 0x0201, 0x0A42,
    0x3C49, 0x34E8, 0x0403, 0x03E3, 0x0423, 0x04A4, 0x0585, 0x0E67, 0x2F2A, 0x5FAF, 0x87F3, 0x9FF6,
    0xA7F7, 0xA7F7, 0xAFF7, 0xAFF8, 0xA796, 0x86F3, 0x666F, 0x3D6A, 0x1C06, 0x0BA4, 0x0BE5, 0x13E5,
    0x0383, 0x13E5, 0x3CE9, 0x3509, 0x1445, 0x03C2, 0x0443, 0x0D05, 0x15C7, 0x2689, 0x26E9, 0x1687,
    0x05A5, 0x04A4, 0x03E3, 0x03C3, 0x0BE4, 0x3BA8, 0x536B, 0x5BEC, 0x548B, 0x2427, 0x0BC5, 0x0BA4,
    0x0B84, 0x0363, 0x0343, 0x0363, 0x0B84, 0x0343, 0x0302, 0x0322, 0x0323, 0x0302, 0x02C2, 0x02A2,
    0x01E0, 0x12A3, 0x3C29, 0x24A7, 0x0444, 0x03C3, 0x0403, 0x04A4, 0x0585, 0x1E48, 0x470C, 0x7791,
    0x97F5, 0xA7F7, 0xAFF7, 0xAFF7, 0xAFD8, 0xAF77, 0x8692, 0x5DCE, 0x3CEA, 0x13A5, 0x0323, 0x0363,
    0x0383, 0x0323, 0x02E2, 0x0B03, 0x2C68, 0x5E6E, 0x8F34, 0xA776, 0xB7F7, 0xAFD7, 0x9FB6, 0x97D5,
    0x87F3, 0x5FF0, 0x2F8B, 0x0E86, 0x0585, 0x04A4, 0x03E2, 0x1445, 0x3D09, 0x2427, 0x0364, 0x0BA4,
    0x1405, 0x1406, 0x1C26, 0x1CE6, 0x1D87, 0x25C8, 0x2E29, 0x368B, 0x3EEC, 0x372B, 0x468C, 0x554D,
    0x44CA, 0x2527, 0x0DA6, 0x0D05, 0x0BC4, 0x0343, 0x3489, 0x3D2A, 0x0C04, 0x03C3, 0x03E3, 0x03E3,
    0x1BE5, 0x4C0A, 0x74CF, 0x7E11, 0x86F2, 0x9F15, 0xA716, 0xA6F6, 0xAE96, 0x8E53, 0x6E10, 0x55AD,
    0x2C68, 0x0B44, 0x02E2, 0x0302, 0x0322, 0x0322, 0x0342, 0x0363, 0x0343, 0x02E2, 0x0282, 0x0AE3,
    0x2C27, 0x2C87, 0x03A2, 0x03A2, 0x0484, 0x0565, 0x0666, 0x0F48, 0x2FCB, 0x4FCE, 0x67D0, 0x67F0,
    0x57EF, 0x574E, 0x6E0F, 0x6D2F, 0x4CEB, 0x1CE7, 0x1465, 0x2BA7, 0x3327, 0x12A4, 0x0200, 0x01E0,
    0x1283, 0x2BC7, 0x2CA7, 0x0C44, 0x0423, 0x0545, 0x1E28, 0x36EB, 0x47CD, 0x57EF, 0x5FEF, 0x47ED,
    0x37AC, 0x470D, 0x5E4E, 0x75F0, 0x6E2F, 0x46CD, 0x2709, 0x2689, 0x4D8C, 0x4CCB, 0x23E6, 0x02C2,
    0x02C1, 0x0323, 0x0302, 0x0302, 0x02E2, 0x0B03, 0x3C89, 0x456A, 0x0C03, 0x03A2, 0x0404, 0x03C3,
    0x03E3, 0x0443, 0x1CC7, 0x4D2C, 0x7DD1, 0x8ED3, 0x9795, 0xA7D6, 0xAFF7, 0xAFF8, 0xAFF7, 0xA7B7,
    0xA736, 0x8ED3, 0x5E4E, 0x45AC, 0x3CC9, 0x0B84, 0x0363, 0x0BA4, 0x0B84, 0x0B64, 0x0363, 0x0323,
    0x0302, 0x02C2, 0x0282, 0x0262, 0x0201, 0x01A0, 0x2326, 0x3CC9, 0x0C65, 0x0402, 0x0464, 0x0524,
    0x0625, 0x0F27, 0x27AA, 0x3FCC, 0x4F0E, 0x6E0F, 0x8D71, 0xA5B4, 0xAE76, 0xAED6, 0x8E53, 0x5D8D,
    0x3468, 0x1B85, 0x0323, 0x0323, 0x0343, 0x0323, 0x0343, 0x02E2, 0x0240, 0x1B45, 0x3C89, 0x2487,
    0x03E3, 0x03A2, 0x0443, 0x0D25, 0x1E28, 0x370B, 0x478D, 0x57CF, 0x57EF, 0x4FEE, 0x478E, 0x4EAD,
    0x7CF0, 0x9D73, 0xADF5, 0xA615, 0x9DD4, 0x9553, 0x7CB0, 0x4C4B, 0x2407, 0x2BE7, 0x2365, 0x02C1,
    0x02C2, 0x3C8A, 0x6E50, 0x44CB, 0x33A8, 0x448A, 0x2D08, 0x1526, 0x14E5, 0x0CA5, 0x0C85, 0x14A6,
    0x3CC9, 0x6D0E, 0x9573, 0xAE36, 0xAF16, 0xAF97, 0xA776, 0xA6F5, 0x9E54, 0x7D10, 0x5C6D, 0x4CEB,
    0x5DCE, 0x454B, 0x0BC4, 0x0363, 0x0B84, 0x0343, 0x0343, 0x02C2, 0x0281, 0x3448, 0x3D2A, 0x0C24,
    0x03E2, 0x03E3, 0x0403, 0x04A3, 0x0565, 0x1E48, 0x470C, 0x6FB1, 0x8FF4, 0x9FF6, 0xA7D6, 0xA7D7,
    0xAFF7, 0xAFD8, 0xA736, 0x7E51, 0x4D4C, 0x3448, 0x1364, 0x0302, 0x0323, 0x0323, 0x0302, 0x02E2,
    0x02A2, 0x0241, 0x0A42, 0x33E7, 0x34E8, 0x0403, 0x03C2, 0x0464, 0x0544, 0x0646, 0x2F2A, 0x5FCF,
    0x87F3, 0x97D5, 0x9FB5, 0xA7D7, 0xAFD8, 0xAF77, 0x8E93, 0x5D8D, 0x3469, 0x1364, 0x0302, 0x0323,
    0x0343, 0x0322, 0x02E2, 0x0261, 0x12C3, 0x3448, 0x1C86, 0x0463, 0x0D66, 0x2649, 0x3F2C, 0x57CF,
    0x5FF0, 0x4FEE, 0x2F6B, 0x2E8A, 0x4D6C, 0x644D, 0x540C, 0x2468, 0x0484, 0x0383, 0x2326, 0x4C0B,
    0x6D8E, 0x4DAC, 0x1424, 0x03A1, 0x0423, 0x1445, 0x440A, 0x4C6B, 0x25E8, 0x06E6, 0x0EA7, 0x2DA9,
    0x3C09, 0x4409, 0x558D, 0x450A, 0x1B25, 0x0241, 0x01C0, 0x01E1, 0x22E5, 0x3448, 0x1CC6, 0x0403,
    0x0403, 0x04E4, 0x05C5, 0x0EC7, 0x2F8A, 0x57EF, 0x7FF3, 0x97F5, 0x9FD6, 0xA7D6, 0xAFB7, 0xAF17,
    0x9653, 0x6DAF, 0x450B, 0x2C07, 0x1324, 0x02E2, 0x0302, 0x02E2, 0x0281, 0x1B45, 0x2C88, 0x1D46,
    0x2DE9, 0x46AD, 0x47AE, 0x4FEE, 0x67F0, 0x6FD1, 0x6FF1, 0x5FF0, 0x57AF, 0x66F0, 0x6E90, 0x4EAD,
    0x2E89, 0x2DA8, 0x4CAA, 0x33A7, 0x0302, 0x02E2, 0x02E2, 0x02E2, 0x0323, 0x0240, 0x0A61, 0x546B,
    0x5D8E, 0x2D08, 0x0422, 0x1BA5, 0x442A, 0x2D49, 0x0E47, 0x0E47, 0x2588, 0x34C9, 0x4CAB, 0x64CD,
    0x8511, 0xA5B5, 0xB676, 0xAF16, 0xAF36, 0xA6F6, 0x7611, 0x458C, 0x4DEC, 0x3D2A, 0x13A5, 0x0363,
    0x0363, 0x0343, 0x0302, 0x02C2, 0x02A2, 0x0282, 0x01E0, 0x0201, 0x33E8, 0x34C9, 0x0444, 0x0403,
    0x0423, 0x04C4, 0x05A5, 0x0EA7, 0x2F6B, 0x5FF0, 0x87F3, 0x97D5, 0x9FD5, 0x9FD6, 0xAFD7, 0xAFF8,
    0xAFB7, 0x9714, 0x668F, 0x3D4A, 0x1C06, 0x0B84, 0x0BC4, 0x13C5, 0x0363, 0x13C5, 0x3488, 0x2CC8,
    0x1445, 0x03C2, 0x03E2, 0x0464, 0x0CE5, 0x15E7, 0x1E68, 0x1647, 0x0585, 0x04A3, 0x03E3, 0x03E3,
    0x1BC6, 0x43C9, 0x4C4B, 0x54CC, 0x54CC, 0x3CAA, 0x1C06, 0x0383, 0x0BA4, 0x13E5, 0x13E5, 0x13C5,
    0x0BC4, 0x0BA4, 0x0B84, 0x0343, 0x0302, 0x02E2, 0x02C2, 0x0282, 0x01E0, 0x1263, 0x33E8, 0x24A7,
    0x0C64, 0x03C3, 0x0423, 0x04E4, 0x05C5, 0x16C8, 0x3F6C, 0x6FD1, 0x8FF4, 0x9FF6, 0xA7F7, 0xAFF7,
    0xB7F8, 0xAFB7, 0x8ED3, 0x65EE, 0x44EA, 0x1BC6, 0x0323, 0x0363, 0x0363, 0x0323, 0x02E2, 0x02C2,
    0x2407, 0x5E2E, 0x8F33, 0xA7B7, 0xAFF8, 0xA797, 0x9F55, 0x8F94, 0x7FD2, 0x5FF0, 0x2FAB, 0x0EC7,
    0x05A5, 0x04C4, 0x03E2, 0x1445, 0x3509, 0x2447, 0x0B84, 0x0BA4, 0x13E5, 0x1406, 0x1466, 0x0D86,
    0x1D87, 0x44EB, 0x55CD, 0x574E, 0x57EF, 0x4FEE, 0x6710, 0x7D91, 0x5CED, 0x2CC8, 0x0D05, 0x0D86,
    0x0485, 0x02E2, 0x2BE7, 0x3D09, 0x1C86, 0x03E3, 0x03C3, 0x03E3, 0x0403, 0x1C46, 0x5CCD, 0x85F1,
    0x8EF4, 0x9F96, 0xA797, 0xAF97, 0xA777, 0xAF36, 0x96B4, 0x65EE, 0x452B, 0x2C27, 0x0B84, 0x0B84,
    0x13C5, 0x0BA4, 0x0B84, 0x0343, 0x0302, 0x02E2, 0x0282, 0x0282, 0x2BC7, 0x3488, 0x03C3, 0x03C2,
    0x0484, 0x0584, 0x06A6, 0x1F69, 0x37CC, 0x57EF, 0x67F0, 0x67F0, 0x57CF, 0x5F0F, 0x6DEF, 0x652E,
    0x3D2A, 0x1526, 0x0C85, 0x23C7, 0x3347, 0x1A84, 0x0200, 0x0221, 0x01E1, 0x12A4, 0x3C89, 0x1CA6,
    0x0442, 0x0545, 0x1E08, 0x36EB, 0x4FAE, 0x67F0, 0x6FD1, 0x67F0, 0x4FEE, 0x47AE, 0x574E, 0x6EB0,
    0x7650, 0x666F, 0x46CC, 0x366B, 0x456C, 0x550C, 0x3C48, 0x02E2, 0x02A1, 0x0303, 0x02E2, 0x0302,
    0x02C2, 0x0281, 0x3428, 0x4D4B, 0x0C45, 0x03C2, 0x03E3, 0x03C3, 0x0403, 0x0463, 0x0D05, 0x358A,
    0x5E2E, 0x7EF2, 0x97B4, 0x9FF6, 0xAFF7, 0xAFD8, 0xAFF8, 0xAFD7, 0xAF97, 0x9F35, 0x6E70, 0x55ED,
    0x3D0A, 0x13A4, 0x0363, 0x0BA4, 0x0B84, 0x0B64, 0x0364, 0x0343, 0x0302, 0x02C2, 0x02A2, 0x0282,
    0x0221, 0x01C1, 0x2346, 0x3CC9, 0x0C64, 0x0402, 0x0444, 0x0504, 0x05E5, 0x06C7, 0x1F49, 0x372B,
    0x466C, 0x556D, 0x6CEE, 0x8D32, 0xADD5, 0xAE56, 0x8632, 0x556D, 0x3448, 0x1B65, 0x0343, 0x0343,
    0x0363, 0x0343, 0x0343, 0x0302, 0x0260, 0x1B24, 0x3469, 0x24A7, 0x0C04, 0x03A2, 0x0443, 0x0D45,
    0x1E28, 0x372B, 0x47AE, 0x57EF, 0x5FF0, 0x57EF, 0x4F6E, 0x564D, 0x6D0F, 0x9593, 0xA5F5, 0xA614,
    0x95D3, 0x8D12, 0x8470, 0x5BCC, 0x2B87, 0x33E8, 0x2345, 0x0261, 0x2BA7, 0x556D, 0x55CD, 0x444A,
    0x3BE9, 0x356A, 0x1E08, 0x0DE6, 0x1566, 0x1CE6, 0x1CA7, 0x2CA9, 0x54CC, 0x8510, 0xA5B5, 0xB6B7,
    0xAF97, 0xAFF7, 0xA7B7, 0x9F55, 0x8ED3, 0x7E31, 0x64EE, 0x4C0B, 0x656E, 0x55CD, 0x2426, 0x0363,
    0x0363, 0x0343, 0x0B44, 0x02A2, 0x0240, 0x2365, 0x3CA9, 0x24A7, 0x0C03, 0x03C2, 0x0403, 0x04A4,
    0x0565, 0x0E67, 0x2F4A, 0x57CF, 0x87F3, 0x8FF5, 0x97B5, 0x9F76, 0xA796, 0xAFB8, 0xAF57, 0x8672,
    0x5D6E, 0x448A, 0x1385, 0x0302, 0x0303, 0x0303, 0x02E2, 0x02C2, 0x02A2, 0x0221, 0x01C1, 0x2B87,
    0x3CC9, 0x0C24, 0x03E2, 0x0463, 0x0544, 0x0666, 0x276A, 0x57EF, 0x77F2, 0x87B4, 0x9754, 0xA756,
    0xAF97, 0xB777, 0x96D4, 0x65AE, 0x3C89, 0x1385, 0x0302, 0x0323, 0x0343, 0x0323, 0x0302, 0x0241,
    0x0A62, 0x2B86, 0x2467, 0x0CC5, 0x0D66, 0x2629, 0x4F2D, 0x5FCF, 0x6FF1, 0x67F1, 0x47EE, 0x2F6B,
    0x3E8B, 0x5D4D, 0x6C6E, 0x544B, 0x2447, 0x23E6, 0x2346, 0x1AE5, 0x4409, 0x658E, 0x5DCD, 0x2D07,
    0x0402, 0x0BC4, 0x43C9, 0x54CB, 0x2E09, 0x16A8, 0x25C8, 0x2C68, 0x446A, 0x5D4D, 0x558D, 0x2BC7,
    0x0241, 0x0282, 0x01E0, 0x0A01, 0x33A7, 0x34A8, 0x0C85, 0x0403, 0x0443, 0x0524, 0x0625, 0x0F28,
    0x37CC, 0x67F0, 0x7FD3, 0x87B4, 0x9795, 0xA7B6, 0xAFB7, 0xAF37, 0x9673, 0x6DAF, 0x4D0B, 0x2C07,
    0x0B23, 0x0302, 0x0322, 0x0302, 0x02C2, 0x1BC5, 0x2D08, 0x2588, 0x364A, 0x474D, 0x47CE, 0x4FEE,
    0x67F0, 0x6FD1, 0x6FF1, 0x67F0, 0x57EF, 0x6770, 0x6ED1, 0x5E8E, 0x3E0B, 0x352A, 0x4C6B, 0x2BA7,
    0x0302, 0x0302, 0x0303, 0x02E2, 0x0303, 0x0240, 0x0AC3, 0x6D6E, 0x5DCD, 0x0444, 0x0402, 0x13E5,
    0x3409, 0x3CAA, 0x2D69, 0x2D69, 0x3CCA, 0x4C4B, 0x5C6D, 0x7CD0, 0x9D74, 0xAE76, 0xB758, 0xAFD7,
    0xAFB7, 0xAF56, 0x9613, 0x6D2E, 0x558D, 0x456B, 0x2C68, 0x0B64, 0x0322, 0x0343, 0x0302, 0x02C2,
    0x02A2, 0x0282, 0x01E0, 0x01C1, 0x3367, 0x34A9, 0x1465, 0x0403, 0x0423, 0x04E4, 0x05C5, 0x0EC7,
    0x2FAB, 0x5FF0, 0x7FF2, 0x87D3, 0x8F74, 0x9F55, 0xAF97, 0xB7F8, 0xAFD8, 0x9735, 0x6E6F, 0x3D4A,
    0x2406, 0x0B84, 0x0BA4, 0x0BA4, 0x0383, 0x0B84, 0x2407, 0x2CC8, 0x1C86, 0x03C2, 0x03C2, 0x0403,
    0x0464, 0x0D46, 0x1627, 0x1647, 0x05C6, 0x0504, 0x0443, 0x0403, 0x23C7, 0x4BEA, 0x3D2A, 0x3DCA,
    0x4D6C, 0x4D0C, 0x2C48, 0x0383, 0x0BA4, 0x13E5, 0x13C5, 0x13C5, 0x0BA4, 0x0BA4, 0x0B64, 0x0343,
    0x0302, 0x02C2, 0x02C2, 0x0282, 0x01C0, 0x0A22, 0x2B67, 0x2CA7, 0x1485, 0x03C2, 0x0443, 0x0504,
    0x0605, 0x1708, 0x3FAC, 0x67F1, 0x87F4, 0x97D5, 0x9FB6, 0xA7B6, 0xB7F8, 0xAFD8, 0x96F4, 0x6DEF,
    0x44EA, 0x1BC6, 0x0323, 0x0343, 0x0343, 0x0323, 0x0302, 0x02A2, 0x1BA5, 0x55CD, 0x8733, 0xA7D7,
    0xAFF8, 0xAF37, 0x9E94, 0x7EF2, 0x67B0, 0x4FEE, 0x2FAB, 0x0EE7, 0x05C5, 0x04C4, 0x03E2, 0x0C44,
    0x2CE8, 0x2C67, 0x13A5, 0x0BA4, 0x1384, 0x1405, 0x0D06, 0x0D45, 0x34E8, 0x64EE, 0x7611, 0x6770,
    0x5FF0, 0x67B0, 0x6EF1, 0x662F, 0x3E2B, 0x1D87, 0x1C66, 0x1526, 0x04E4, 0x0362, 0x1364, 0x3468,
    0x2CC8, 0x0C24, 0x03A2, 0x03E3, 0x0423, 0x0484, 0x2D49, 0x662E, 0x8712, 0x97D5, 0xA7F7, 0xAFF7,
    0xAFF7, 0xB7D8, 0xA756, 0x7E51, 0x5D8D, 0x3469, 0x0B64, 0x0363, 0x0B84, 0x0B84, 0x0B64, 0x0343,
    0x0302, 0x0302, 0x0282, 0x0221, 0x2386, 0x3488, 0x0C04, 0x03E2, 0x0484, 0x05A5, 0x0EC7, 0x278A,
    0x47ED, 0x5FEF, 0x67F1, 0x67F0, 0x5FCF, 0x5F0F, 0x6DEF, 0x5D4D, 0x2D49, 0x0565, 0x04C4, 0x23E6,
    0x3347, 0x1A64, 0x0221, 0x0242, 0x01C0, 0x0A02, 0x33A7, 0x2C87, 0x0CA4, 0x0545, 0x1DE8, 0x3ECC,
    0x4FAE, 0x5FF0, 0x6FD2, 0x77D2, 0x67F1, 0x57EF, 0x57CE, 0x5F6F, 0x6ED0, 0x7670, 0x666F, 0x560D,
    0x550C, 0x5D0D, 0x44AA, 0x0B23, 0x02A1, 0x02E2, 0x02E2, 0x0303, 0x02A2, 0x0240, 0x2BA6, 0x4D0B,
    0x1CA6, 0x0403, 0x03C3, 0x03E3, 0x0423, 0x0483, 0x0545, 0x1E08, 0x468C, 0x6F50, 0x87B3, 0x9FF6,
    0xA7F7, 0xAFD7, 0xAFF7, 0xAFD7, 0xB7D8, 0xA776, 0x7EB2, 0x662F, 0x454B, 0x1BE6, 0x0B64, 0x0B84,
    0x0B84, 0x0B84, 0x0364, 0x0343, 0x0323, 0x02E2, 0x02C2, 0x02A2, 0x0241, 0x01E1, 0x2366, 0x34E9,
    0x0C44, 0x03E2, 0x0444, 0x04C4, 0x0584, 0x0666, 0x16C8, 0x368A, 0x3DAA, 0x3509, 0x3CAA, 0x64EE,
    0x9D73, 0xA5F4, 0x7DF1, 0x556D, 0x2C48, 0x1364, 0x0343, 0x0363, 0x0B63, 0x0343, 0x0343, 0x0302,
    0x0281, 0x1304, 0x3428, 0x2CC8, 0x1425, 0x03A2, 0x0463, 0x0D66, 0x1E48, 0x2F4B, 0x47CE, 0x5FF0,
    0x67F0, 0x57EF, 0x4F4E, 0x5E0E, 0x4D0B, 0x7D51, 0x9593, 0x95B3, 0x8591, 0x750F, 0x646D, 0x4BAA,
    0x3327, 0x33A8, 0x1B24, 0x0261, 0x4C8A, 0x65EE, 0x3509, 0x3BE9, 0x444A, 0x25E9, 0x0E87, 0x0666,
    0x0E06, 0x1D47, 0x34C9, 0x44AB, 0x6CCE, 0x8D12, 0xADD5, 0xAF17, 0xAFD7, 0xAFF7, 0xA7D6, 0x8FB4,
    0x6F71, 0x5F2F, 0x4DED, 0x4C6B, 0x5CED, 0x5D8D, 0x3CEA, 0x13A5, 0x0302, 0x0323, 0x0B23, 0x02A2,
    0x0261, 0x0A83, 0x2BC7, 0x3D09, 0x1465, 0x0381, 0x0424, 0x0484, 0x0544, 0x0E46, 0x2749, 0x4FEE,
    0x77F2, 0x7FD3, 0x8773, 0x9EF4, 0xA6D6, 0xB717, 0xB717, 0x9673, 0x6D8F, 0x44AA, 0x1BA6, 0x0303,
    0x0303, 0x0302, 0x02E2, 0x02C2, 0x02A2, 0x0221, 0x01A0, 0x2B26, 0x3C89, 0x1465, 0x0423, 0x0443,
    0x0524, 0x0646, 0x1F49, 0x4FEE, 0x67F1, 0x7791, 0x86D3, 0xA695, 0xB6F7, 0xB778, 0x96F4, 0x6DCF,
    0x3CAA, 0x13A5, 0x0303, 0x0323, 0x0343, 0x0323, 0x0303, 0x0281, 0x0241, 0x1AE5, 0x2427, 0x1526,
    0x0D66, 0x2E29, 0x4F2D, 0x57CF, 0x6FF1, 0x77D1, 0x67F0, 0x47ED, 0x376C, 0x468C, 0x654E, 0x6C6D,
    0x540B, 0x43CA, 0x3B68, 0x2306, 0x1B04, 0x33E7, 0x554D, 0x55CD, 0x3D49, 0x2CA8, 0x3C29, 0x442A,
    0x34C8, 0x2CE8, 0x3489, 0x448A, 0x5D6D, 0x558D, 0x2C28, 0x0AC3, 0x0261, 0x02A2, 0x0201, 0x0A63,
    0x448A, 0x2CE8, 0x0403, 0x0423, 0x0484, 0x0544, 0x0665, 0x1748, 0x3FEC, 0x57EF, 0x6FD1, 0x7F52,
    0x9715, 0xA776, 0xAFB7, 0xAF77, 0x9693, 0x6DAF, 0x4CEB, 0x23C6, 0x0323, 0x0323, 0x0323, 0x0302,
    0x0B24, 0x1C26, 0x2568, 0x2DC9, 0x3EAB, 0x47AD, 0x47ED, 0x4FEE, 0x5FF0, 0x6FF1, 0x6FF1, 0x67F1,
    0x5FEF, 0x5F8F, 0x6EF0, 0x6E50, 0x5D6D, 0x4CAB, 0x4C4B, 0x23A7, 0x0302, 0x0303, 0x0323, 0x0303,
    0x02E2, 0x0261, 0x1B25, 0x6DEF, 0x4DAC, 0x03C2, 0x03E2, 0x0C04, 0x2407, 0x3C09, 0x4C4A, 0x444A,
    0x440A, 0x3C09, 0x4C6B, 0x74EF, 0x95B3, 0xAEB6, 0xAF97, 0xAFF7, 0xA7D6, 0x9775, 0x8E53, 0x7D30,
    0x5CED, 0x4D4C, 0x3CE9, 0x0B84, 0x0302, 0x0343, 0x0303, 0x02C2, 0x0282, 0x0282, 0x01C0, 0x01A0,
    0x3326, 0x3C69, 0x1CA6, 0x0423, 0x0403, 0x04E4, 0x05C5, 0x0EC7, 0x27AA, 0x57EF, 0x67F1, 0x77B1,
    0x8F13, 0x9EB4, 0xAF16, 0xB7B8, 0xAFF8, 0x9F55, 0x6E6F, 0x3D2A, 0x2407, 0x0B84, 0x0B84, 0x0B84,
    0x0B84, 0x0343, 0x1364, 0x34A8, 0x24C7, 0x03E2, 0x03C3, 0x03E3, 0x0443, 0x0505, 0x15E7, 0x1647,
    0x0E27, 0x0585, 0x04C4, 0x0C45, 0x33C8, 0x4C0B, 0x358A, 0x2669, 0x360A, 0x556D, 0x3C69, 0x0B84,
    0x0B84, 0x13C5, 0x13A4, 0x13A5, 0x0BA4, 0x0B84, 0x0B64, 0x0323, 0x0302, 0x02C2, 0x02A2, 0x0262,
    0x01E0, 0x0A02, 0x2B06, 0x2CA8, 0x1CA6, 0x03E2, 0x0443, 0x0524, 0x0605, 0x1708, 0x3FAC, 0x67F1,
    0x7FF2, 0x8793, 0x9735, 0xA736, 0xAFB7, 0xAFD8, 0x9714, 0x6DEF, 0x44EA, 0x1BC6, 0x0B23, 0x0343,
    0x0343, 0x0323, 0x0303, 0x0282, 0x1364, 0x4D8B, 0x7EF2, 0xA7B6, 0xB7B8, 0xB6B6, 0x9DD3, 0x7631,
    0x570E, 0x3FAC, 0x278A, 0x0EE7, 0x05C5, 0x04C4, 0x0402, 0x0423, 0x24C7, 0x2CA8, 0x1BE6, 0x0364,
    0x0B64, 0x1445, 0x0D46, 0x1D07, 0x34E9, 0x4DCC, 0x5EAF, 0x672F, 0x6730, 0x76B1, 0x6E50, 0x468C,
    0x1EC8, 0x15C7, 0x1C26, 0x1465, 0x04E4, 0x0423, 0x02E2, 0x2365, 0x450A, 0x1C85, 0x03A1, 0x03C3,
    0x0404, 0x04A3, 0x0DA6, 0x36AB, 0x6750, 0x87F4, 0x9FF6, 0xA7D6, 0xA7D7, 0xAFF8, 0xAFB7, 0x96B4,
    0x65CF, 0x3CC9, 0x1B85, 0x0B43, 0x0363, 0x0B63, 0x0B64, 0x0343, 0x0303, 0x0303, 0x0281, 0x0221,
    0x2345, 0x3448, 0x0C25, 0x0403, 0x0483, 0x0585, 0x0EA7, 0x2F6A, 0x47EE, 0x5FF0, 0x67F1, 0x67F0,
    0x5FCF, 0x5F0F, 0x6DEF, 0x554D, 0x2569, 0x0585, 0x04E4, 0x2406, 0x3B48, 0x1A84, 0x0221, 0x0242,
    0x0201, 0x01E1, 0x1AC4, 0x2C27, 0x1D06, 0x0525, 0x1DC8, 0x46CC, 0x4F8E, 0x5FEF, 0x67F1, 0x6FD1,
    0x6FD1, 0x67F1, 0x5FF0, 0x57EF, 0x5F70, 0x6ED0, 0x7670, 0x6DAF, 0x64AE, 0x64EE, 0x4CEB, 0x1365,
    0x02C2, 0x02C2, 0x02C2, 0x02E3, 0x02A2, 0x0220, 0x1B04, 0x3C69, 0x34E8, 0x0C64, 0x03A2, 0x03E3,
    0x0424, 0x04A3, 0x0565, 0x1647, 0x2F0A, 0x578F, 0x7FD3, 0x97F5, 0x9FD6, 0xA7D6, 0xA7D7, 0xAFD7,
    0xB7F8, 0xAFB7, 0x8F14, 0x6E70, 0x4D8C, 0x2C27, 0x1384, 0x0384, 0x0B84, 0x0B84, 0x0B64, 0x0B43,
    0x0323, 0x0303, 0x02E2, 0x02A2, 0x0261, 0x0A42, 0x2BC7, 0x3D09, 0x0C43, 0x03E2, 0x0424, 0x0484,
    0x0544, 0x0605, 0x1668, 0x360A, 0x3529, 0x1CA6, 0x1485, 0x3CCA, 0x8511, 0x9592, 0x6DAF, 0x4D6C,
    0x2C47, 0x0B44, 0x0B63, 0x0B84, 0x0B64, 0x0363, 0x0363, 0x0323, 0x02A1, 0x1303, 0x2C07, 0x34C9,
    0x1C45, 0x03C2, 0x0484, 0x0D86, 0x1E68, 0x2F6B, 0x4FCE, 0x67F0, 0x67F1, 0x57CF, 0x572E, 0x65AF,
    0x2CE8, 0x64EE, 0x8CF1, 0x8531, 0x6D6F, 0x4D2C, 0x34C9, 0x2BE7, 0x2306, 0x3367, 0x1305, 0x02C2,
    0x550C, 0x660E, 0x1C86, 0x33C8, 0x444A, 0x2589, 0x0E67, 0x0EA6, 0x0E47, 0x2568, 0x3CAA, 0x546C,
    0x6C8E, 0x8511, 0x9DD4, 0xA6D6, 0xAF77, 0xA7B7, 0x9FD5, 0x7FD3, 0x5FD0, 0x3FAD, 0x36CB, 0x458B,
    0x4CAB, 0x550D, 0x558D, 0x1C06, 0x02E1, 0x0323, 0x0303, 0x02C2, 0x0282, 0x01E1, 0x1AE5, 0x44EA,
    0x24A6, 0x03C2, 0x0403, 0x0464, 0x0524, 0x0626, 0x1729, 0x3FCC, 0x5FF0, 0x67D1, 0x6F31, 0x8E72,
    0xA5F4, 0xB636, 0xB696, 0x9E54, 0x75B0, 0x44EB, 0x23C7, 0x0B04, 0x0302, 0x0302, 0x02E3, 0x02C2,
    0x02A2, 0x0221, 0x01A0, 0x22A4, 0x3408, 0x1C86, 0x0444, 0x0422, 0x0504, 0x0625, 0x1728, 0x37EC,
    0x4FEE, 0x5F4F, 0x7631, 0x95B3, 0xB636, 0xB717, 0x96D5, 0x6DD0, 0x44CA, 0x1BA6, 0x0323, 0x0343,
    0x0B43, 0x0323, 0x0303, 0x02C2, 0x0262, 0x1283, 0x23E6, 0x2527, 0x1566, 0x2E2A, 0x4F2D, 0x4FEF,
    0x5FF0, 0x6FD1, 0x77D1, 0x5FF0, 0x47ED, 0x376C, 0x4E8C, 0x654E, 0x6C6E, 0x5B8C, 0x4B6A, 0x3BC9,
    0x1324, 0x02A0, 0x1365, 0x4CEC, 0x65EF, 0x55CD, 0x44EB, 0x442A, 0x3C49, 0x3C29, 0x4CAB, 0x5D8E,
    0x5DAE, 0x3469, 0x02E2, 0x02C1, 0x0302, 0x0281, 0x0242, 0x2346, 0x3CEA, 0x1CA6, 0x03C2, 0x0424,
    0x04A4, 0x0564, 0x0665, 0x1748, 0x2FCB, 0x47CD, 0x5F4F, 0x7E91, 0x9E54, 0xAEF7, 0xAFB8, 0xB797,
    0x8ED3, 0x5DAE, 0x44CA, 0x1BA6, 0x0323, 0x0B44, 0x0343, 0x0323, 0x1B85, 0x2487, 0x2588, 0x362B,
    0x3F0C, 0x3FCD, 0x47ED, 0x4FCE, 0x5FF0, 0x6FF1, 0x6FD1, 0x67D0, 0x57EF, 0x57CF, 0x5F2F, 0x6E30,
    0x6CEF, 0x5C2C, 0x4C2A, 0x23C6, 0x0303, 0x0303, 0x0B24, 0x0303, 0x02C2, 0x02A2, 0x2BA7, 0x6DEF,
    0x456B, 0x0381, 0x03A2, 0x0424, 0x1425, 0x2BE7, 0x43C9, 0x3BC9, 0x2BE7, 0x1C26, 0x24A7, 0x4D0B,
    0x7D91, 0x9E55, 0xA736, 0xA7B6, 0x8FD5, 0x77B2, 0x66F0, 0x65AE, 0x5CAD, 0x550C, 0x3D2A, 0x0BA5,
    0x0303, 0x0B43, 0x0303, 0x02C2, 0x02A2, 0x0282, 0x01E1, 0x01C1, 0x2AE5, 0x3448, 0x24C7, 0x0423,
    0x0402, 0x04E4, 0x05C5, 0x06A7, 0x1F8A, 0x3FED, 0x4FEF, 0x5F6F, 0x7E71, 0x9DF3, 0xAE55, 0xB757,
    0xAFD8, 0x9755, 0x664F, 0x3D0A, 0x23E7, 0x0B64, 0x0B64, 0x0B84, 0x0B84, 0x0323, 0x0302, 0x2C27,
    0x2CA7, 0x0C44, 0x03E3, 0x03E3, 0x0464, 0x0D25, 0x1607, 0x1E88, 0x1EA8, 0x0E47, 0x0D86, 0x24A7,
    0x4C0A, 0x5C2C, 0x35AA, 0x16C8, 0x2689, 0x4DCD, 0x4C8B, 0x13C5, 0x0B83, 0x0BA4, 0x13A5, 0x0BA4,
    0x0BA4, 0x0B84, 0x0B64, 0x0343, 0x0303, 0x02C2, 0x02A2, 0x0282, 0x0200, 0x09E1, 0x22C5, 0x3488,
    0x1CC6, 0x03E2, 0x0443, 0x0524, 0x0605, 0x1708, 0x37AB, 0x57EF, 0x67D0, 0x7731, 0x9694, 0xA695,
    0xAF77, 0xB7D8, 0x9715, 0x6E10, 0x450A, 0x1BC6, 0x0B24, 0x0B43, 0x0B43, 0x0343, 0x0303, 0x0261,
    0x1323, 0x452A, 0x6E90, 0x9F75, 0xB778, 0xAE36, 0x8D31, 0x654E, 0x4E0C, 0x3EEB, 0x1F29, 0x06A6,
    0x05A5, 0x04C4, 0x0403, 0x0403, 0x1465, 0x34E9, 0x2C48, 0x0B24, 0x03A3, 0x14A5, 0x2528, 0x3CEA,
    0x358A, 0x1F08, 0x274A, 0x4ECD, 0x6E0F, 0x8571, 0x658E, 0x2E29, 0x1E08, 0x1D27, 0x1C26, 0x0C24,
    0x04A4, 0x0C85, 0x02A1, 0x1283, 0x44A9, 0x24C7, 0x0403, 0x03C3, 0x0403, 0x04C4, 0x05C6, 0x1EE9,
    0x47AE, 0x7FF2, 0x8FF4, 0x9795, 0x9F56, 0xAF77, 0xB797, 0xA716, 0x7631, 0x450B, 0x23E7, 0x0B44,
    0x0343, 0x0B64, 0x0B64, 0x0323, 0x0303, 0x0303, 0x0281, 0x0220, 0x2325, 0x3428, 0x1445, 0x0403,
    0x0463, 0x0565, 0x0E67, 0x274A, 0x47CD, 0x5FF0, 0x67F1, 0x67F0, 0x57D0, 0x5F10, 0x6E0F, 0x5D6D,
    0x2D69, 0x05A5, 0x0504, 0x1C06, 0x3B68, 0x1AA4, 0x0241, 0x0242, 0x0241, 0x0201, 0x0A22, 0x2BC7,
    0x2D08, 0x0525, 0x1DC8, 0x46AD, 0x4F8E, 0x57EF, 0x5FF0, 0x67F1, 0x6FD1, 0x6FD2, 0x67D1, 0x5FF0,
    0x57EF, 0x5F6F, 0x66D0, 0x75D0, 0x6CAE, 0x5CED, 0x450B, 0x23C6, 0x0AE2, 0x02A1, 0x02C2, 0x02E3,
    0x0282, 0x0241, 0x0A62, 0x2B87, 0x3D2A, 0x1CA6, 0x03A2, 0x03E3, 0x0444, 0x04A4, 0x0585, 0x0E67,
    0x274A, 0x47CE, 0x77F2, 0x8FD4, 0x97D5, 0x9FB5, 0xA796, 0xAF97, 0xB7D8, 0xAFF8, 0x9F56, 0x76B1,
    0x4DAC, 0x3489, 0x13A5, 0x0383, 0x0B84, 0x0BA5, 0x0B84, 0x0B64, 0x0B43, 0x0323, 0x0303, 0x02A2,
    0x0281, 0x12A3, 0x3428, 0x34E8, 0x0C23, 0x03C2, 0x0424, 0x0444, 0x0504, 0x05E5, 0x1E28, 0x2DC9,
    0x2D08, 0x0C64, 0x0443, 0x1C86, 0x5CED, 0x754F, 0x5D6D, 0x4D4B, 0x2447, 0x0B64, 0x0B84, 0x0BA4,
    0x0B84, 0x0B84, 0x0B64, 0x0323, 0x02E2, 0x0AE3, 0x23C7, 0x3CE9, 0x1C66, 0x03C2, 0x04A4, 0x15A6,
    0x1E88, 0x2F8B, 0x4FEE, 0x67D0, 0x67F1, 0x57CF, 0x570E, 0x656E, 0x1485, 0x448B, 0x744E, 0x6CAE,
    0x4D2C, 0x2D49, 0x14E6, 0x0C05, 0x1B05, 0x2B47, 0x1B05, 0x0AE3, 0x656E, 0x5E0E, 0x0444, 0x1BC6,
    0x442A, 0x34E9, 0x1DE8, 0x0E67, 0x1DE7, 0x3509, 0x444A, 0x542B, 0x5C8D, 0x6D0E, 0x8591, 0x9E14,
    0xA695, 0x9EF5, 0x8F73, 0x6FD1, 0x47EE, 0x2FCB, 0x274A, 0x364A, 0x3CAA, 0x54CC, 0x5DEE, 0x2C47,
    0x02E2, 0x0303, 0x02E2, 0x02C2, 0x02A2, 0x01C0, 0x1222, 0x3C08, 0x2CC8, 0x0C64, 0x0403, 0x0443,
    0x0504, 0x05E5, 0x0EE7, 0x27AA, 0x47ED, 0x4FCE, 0x5F0F, 0x75F0, 0x8551, 0x9D53, 0xADB5, 0xA5F4,
    0x7DB1, 0x4D0C, 0x2BE8, 0x1324, 0x0302, 0x0302, 0x02E3, 0x02C2, 0x02A2, 0x0221, 0x01C0, 0x1243,
    0x2BA7, 0x2CC7, 0x0C64, 0x0402, 0x04E4, 0x05E5, 0x0EE7, 0x278A, 0x378C, 0x4ECD, 0x5DAE, 0x750F,
    0x9D73, 0xB656, 0x9E94, 0x6DEF, 0x44EB, 0x1BC6, 0x0B23, 0x0B43, 0x0B44, 0x0323, 0x0323, 0x0302,
    0x02A2, 0x0262, 0x1BC6, 0x2508, 0x1567, 0x364A, 0x4F4D, 0x4FCE, 0x57EF, 0x67D1, 0x6FD1, 0x6FD1,
    0x5FEF, 0x3FED, 0x376C, 0x468C, 0x5D4D, 0x540C, 0x4BCA, 0x3C29, 0x1BC6, 0x0322, 0x0343, 0x13A5,
    0x2C68, 0x4D6B, 0x5DCE, 0x5DCE, 0x5DAE, 0x5DAE, 0x65CE, 0x4D2C, 0x2427, 0x0344, 0x0302, 0x0323,
    0x02E2, 0x0240, 0x1B05, 0x3C69, 0x24C7, 0x0C44, 0x03C2, 0x0424, 0x04A4, 0x0564, 0x0665, 0x1708,
    0x2F4B, 0x470C, 0x564D, 0x75B0, 0x9DB4, 0xAE96, 0xB798, 0xAF97, 0x86D3, 0x558D, 0x3C89, 0x1BA6,
    0x0343, 0x0B84, 0x0B64, 0x0B44, 0x2407, 0x2CE8, 0x2DC9, 0x3E6B, 0x3F2C, 0x3FCD, 0x47ED, 0x57CF,
    0x67D0, 0x6FD1, 0x6FD1, 0x5FD0, 0x57EF, 0x47ED, 0x4F4E, 0x6E0F, 0x6CCE, 0x542B, 0x3C4A, 0x1BC6,
    0x0323, 0x0323, 0x0B44, 0x0323, 0x02C1, 0x0AE3, 0x3C29, 0x65EF, 0x3D29, 0x0381, 0x03C2, 0x0404,
    0x0403, 0x0C25, 0x1426, 0x1425, 0x0C04, 0x0423, 0x0484, 0x2507, 0x5D4D, 0x8DB2, 0x9E54, 0x8F34,
    0x6FF1, 0x57EF, 0x474D, 0x462C, 0x54AC, 0x5CED, 0x4D6C, 0x13C5, 0x0303, 0x0B43, 0x0303, 0x02C2,
    0x02A2, 0x0282, 0x0201, 0x01C1, 0x22A5, 0x3428, 0x24C7, 0x0423, 0x0402, 0x04C4, 0x0585, 0x0686,
    0x1748, 0x2FCB, 0x3F8D, 0x4ECD, 0x6DCF, 0x8D51, 0xA5B4, 0xB6B7, 0xAF77, 0x9734, 0x662F, 0x3CEA,
    0x23E7, 0x0B64, 0x0B64, 0x0B84, 0x1384, 0x0323, 0x02E2, 0x1344, 0x2427, 0x24A7, 0x0403, 0x03C2,
    0x0484, 0x0D66, 0x1E48, 0x272A, 0x276A, 0x1F09, 0x1E48, 0x3569, 0x5C6C, 0x646D, 0x45CB, 0x1708,
    0x1708, 0x460C, 0x4CEC, 0x2406, 0x0B84, 0x0B84, 0x13A5, 0x13A4, 0x0BA4, 0x0B84, 0x0B64, 0x0343,
    0x0303, 0x02C2, 0x02A2, 0x0282, 0x0201, 0x01E1, 0x22A5, 0x3468, 0x24C7, 0x03E2, 0x0443, 0x0504,
    0x05E5, 0x0EE7, 0x27AA, 0x3FED, 0x4F8E, 0x668F, 0x8DD2, 0xA5D4, 0xB6D7, 0xB797, 0x9714, 0x6E0F,
    0x450A, 0x1BC6, 0x0B44, 0x0B43, 0x0343, 0x0343, 0x0323, 0x0281, 0x0AC2, 0x3489, 0x5E2E, 0x8F14,
    0xB6F7, 0xA5D4, 0x6CCE, 0x3CCA, 0x3D29, 0x360A, 0x1E89, 0x0666, 0x0584, 0x0483, 0x0423, 0x0403,
    0x0403, 0x2D08, 0x3489, 0x1324, 0x03E3, 0x14E6, 0x44EA, 0x5D2D, 0x462B, 0x1768, 0x0F68, 0x366B,
    0x5D4E, 0x6C6E, 0x54AC, 0x3529, 0x2D08, 0x2487, 0x1425, 0x0403, 0x0484, 0x0CC5, 0x02C1, 0x0A01,
    0x2B87, 0x34A8, 0x1C86, 0x03C2, 0x03E2, 0x04C4, 0x05A5, 0x0EE7, 0x37AC, 0x6FF1, 0x7FF3, 0x8773,
    0x96D4, 0xA695, 0xB6F7, 0xAF17, 0x8672, 0x554C, 0x3428, 0x1364, 0x0343, 0x0B64, 0x0B64, 0x0323,
    0x0323, 0x0303, 0x02A1, 0x0220, 0x1B05, 0x2C28, 0x1445, 0x0403, 0x0423, 0x0525, 0x0E27, 0x26E9,
    0x3FAC, 0x57EF, 0x67F0, 0x67F0, 0x5FD0, 0x5F2F, 0x664F, 0x5D8E, 0x356A, 0x0DA6, 0x0504, 0x1C26,
    0x3B69, 0x1AC5, 0x0261, 0x0242, 0x0262, 0x0221, 0x0201, 0x2366, 0x2CE8, 0x0D45, 0x25C8, 0x46AD,
    0x478D, 0x4FEE, 0x57EF, 0x67F0, 0x6FD1, 0x6FF1, 0x67F1, 0x5FF0, 0x57EF, 0x4FCE, 0x4F6E, 0x5E6E,
    0x554D, 0x454B, 0x3D4A, 0x2C27, 0x1303, 0x0281, 0x02A2, 0x02C2, 0x02A2, 0x0261, 0x01E1, 0x1AE4,
    0x450B, 0x2CE7, 0x03A2, 0x0403, 0x0444, 0x04A4, 0x0585, 0x0E66, 0x1F49, 0x3FCD, 0x6FF1, 0x87F3,
    0x87D3, 0x8F54, 0xA6F5, 0xAF36, 0xAFB7, 0xAFF8, 0xAF97, 0x7ED2, 0x4DCC, 0x3CCA, 0x1BE6, 0x0B64,
    0x13A4, 0x13A5, 0x0B84, 0x0B84, 0x0B64, 0x0343, 0x0B23, 0x02C2, 0x02A2, 0x1B45, 0x2C68, 0x24E7,
    0x0423, 0x03E2, 0x0424, 0x0463, 0x0524, 0x0606, 0x1E28, 0x2DA9, 0x2D08, 0x0C44, 0x0402, 0x0424,
    0x34A9, 0x452B, 0x454B, 0x450B, 0x2427, 0x0B84, 0x0BA4, 0x13C5, 0x13A5, 0x0B84, 0x0B84, 0x0B43,
    0x0302, 0x02E3, 0x1BA6, 0x3CEA, 0x24A7, 0x03E2, 0x04C4, 0x15C7, 0x1EA8, 0x2F8B, 0x4FCE, 0x5FF0,
    0x57EF, 0x47CD, 0x472C, 0x55AD, 0x0444, 0x2C48, 0x5BEC, 0x5C4C, 0x34E9, 0x0D46, 0x04E4, 0x0404,
    0x1324, 0x2346, 0x1B04, 0x1B04, 0x656E, 0x5DED, 0x0403, 0x0BC3, 0x3428, 0x442A, 0x34E9, 0x2D69,
    0x3509, 0x444A, 0x43EA, 0x3429, 0x2CA8, 0x3509, 0x554D, 0x7590, 0x95B3, 0x9DF4, 0x8692, 0x5F4F,
    0x3FAC, 0x1FCA, 0x1F89, 0x26C9, 0x34E9, 0x54AC, 0x5DCE, 0x34A9, 0x0323, 0x0302, 0x02E2, 0x02C2,
    0x0282, 0x0200, 0x01E1, 0x22C5, 0x3C89, 0x2CE7, 0x0402, 0x0402, 0x04C4, 0x0584, 0x0666, 0x1748,
    0x2FAA, 0x3FAC, 0x46AC, 0x558D, 0x5CED, 0x6CEF, 0x8D32, 0x9D73, 0x7D91, 0x4D0C, 0x2C28, 0x1B45,
    0x0302, 0x02E2, 0x02E3, 0x02E2, 0x02A2, 0x0241, 0x01E0, 0x1222, 0x2B66, 0x2CC8, 0x1464, 0x03E2,
    0x04A4, 0x0585, 0x0666, 0x1728, 0x2F0A, 0x3E2B, 0x3D2A, 0x44CB, 0x6D0F, 0xA5B4, 0x9E14, 0x6DCF,
    0x44EB, 0x1BC6, 0x0B44, 0x0B64, 0x0B64, 0x0B44, 0x0323, 0x0323, 0x02C2, 0x0282, 0x1BA5, 0x24E8,
    0x1D87, 0x366A, 0x474D, 0x47ED, 0x4FEE, 0x5FD0, 0x67F1, 0x6FD1, 0x67D0, 0x4FEE, 0x37EC, 0x376B,
    0x3E6B, 0x3D2A, 0x3489, 0x3C89, 0x2C28, 0x13A5, 0x0BA4, 0x0BA4, 0x13E5, 0x2C88, 0x454B, 0x4D8C,
    0x4D8C, 0x4D8C, 0x452A, 0x2427, 0x0B64, 0x0323, 0x0B64, 0x0343, 0x02E2, 0x02A2, 0x3407, 0x452A,
    0x1444, 0x03E2, 0x0403, 0x0424, 0x0484, 0x0564, 0x0645, 0x16C8, 0x2EAA, 0x460B, 0x4D6C, 0x650E,
    0x8D32, 0xAE56, 0xB778, 0xA776, 0x7EB1, 0x4D8C, 0x3468, 0x13A5, 0x0B84, 0x13A5, 0x0B84, 0x0B84,
    0x3469, 0x2D49, 0x25A8, 0x3E4B, 0x46ED, 0x478D, 0x4FEE, 0x5FEF, 0x6FD1, 0x6FD1, 0x67D1, 0x57EF,
    0x47EE, 0x3FED, 0x3F8C, 0x464C, 0x452B, 0x3C8A, 0x3C69, 0x1BC6, 0x0323, 0x0B43, 0x1365, 0x0323,
    0x02C1, 0x1344, 0x44AA, 0x5DEE, 0x34E8, 0x0381, 0x03C3, 0x0404, 0x0403, 0x0423, 0x0443, 0x0443,
    0x0403, 0x03E3, 0x0423, 0x04A4, 0x34E9, 0x750F, 0x9572, 0x7E92, 0x57AE, 0x37EC, 0x278A, 0x2E8A,
    0x44EB, 0x5D0D, 0x4D6C, 0x1BE6, 0x0323, 0x0B44, 0x0303, 0x02E2, 0x02C2, 0x02A2, 0x0221, 0x01C1,
    0x22A4, 0x3428, 0x24C7, 0x0423, 0x03E2, 0x04A4, 0x0545, 0x0625, 0x0F07, 0x276A, 0x370B, 0x462C,
    0x554C, 0x64EE, 0x8D32, 0xAE16, 0xB6F7, 0x8EF4, 0x660E, 0x3CE9, 0x23E6, 0x0B64, 0x0B64, 0x1384,
    0x1364, 0x0B43, 0x0303, 0x02A2, 0x1B85, 0x34A8, 0x1445, 0x03E2, 0x04A4, 0x15A6, 0x26A9, 0x378B,
    0x3FCC, 0x37AB, 0x272A, 0x364A, 0x5D4D, 0x74EF, 0x55AD, 0x1F09, 0x0F67, 0x364A, 0x552C, 0x3469,
    0x1385, 0x0B63, 0x13A5, 0x13A5, 0x0BA4, 0x0B84, 0x0B64, 0x0B43, 0x0323, 0x02E2, 0x02C2, 0x0282,
    0x0221, 0x01E1, 0x1AA4, 0x3468, 0x24C7, 0x03E2, 0x0423, 0x04E4, 0x05C5, 0x06C6, 0x1769, 0x2F8B,
    0x46ED, 0x55ED, 0x754F, 0x9532, 0xAE36, 0xB737, 0x96F4, 0x65EF, 0x44EA, 0x1BC6, 0x0B44, 0x0B64,
    0x0B43, 0x0B44, 0x0323, 0x02A1, 0x02A2, 0x2BC7, 0x4DAC, 0x7ED2, 0xAE56, 0x9573, 0x4CAB, 0x1466,
    0x1CA6, 0x3549, 0x2609, 0x0E47, 0x0584, 0x0483, 0x0424, 0x03E3, 0x03E2, 0x24C7, 0x3489, 0x1B86,
    0x0424, 0x1CE6, 0x552C, 0x65EF, 0x46CD, 0x2749, 0x1F08, 0x35EA, 0x4C8C, 0x442A, 0x3448, 0x2C68,
    0x2C67, 0x1C26, 0x0424, 0x03E3, 0x0464, 0x0CC5, 0x0322, 0x01C1, 0x1263, 0x3C48, 0x34E8, 0x0403,
    0x03E2, 0x0484, 0x0585, 0x0E86, 0x278A, 0x4FEF, 0x5FF0, 0x6F50, 0x8631, 0x9DB3, 0xADF6, 0xB676,
    0x8E53, 0x5D8E, 0x3C89, 0x1385, 0x0323, 0x0B64, 0x0B64, 0x0B43, 0x0323, 0x0303, 0x02A1, 0x0221,
    0x1B25, 0x2C28, 0x1445, 0x03E3, 0x0403, 0x04E4, 0x0DC6, 0x1EA8, 0x2F6B, 0x47CD, 0x5FF0, 0x67F0,
    0x5FF0, 0x5F6F, 0x668F, 0x65AE, 0x456B, 0x1D87, 0x0505, 0x1C26, 0x3B89, 0x1AE5, 0x0261, 0x0262,
    0x0282, 0x0242, 0x0221, 0x1B25, 0x2CA8, 0x1546, 0x25C9, 0x468C, 0x478D, 0x47ED, 0x4FEE, 0x5FF0,
    0x67F1, 0x6FF1, 0x67F1, 0x5FD0, 0x57EF, 0x47ED, 0x3FCC, 0x372B, 0x2E09, 0x2DA9, 0x3569, 0x3448,
    0x1B24, 0x0281, 0x02A2, 0x02C2, 0x02A2, 0x0282, 0x01C0, 0x0A42, 0x448A, 0x34E9, 0x0403, 0x03E3,
    0x0423, 0x04A4, 0x0585, 0x0666, 0x1729, 0x3FCD, 0x5FF0, 0x6FF1, 0x6FB1, 0x86F2, 0x9E74, 0xAE76,
    0xAF37, 0xAFD7, 0xAFD7, 0x86F2, 0x55ED, 0x452B, 0x2407, 0x0B64, 0x13A5, 0x13C5, 0x13A5, 0x13A5,
    0x0B84, 0x0B64, 0x0B44, 0x02E2, 0x02E2, 0x23C6, 0x34A8, 0x1CA6, 0x0403, 0x03C3, 0x0424, 0x04A4,
    0x0584, 0x0E46, 0x1E49, 0x35CA, 0x3529, 0x1486, 0x0403, 0x03E3, 0x0C65, 0x2528, 0x354A, 0x3CCA,
    0x2407, 0x0BA4, 0x13C5, 0x1BE6, 0x13C5, 0x13A4, 0x0B84, 0x0B64, 0x0343, 0x02E3, 0x1365, 0x450A,
    0x2CC8, 0x0402, 0x04E4, 0x15E7, 0x1EA8, 0x2F8B, 0x3FED, 0x4FEE, 0x47EE, 0x37CC, 0x2F2B, 0x35EA,
    0x0403, 0x1405, 0x3BC9, 0x4BEA, 0x2C88, 0x0504, 0x04C3, 0x03C4, 0x1304, 0x2346, 0x1304, 0x1B04,
    0x656E, 0x5DCD, 0x03E2, 0x03C2, 0x1C26, 0x33E8, 0x442A, 0x444A, 0x4C2A, 0x43EA, 0x33E8, 0x1426,
    0x0484, 0x0CC5, 0x2507, 0x452B, 0x6D0F, 0x8CF1, 0x8571, 0x664F, 0x3EEC, 0x2749, 0x1788, 0x1EE8,
    0x2D09, 0x4CAC, 0x65AE, 0x3CCA, 0x0B64, 0x0303, 0x02E2, 0x02E2, 0x0282, 0x0262, 0x01E1, 0x09C2,
    0x3BE8, 0x3D09, 0x0423, 0x0402, 0x0464, 0x0504, 0x05E5, 0x06C6, 0x1748, 0x2F2A, 0x3E4B, 0x3D4A,
    0x2CC8, 0x34C9, 0x5CCD, 0x7D10, 0x7530, 0x4D0B, 0x3448, 0x1B66, 0x0303, 0x0303, 0x0303, 0x02E2,
    0x02C2, 0x0281, 0x0221, 0x0A22, 0x2346, 0x2CC8, 0x1465, 0x03C2, 0x0464, 0x0504, 0x05E5, 0x0E87,
    0x2E6A, 0x358A, 0x24C7, 0x1486, 0x3CCA, 0x8531, 0x85B2, 0x65AE, 0x450B, 0x1BE6, 0x0B64, 0x0B84,
    0x13A4, 0x0B64, 0x0B44, 0x0343, 0x02E2, 0x02A2, 0x1BA5, 0x2CE8, 0x2588, 0x368B, 0x476D, 0x3FED,
    0x47EE, 0x5FEF, 0x67D1, 0x6FD1, 0x67D1, 0x57EF, 0x47ED, 0x2FCB, 0x272A, 0x1607, 0x1D47, 0x3D0A,
    0x3469, 0x1BC6, 0x1C26, 0x2487, 0x24A8, 0x1C66, 0x1C46, 0x2447, 0x2C67, 0x2427, 0x13C5, 0x0BA5,
    0x13C5, 0x13A5, 0x1384, 0x0303, 0x0303, 0x1BA6, 0x34C9, 0x2CE7, 0x0402, 0x03C2, 0x0404, 0x0423,
    0x04A4, 0x0585, 0x0E26, 0x2669, 0x35EA, 0x352A, 0x2CC9, 0x44CB, 0x7CF0, 0xAE36, 0xB737, 0x9714,
    0x6E8F, 0x458B, 0x2447, 0x13A5, 0x13C5, 0x1BE6, 0x0BA4, 0x13A5, 0x3C8A, 0x3D6A, 0x25A8, 0x35E9,
    0x3E6B, 0x4F4D, 0x4FCE, 0x5FF0, 0x6FF1, 0x6FD1, 0x5FF0, 0x4FEE, 0x37EC, 0x2FCB, 0x2769, 0x1647,
    0x2588, 0x350A, 0x3469, 0x1BC6, 0x0B64, 0x0B64, 0x13A5, 0x0B44, 0x02E1, 0x1364, 0x4CCA, 0x5DEE,
    0x2CE8, 0x0381, 0x03C2, 0x0404, 0x03E3, 0x0403, 0x0403, 0x03E3, 0x03E3, 0x03C3, 0x03C3, 0x0443,
    0x14A6, 0x4CAB, 0x7CB0, 0x75B0, 0x470D, 0x27AA, 0x1788, 0x2689, 0x44EA, 0x5D0D, 0x4D8C, 0x1C06,
    0x0323, 0x0B64, 0x0B23, 0x02E3, 0x02C2, 0x02C2, 0x0241, 0x01E1, 0x22E5, 0x3448, 0x24C7, 0x0423,
    0x03E2, 0x0464, 0x0504, 0x05E5, 0x06A6, 0x1EC9, 0x364B, 0x3D8A, 0x34E9, 0x3CA9, 0x64EE, 0x9D94,
    0xAE56, 0x8692, 0x5DEE, 0x3CC9, 0x1BC6, 0x0B64, 0x0B84, 0x1364, 0x0B44, 0x0B44, 0x0323, 0x0281,
    0x12E4, 0x3407, 0x1C66, 0x0443, 0x04A3, 0x15A6, 0x2ECA, 0x3F8D, 0x57EF, 0x4FEE, 0x3FCC, 0x374B,
    0x4E4D, 0x6D8F, 0x65CF, 0x3ECC, 0x1F49, 0x2E69, 0x4D6C, 0x44CB, 0x1BA6, 0x0B63, 0x13A5, 0x13A5,
    0x13A5, 0x13A5, 0x0B84, 0x0B64, 0x0323, 0x02E3, 0x02E2, 0x02A2, 0x0241, 0x0A01, 0x22C5, 0x3488,
    0x24C6, 0x03E2, 0x0423, 0x04C4, 0x0565, 0x0666, 0x1708, 0x2EEA, 0x3E2B, 0x454B, 0x4CEB, 0x6CCE,
    0x9D94, 0xB697, 0x8E93, 0x65EE, 0x44EA, 0x1BC6, 0x0B64, 0x0B84, 0x0B64, 0x0B44, 0x0B44, 0x02E2,
    0x0282, 0x1B24, 0x3D2A, 0x6E70, 0x8DF2, 0x7550, 0x3489, 0x0443, 0x0464, 0x2D08, 0x2DC9, 0x1628,
    0x05E5, 0x04E4, 0x0444, 0x03E3, 0x03E2, 0x1445, 0x2C47, 0x2BE7, 0x0C04, 0x14C6, 0x4DCC, 0x56EE,
    0x476D, 0x3F0B, 0x462B, 0x450B, 0x3429, 0x1425, 0x0C44, 0x1426, 0x1425, 0x0C24, 0x0403, 0x03C2,
    0x0443, 0x04C5, 0x0363, 0x01C0, 0x01A0, 0x2B66, 0x3CA9, 0x1465, 0x0423, 0x0443, 0x0524, 0x0625,
    0x1728, 0x2FCB, 0x47ED, 0x4F0E, 0x65CE, 0x750F, 0x9512, 0xA5B4, 0x95F3, 0x658F, 0x3CCA, 0x1BA6,
    0x0B44, 0x0B64, 0x0B64, 0x0B44, 0x0323, 0x0323, 0x02C2, 0x0241, 0x1B45, 0x2C48, 0x1445, 0x03E3,
    0x03E3, 0x04A4, 0x0D66, 0x1627, 0x26EA, 0x37AC, 0x4FEE, 0x67F0, 0x5FF0, 0x5FAF, 0x5EEF, 0x65EE,
    0x556D, 0x3549, 0x14C6, 0x2427, 0x3BA9, 0x1B05, 0x0281, 0x0282, 0x02A2, 0x0281, 0x0241, 0x1B04,
    0x2C67, 0x1D47, 0x2DE9, 0x46AC, 0x478D, 0x3FED, 0x47EE, 0x57EF, 0x67F0, 0x6FF1, 0x67F1, 0x5FD0,
    0x57CE, 0x3FEC, 0x2FEB, 0x1F69, 0x0E66, 0x1E07, 0x3D8A, 0x3449, 0x1304, 0x0281, 0x02C2, 0x02C2,
    0x02A2, 0x0282, 0x01C0, 0x09E1, 0x3BA8, 0x3CC9, 0x14A6, 0x03E2, 0x03E3, 0x04A4, 0x0564, 0x0625,
    0x1708, 0x2FAB, 0x47EE, 0x57EF, 0x5F6F, 0x7690, 0x8DD2, 0xA5D4, 0xAE76, 0xB757, 0xAFB7, 0x8713,
    0x5E0E, 0x4D6C, 0x2C47, 0x0B84, 0x13C5, 0x1BE5, 0x13C5, 0x13C5, 0x13A5, 0x0B84, 0x1384, 0x0302,
    0x0B23, 0x3468, 0x34C8, 0x0C65, 0x03E3, 0x03E3, 0x0464, 0x0544, 0x0625, 0x16C7, 0x26CA, 0x3E2B,
    0x3D6A, 0x24C7, 0x0C44, 0x03E3, 0x0402, 0x1D06, 0x3D8A, 0x3CA9, 0x23E7, 0x13E5, 0x1C05, 0x1C06,
    0x1BE6, 0x13C5, 0x13A4, 0x0B84, 0x0B64, 0x0303, 0x1344, 0x44EB, 0x3509, 0x0443, 0x04E4, 0x0DE6,
    0x1EA8, 0x276A, 0x2FCB, 0x37EC, 0x2FEB, 0x27AA, 0x1F29, 0x1E08, 0x03E2, 0x03E3, 0x23A6, 0x3B88,
    0x2C07, 0x04A4, 0x0463, 0x0B84, 0x1B05, 0x2346, 0x1304, 0x1B04, 0x6D8E, 0x5DEE, 0x03E3, 0x03A2,
    0x0424, 0x1405, 0x2BE7, 0x3BE9, 0x3BC9, 0x2BE8, 0x1426, 0x0423, 0x0423, 0x0423, 0x0484, 0x14E5,
    0x34E9, 0x5C8D, 0x7C6F, 0x74EF, 0x4DAD, 0x2E6A, 0x1EE8, 0x1EA9, 0x2D08, 0x4CAB, 0x65AE, 0x44EA,
    0x13A5, 0x0303, 0x02E2, 0x02E2, 0x0282, 0x0282, 0x01E1, 0x0180, 0x2B26, 0x3CA9, 0x1485, 0x0423,
    0x0423, 0x04A4, 0x0565, 0x0625, 0x0EC7, 0x26A9, 0x360A, 0x2D09, 0x1485, 0x0C64, 0x2C87, 0x4CAB,
    0x54EC, 0x450A, 0x3468, 0x2386, 0x0303, 0x0303, 0x0324, 0x0303, 0x02E2, 0x02A2, 0x0241, 0x0A42,
    0x2366, 0x2CC8, 0x1485, 0x03C2, 0x0424, 0x04A4, 0x0584, 0x0E46, 0x2E29, 0x2D49, 0x14A6, 0x0423,
    0x1445, 0x54CC, 0x656E, 0x558D, 0x3D0A, 0x2406, 0x0B64, 0x13C5, 0x13C5, 0x13A5, 0x0B84, 0x0B64,
    0x0303, 0x02C2, 0x1BA5, 0x2CC8, 0x2588, 0x366B, 0x474D, 0x3FED, 0x47EE, 0x5FCF, 0x67F0, 0x6FF1,
    0x67D1, 0x57CF, 0x3FED, 0x27CA, 0x1768, 0x0645, 0x1586, 0x558C, 0x3CCA, 0x1C26, 0x2487, 0x2CE8,
    0x2D28, 0x2508, 0x24E8, 0x24C7, 0x2487, 0x2467, 0x1C26, 0x1C06, 0x13E6, 0x13C5, 0x13A5, 0x0303,
    0x1344, 0x3CCA, 0x3509, 0x0C44, 0x0403, 0x03E3, 0x0404, 0x0463, 0x0504, 0x05C5, 0x1627, 0x2DE9,
    0x3549, 0x1CC7, 0x0C85, 0x2487, 0x6CEE, 0xADF5, 0xAED6, 0x7E91, 0x562D, 0x456B, 0x1C26, 0x13C5,
    0x1C26, 0x1C27, 0x13E6, 0x1BE5, 0x2C68, 0x4D6B, 0x460B, 0x1DA7, 0x2609, 0x4F2D, 0x57AF, 0x67F0,
    0x6FF1, 0x67F0, 0x4FEE, 0x37EC, 0x27CA, 0x1747, 0x0685, 0x05C4, 0x35C9, 0x558C, 0x2C28, 0x13A5,
    0x13C5, 0x13A5, 0x1BC5, 0x0B84, 0x0302, 0x1365, 0x4CAB, 0x5DCE, 0x34E8, 0x0381, 0x03C2, 0x0404,
    0x03E3, 0x03E3, 0x03E3, 0x03E3, 0x0403, 0x0403, 0x03E3, 0x03E3, 0x0443, 0x2467, 0x5C4C, 0x6CCE,
    0x462C, 0x1F29, 0x0F48, 0x2629, 0x44CA, 0x5D0D, 0x4D6C, 0x1C06, 0x0343, 0x0B64, 0x0B44, 0x0303,
    0x02E2, 0x02E3, 0x0261, 0x0221, 0x2B46, 0x3468, 0x1CA6, 0x0423, 0x03C3, 0x0444, 0x04C4, 0x0584,
    0x0646, 0x1E68, 0x35EA, 0x3529, 0x14A6, 0x0C85, 0x3CCA, 0x8531, 0x95D3, 0x7610, 0x55CD, 0x34C9,
    0x1BA6, 0x1385, 0x1385, 0x1384, 0x0B64, 0x0B44, 0x0B23, 0x02A2, 0x0282, 0x1B25, 0x2C67, 0x14A6,
    0x04A3, 0x15A7, 0x36CB, 0x4F8E, 0x67D0, 0x6FF1, 0x57EF, 0x47CD, 0x4F4D, 0x666F, 0x7630, 0x5E8E,
    0x370B, 0x2E69, 0x45AB, 0x550C, 0x2407, 0x0B84, 0x13A5, 0x13A5, 0x13A5, 0x13A5, 0x1385, 0x0B64,
    0x0343, 0x0303, 0x02E3, 0x02C2, 0x0241, 0x0A42, 0x2326, 0x3488, 0x1CA6, 0x03E2, 0x0403, 0x0484,
    0x0524, 0x0605, 0x1687, 0x2E49, 0x3D8A, 0x2CE8, 0x1CA7, 0x3CAA, 0x8531, 0xADF5, 0x8632, 0x55CD,
    0x3CEA, 0x1BC6, 0x0B64, 0x13A5, 0x1384, 0x0B64, 0x0B44, 0x0B44, 0x02A2, 0x02A2, 0x2C88, 0x55ED,
    0x5DAD, 0x4D2C, 0x2467, 0x0402, 0x0444, 0x24E8, 0x35AA, 0x2649, 0x0646, 0x05A5, 0x04C4, 0x0423,
    0x0403, 0x0403, 0x1C26, 0x3C29, 0x1405, 0x14A6, 0x4E2C, 0x4F8D, 0x47AD, 0x4E6D, 0x5D0D, 0x4C4B,
    0x1C26, 0x0423, 0x0423, 0x0403, 0x0403, 0x0403, 0x03E3, 0x03A3, 0x0444, 0x0CC5, 0x0B63, 0x01C0,
    0x01A0, 0x1263, 0x33C7, 0x2CC8, 0x0C44, 0x03E2, 0x04C4, 0x05A5, 0x06A6, 0x1F68, 0x2F8B, 0x3ECC,
    0x456B, 0x3CCA, 0x4CCC, 0x7D10, 0x8551, 0x656F, 0x44EA, 0x1BE6, 0x0B44, 0x0B64, 0x1364, 0x0B64,
    0x0343, 0x0323, 0x02C2, 0x0261, 0x2386, 0x3468, 0x0C25, 0x03C3, 0x03E3, 0x0464, 0x0505, 0x0DA6,
    0x1E69, 0x2F4B, 0x47CD, 0x5FEF, 0x67F0, 0x5FCF, 0x574E, 0x664F, 0x658E, 0x452B, 0x2C88, 0x2C07,
    0x43A9, 0x2325, 0x02C2, 0x02C2, 0x02C3, 0x02A2, 0x0281, 0x1B04, 0x2C27, 0x1D47, 0x2DE9, 0x3E8B,
    0x478D, 0x3FED, 0x47CD, 0x57CF, 0x67F0, 0x6FF1, 0x6FD1, 0x5FD0, 0x4FEE, 0x37CC, 0x27CA, 0x0F27,
    0x0604, 0x2E09, 0x55CD, 0x2BE8, 0x0AE3, 0x02C2, 0x02C2, 0x02C2, 0x02A2, 0x0282, 0x01E0, 0x01C1,
    0x22A5, 0x3C69, 0x2D08, 0x0403, 0x03E2, 0x0484, 0x0524, 0x05E5, 0x0EC7, 0x1F69, 0x37EC, 0x3FCD,
    0x4F2D, 0x5E2E, 0x7570, 0x8D32, 0xA594, 0xB677, 0xB757, 0x8F13, 0x5E2E, 0x4DAC, 0x2C88, 0x13C5,
    0x1BE5, 0x1C06, 0x1BE6, 0x1BE6, 0x13C5, 0x13A5, 0x13A5, 0x0323, 0x0B44, 0x3CCA, 0x2D08, 0x0444,
    0x0403, 0x0423, 0x04E4, 0x05E5, 0x0EC7, 0x1F49, 0x2F6B, 0x3ECC, 0x45EB, 0x3529, 0x1486, 0x0403,
    0x03C1, 0x24E7, 0x4D8C, 0x3488, 0x1C06, 0x1C47, 0x2427, 0x2427, 0x1C06, 0x13E5, 0x13C5, 0x13A5,
    0x13A5, 0x0323, 0x0B44, 0x44CA, 0x3D0A, 0x0C84, 0x0504, 0x0DC6, 0x1EA8, 0x2749, 0x27AA, 0x27AA,
    0x27A9, 0x1768, 0x0EE7, 0x0E06, 0x03C3, 0x03C3, 0x0BC4, 0x2B67, 0x3388, 0x1BE6, 0x0B84, 0x1345,
    0x2B47, 0x2366, 0x0AC3, 0x12E3, 0x6DAF, 0x662F, 0x03E3, 0x03A2, 0x0403, 0x0423, 0x1405, 0x1C06,
    0x1C06, 0x0C25, 0x0444, 0x0423, 0x03E3, 0x03C3, 0x0403, 0x0443, 0x0C85, 0x2487, 0x4C4B, 0x6C0D,
    0x648D, 0x4D2C, 0x35EA, 0x2DEA, 0x3489, 0x4C6B, 0x65AE, 0x450B, 0x13A5, 0x0303, 0x02E3, 0x02E3,
    0x02A2, 0x02A2, 0x0221, 0x01A0, 0x1A84, 0x3408, 0x24C7, 0x0C44, 0x03E2, 0x0464, 0x04E4, 0x0585,
    0x0646, 0x1E48, 0x35C9, 0x2D09, 0x0C65, 0x0422, 0x0C24, 0x2467, 0x2CC9, 0x2CE8, 0x3469, 0x23A7,
    0x0B24, 0x0323, 0x0B44, 0x0B23, 0x0303, 0x02C2, 0x0281, 0x0A83, 0x2386, 0x2CC8, 0x0C85, 0x03C2,
    0x0403, 0x0484, 0x0564, 0x0E26, 0x2609, 0x2D49, 0x14A6, 0x0402, 0x03E3, 0x2467, 0x352A, 0x3D6B,
    0x3D0A, 0x2427, 0x13A4, 0x1BE5, 0x1BE6, 0x13C5, 0x13A5, 0x0B85, 0x0B24, 0x0302, 0x1BA5, 0x2CC8,
    0x2588, 0x3E6B, 0x4F4D, 0x3FCD, 0x47ED, 0x57EF, 0x67D0, 0x6FF1, 0x67D1, 0x4FCE, 0x37EC, 0x1F89,
    0x06C6, 0x1606, 0x3DCA, 0x558D, 0x3CE9, 0x1C86, 0x2D08, 0x2D69, 0x2D89, 0x2D89, 0x2D89, 0x2D49,
    0x2D08, 0x2CC8, 0x2C87, 0x2447, 0x1C06, 0x13C5, 0x0BA5, 0x0B64, 0x23E7, 0x454B, 0x24C7, 0x03A2,
    0x03E3, 0x0424, 0x0464, 0x04E4, 0x05A5, 0x0E26, 0x1E28, 0x35A9, 0x2CE8, 0x0C65, 0x0422, 0x1466,
    0x64EE, 0x9DB4, 0x8E33, 0x666F, 0x4DEC, 0x3CEA, 0x1C26, 0x1C06, 0x2467, 0x2467, 0x2447, 0x1C26,
    0x1BE6, 0x44EA, 0x5DED, 0x2DC9, 0x1DE7, 0x36CB, 0x47AE, 0x5FF0, 0x67D1, 0x57CF, 0x3FED, 0x27CA,
    0x0F27, 0x0665, 0x15E6, 0x35C9, 0x4DAC, 0x4D2B, 0x2427, 0x13E5, 0x1C26, 0x1C06, 0x1BE6, 0x13A5,
    0x0323, 0x1344, 0x446A, 0x65EF, 0x3D29, 0x0381, 0x03E2, 0x0404, 0x03E3, 0x0403, 0x0423, 0x0443,
    0x0443, 0x0443, 0x0423, 0x03E3, 0x0402, 0x0C44, 0x3C29, 0x5C2D, 0x550C, 0x2669, 0x1688, 0x2D89,
    0x4CAB, 0x5D2D, 0x454B, 0x1BE6, 0x0B43, 0x1385, 0x0B64, 0x0303, 0x02E3, 0x02E3, 0x0261, 0x0261,
    0x2BA7, 0x34A9, 0x1485, 0x0423, 0x03E3, 0x0424, 0x0484, 0x0564, 0x0606, 0x1E28, 0x35AA, 0x24E8,
    0x0C44, 0x0442, 0x1C86, 0x5CED, 0x7570, 0x5DCD, 0x4DAC, 0x34A9, 0x13A5, 0x1385, 0x13A5, 0x1385,
    0x0B84, 0x0B44, 0x0B03, 0x02E2, 0x0261, 0x0A82, 0x2C07, 0x24C7, 0x04E4, 0x1DA7, 0x3EAC, 0x4F8E,
    0x67D1, 0x77D2, 0x6FD1, 0x5FF0, 0x57CE, 0x5F4F, 0x6EB0, 0x6E90, 0x568E, 0x3E0B, 0x4D8C, 0x5D0D,
    0x3448, 0x13C5, 0x13C5, 0x1BC6, 0x1BC6, 0x13C5, 0x13A5, 0x1384, 0x0B44, 0x0B23, 0x0303, 0x02E2,
    0x0261, 0x0A83, 0x2BA7, 0x2CA8, 0x1485, 0x03E2, 0x0403, 0x0444, 0x04E4, 0x05C5, 0x1647, 0x2DE9,
    0x3549, 0x1C86, 0x0464, 0x1C86, 0x5CED, 0x8D72, 0x75F0, 0x4DCD, 0x3CEA, 0x1BE6, 0x1384, 0x1BC5,
    0x13C5, 0x1385, 0x1364, 0x0B64, 0x02E2, 0x02A1, 0x1BA6, 0x452A, 0x45CB, 0x2508, 0x0C04, 0x03E2,
    0x0C45, 0x2D08, 0x3DCB, 0x2EAA, 0x1708, 0x0686, 0x0584, 0x04C4, 0x0444, 0x03E2, 0x13E5, 0x3C29,
    0x1C06, 0x1486, 0x45EB, 0x574E, 0x5F0F, 0x658F, 0x5C6D, 0x3428, 0x0424, 0x0403, 0x03E3, 0x03E3,
    0x03E3, 0x03C3, 0x03C3, 0x03A3, 0x0444, 0x0CC5, 0x0343, 0x01C1, 0x01E1, 0x01A1, 0x1AC5, 0x3CC9,
    0x1C86, 0x03C2, 0x0463, 0x0524, 0x0605, 0x0EC6, 0x1F09, 0x366A, 0x3549, 0x1486, 0x1466, 0x44AA,
    0x5CED, 0x552D, 0x450A, 0x2407, 0x1344, 0x1364, 0x1384, 0x0B64, 0x0B44, 0x0B44, 0x02E2, 0x02A2,
    0x23C6, 0x3488, 0x0C04, 0x03A3, 0x03C3, 0x0423, 0x04A4, 0x0D25, 0x1E08, 0x2F0A, 0x3FAC, 0x57EF,
    0x5FF0, 0x5FF0, 0x57AF, 0x5ECF, 0x65CF, 0x5D0D, 0x444A, 0x3BE8, 0x43CA, 0x2346, 0x02E2, 0x02E2,
    0x02E3, 0x02C2, 0x02C2, 0x1304, 0x2407, 0x2547, 0x2DE9, 0x3E6B, 0x476C, 0x3FCD, 0x47ED, 0x57EF,
    0x67F0, 0x6FD1, 0x6FD1, 0x5FF0, 0x47EE, 0x2FCB, 0x1768, 0x06A6, 0x0DC5, 0x45CB, 0x5D2C, 0x1B45,
    0x02C2, 0x0303, 0x02E3, 0x02C2, 0x02A2, 0x0262, 0x0221, 0x01C1, 0x11E3, 0x3BE8, 0x3D4A, 0x0C23,
    0x03E2, 0x0464, 0x04C4, 0x0584, 0x0686, 0x1728, 0x27AA, 0x376B, 0x46AC, 0x4DAC, 0x550C, 0x64EE,
    0x8511, 0xADD5, 0xB697, 0x8EB3, 0x5E4E, 0x55CD, 0x34A9, 0x1BE6, 0x1C06, 0x2426, 0x1C06, 0x1C26,
    0x1C06, 0x13E5, 0x13C5, 0x0B44, 0x13A5, 0x450A, 0x2D08, 0x0403, 0x0403, 0x0484, 0x0584, 0x0686,
    0x1748, 0x2FCB, 0x3FEC, 0x476D, 0x468C, 0x3D8B, 0x1CC7, 0x0443, 0x0C03, 0x3D09, 0x558C, 0x2C88,
    0x1C26, 0x2488, 0x2467, 0x2447, 0x2427, 0x1C06, 0x1BE6, 0x1BC5, 0x1BC5, 0x0343, 0x0B43, 0x3469,
    0x452B, 0x2507, 0x04E4, 0x0585, 0x1EA9, 0x2729, 0x1F49, 0x1F49, 0x1728, 0x0F07, 0x06A6, 0x05C5,
    0x03E4, 0x03C3, 0x03C3, 0x1B85, 0x2B47, 0x2B47, 0x1AE5, 0x2326, 0x33A8, 0x1B66, 0x0281, 0x0AC3,
    0x6D8F, 0x6E50, 0x0424, 0x03A2, 0x03E3, 0x0403, 0x0403, 0x0423, 0x0444, 0x0443, 0x0423, 0x0403,
    0x03E3, 0x03C4, 0x03C3, 0x03E3, 0x0403, 0x0444, 0x1C66, 0x3C09, 0x53EC, 0x5C2C, 0x4CAB, 0x4CEB,
    0x43EA, 0x544B, 0x65CE, 0x3D0A, 0x13A5, 0x0B44, 0x0303, 0x0B03, 0x02C2, 0x02A2, 0x0242, 0x0201,
    0x1223, 0x2B86, 0x2CE8, 0x1465, 0x03C2, 0x0423, 0x0484, 0x0504, 0x05E5, 0x1627, 0x2DE9, 0x2D29,
    0x1486, 0x0403, 0x03C2, 0x0403, 0x0C85, 0x24C7, 0x3489, 0x2BC7, 0x0B44, 0x0B63, 0x1364, 0x0B44,
    0x0B24, 0x02E2, 0x02A1, 0x12E3, 0x2BE7, 0x2CC8, 0x0C64, 0x03C2, 0x0403, 0x0484, 0x0584, 0x0E46,
    0x2629, 0x358A, 0x24E7, 0x0C24, 0x03E2, 0x0403, 0x1CC6, 0x3569, 0x44EA, 0x2447, 0x13E5, 0x1C06,
    0x2426, 0x1BE6, 0x13C5, 0x13A5, 0x0B64, 0x0323, 0x1BC6, 0x2CC8, 0x2588, 0x362A, 0x46CD, 0x476D,
    0x47CD, 0x57EF, 0x67F1, 0x77D2, 0x67F1, 0x47EE, 0x2FEB, 0x0F27, 0x0604, 0x3DEA, 0x65CE, 0x450B,
    0x24C8, 0x2507, 0x2568, 0x2DA9, 0x2DA9, 0x2DA9, 0x25A9, 0x2D69, 0x2D28, 0x24C8, 0x2487, 0x2447,
    0x2427, 0x1BE6, 0x0B84, 0x23E7, 0x3CCA, 0x3D29, 0x1465, 0x03A2, 0x0403, 0x0484, 0x0524, 0x05E5,
    0x0686, 0x16A8, 0x2E49, 0x35AA, 0x24E8, 0x0C44, 0x0402, 0x1445, 0x54EC, 0x756F, 0x65EF, 0x564E,
    0x456B, 0x2C68, 0x2467, 0x2487, 0x24A8, 0x24A8, 0x2CA8, 0x2467, 0x1405, 0x2C48, 0x4D2C, 0x4DEC,
    0x2609, 0x1667, 0x378B, 0x57EF, 0x57CF, 0x47CE, 0x2FCB, 0x0F47, 0x0645, 0x1DC7, 0x4DCC, 0x65EF,
    0x4D4C, 0x2488, 0x1C46, 0x2447, 0x2447, 0x2426, 0x1C06, 0x13C5, 0x0B84, 0x0B24, 0x2C08, 0x6E10,
    0x456B, 0x03A1, 0x03C2, 0x0404, 0x0403, 0x0423, 0x0443, 0x0464, 0x0C45, 0x0C45, 0x0444, 0x0403,
    0x0403, 0x0403, 0x1C26, 0x43EA, 0x5C4C, 0x456B, 0x2D69, 0x3CA9, 0x550C, 0x5D6D, 0x3D0A, 0x1BE6,
    0x0B84, 0x13A5, 0x1365, 0x0B24, 0x0303, 0x0B03, 0x0281, 0x02A2, 0x3428, 0x34C8, 0x0464, 0x0403,
    0x03E3, 0x0403, 0x0484, 0x0564, 0x0E26, 0x2628, 0x2DA9, 0x24E8, 0x0C44, 0x03E2, 0x0424, 0x34A9,
    0x4D4B, 0x458B, 0x4D6C, 0x3489, 0x13A5, 0x13A5, 0x1BC6, 0x13A5, 0x1385, 0x0B44, 0x0B23, 0x0303,
    0x0281, 0x0241, 0x2B86, 0x24A7, 0x0D25, 0x1DC8, 0x3EAC, 0x4F8E, 0x5FF0, 0x6FF1, 0x6FD1, 0x6FD1,
    0x5FF0, 0x57CF, 0x6750, 0x6ED0, 0x6E50, 0x5DAE, 0x5D2D, 0x5CED, 0x3C89, 0x1C06, 0x13C5, 0x1BC6,
    0x1BE6, 0x1BE6, 0x1BC5, 0x1385, 0x1364, 0x0B24, 0x0B23, 0x0303, 0x0261, 0x12E4, 0x3428, 0x24A7,
    0x0C64, 0x03E3, 0x03E3, 0x0424, 0x04E4, 0x05C5, 0x1627, 0x2DC9, 0x2D29, 0x1465, 0x0403, 0x0444,
    0x34A9, 0x652D, 0x5DCD, 0x45AC, 0x3CCA, 0x1BE6, 0x13C5, 0x1BE6, 0x1BE6, 0x13A5, 0x1385, 0x1364,
    0x0B23, 0x02E3, 0x0AE3, 0x2C47, 0x3DAB, 0x1507, 0x03E2, 0x0403, 0x1C86, 0x354A, 0x464B, 0x3F2C,
    0x278A, 0x1748, 0x0686, 0x05A5, 0x04A4, 0x03E2, 0x13C4, 0x3C08, 0x2407, 0x1486, 0x358A, 0x662E,
    0x75B0, 0x64CD, 0x3469, 0x0C44, 0x0403, 0x03E3, 0x03C3, 0x03C3, 0x03C3, 0x03A3, 0x03A3, 0x03A3,
    0x0444, 0x0CA4, 0x0302, 0x01C1, 0x0222, 0x01A0, 0x1223, 0x3C28, 0x2487, 0x0423, 0x0423, 0x0484,
    0x0564, 0x0625, 0x1667, 0x2E29, 0x2D29, 0x0C65, 0x0423, 0x1445, 0x2487, 0x34E9, 0x3D0A, 0x2C27,
    0x1365, 0x1384, 0x13A5, 0x1385, 0x1364, 0x0B44, 0x0303, 0x02C2, 0x23E7, 0x2C88, 0x0BE3, 0x03A2,
    0x03C3, 0x0403, 0x0463, 0x0CE5, 0x25C8, 0x36AB, 0x3F6C, 0x4FCE, 0x5FD0, 0x67F0, 0x5FCF, 0x5F2F,
    0x662F, 0x6D0E, 0x5C0C, 0x4BCA, 0x440A, 0x2386, 0x02E3, 0x0303, 0x0B04, 0x0303, 0x0303, 0x1324,
    0x23E7, 0x2D48, 0x2DC9, 0x362A, 0x472D, 0x47AD, 0x47CD, 0x57EF, 0x67F0, 0x6FF1, 0x6FF1, 0x5FCF,
    0x3FED, 0x27CB, 0x0706, 0x0626, 0x35EA, 0x554C, 0x3C09, 0x02E3, 0x02E2, 0x0B24, 0x0303, 0x02E2,
    0x02A2, 0x0282, 0x0262, 0x01E1, 0x01A1, 0x3387, 0x452A, 0x0C44, 0x03E2, 0x0444, 0x04A4, 0x0544,
    0x0625, 0x0EC7, 0x1729, 0x2EEA, 0x3E2B, 0x3D4A, 0x34C9, 0x34A9, 0x5CED, 0x8D52, 0xADF5, 0x8E52,
    0x5E2E, 0x55ED, 0x34C9, 0x1C06, 0x1C27, 0x2467, 0x2447, 0x2447, 0x1C26, 0x1C06, 0x1BE6, 0x1384,
    0x1BE6, 0x4D4B, 0x3509, 0x03E3, 0x0443, 0x0504, 0x0625, 0x0F27, 0x27AA, 0x47ED, 0x4FEE, 0x47CE,
    0x3F2C, 0x3E2B, 0x1D06, 0x0484, 0x24E7, 0x454B, 0x454B, 0x24A8, 0x1C87, 0x2CC8, 0x2CA8, 0x2487,
    0x2467, 0x2426, 0x1C06, 0x1BE6, 0x1BE6, 0x0B84, 0x0B64, 0x23E6, 0x450B, 0x458B, 0x0CE4, 0x0523,
    0x1647, 0x1EA8, 0x16C8, 0x16C8, 0x0EC7, 0x06A6, 0x0625, 0x0564, 0x13E5, 0x03C3, 0x03A3, 0x0BC4,
    0x1365, 0x1AE5, 0x2306, 0x3388, 0x33C8, 0x1365, 0x0260, 0x0282, 0x654E, 0x7630, 0x1C65, 0x03C2,
    0x03C3, 0x03E3, 0x03E3, 0x0403, 0x0403, 0x0403, 0x0403, 0x03E3, 0x03E3, 0x03E3, 0x0403, 0x0403,
    0x03E3, 0x03E3, 0x0423, 0x0C44, 0x2407, 0x3BE9, 0x53CB, 0x5BEC, 0x4369, 0x446A, 0x5DEE, 0x3CEA,
    0x1385, 0x0B64, 0x0B44, 0x0B03, 0x02E3, 0x02C2, 0x0282, 0x0241, 0x0222, 0x2345, 0x34E9, 0x1485,
    0x03C2, 0x0403, 0x0423, 0x04C4, 0x05A5, 0x0E47, 0x2609, 0x3D6A, 0x2CE8, 0x0C65, 0x0403, 0x03C2,
    0x0403, 0x1C86, 0x3489, 0x3408, 0x0B84, 0x0B84, 0x13A5, 0x1385, 0x0B64, 0x0323, 0x02E2, 0x1345,
    0x2C47, 0x24C7, 0x0C44, 0x03C2, 0x0403, 0x04C4, 0x05E5, 0x0EA7, 0x2EAA, 0x3DEB, 0x3D29, 0x1CA7,
    0x0403, 0x03C2, 0x14A5, 0x356A, 0x3CEA, 0x2C68, 0x1C26, 0x2467, 0x2447, 0x2426, 0x1C06, 0x1C06,
    0x13C5, 0x0384, 0x23C6, 0x34A9, 0x2588, 0x25C8, 0x360A, 0x4ECD, 0x4F8E, 0x4FCE, 0x67F0, 0x6FD1,
    0x67F0, 0x3FED, 0x1789, 0x06C6, 0x1DE7, 0x4DAC, 0x556D, 0x24C8, 0x1CE7, 0x2D69, 0x2DA9, 0x25A9,
    0x25A9, 0x25A9, 0x25C9, 0x2DA9, 0x2568, 0x2528, 0x24C8, 0x2487, 0x2467, 0x1C06, 0x13A5, 0x3489,
    0x4D4C, 0x2CC8, 0x0423, 0x0403, 0x04A3, 0x0564, 0x0625, 0x06E7, 0x1748, 0x2729, 0x3E8B, 0x3DCB,
    0x2CE8, 0x0444, 0x0402, 0x0C45, 0x34C9, 0x456B, 0x4DCC, 0x55ED, 0x3CEA, 0x1C46, 0x24C7, 0x2D28,
    0x2528, 0x2528, 0x2508, 0x24E8, 0x24A7, 0x1C46, 0x2C88, 0x5DAE, 0x3E0B, 0x0E26, 0x1F69, 0x37EC,
    0x3FCD, 0x37CC, 0x0F47, 0x0665, 0x2DE8, 0x55AC, 0x558D, 0x3D2A, 0x24C8, 0x24A7, 0x1CA7, 0x2487,
    0x2447, 0x1C26, 0x1C07, 0x1BE6, 0x1BE6, 0x0343, 0x1BA6, 0x6DD0, 0x55AD, 0x0403, 0x03C3, 0x0403,
    0x0443, 0x0464, 0x1C46, 0x3BE8, 0x43CA, 0x43CA, 0x2C08, 0x1425, 0x0403, 0x0403, 0x0423, 0x1C06,
    0x4BEA, 0x644D, 0x53EB, 0x4409, 0x5D8E, 0x55AD, 0x2C88, 0x1BE6, 0x1BC6, 0x13A5, 0x1385, 0x1364,
    0x0B44, 0x0B23, 0x02C2, 0x0AE3, 0x3C89, 0x2CE8, 0x0423, 0x0403, 0x0403, 0x0423, 0x04E4, 0x05C5,
    0x1647, 0x2649, 0x35CA, 0x2D08, 0x1465, 0x0403, 0x03E3, 0x0C65, 0x2528, 0x358A, 0x454B, 0x3469,
    0x13C5, 0x1BC5, 0x1BE6, 0x1BC5, 0x13A5, 0x1364, 0x0B24, 0x0323, 0x02A2, 0x0261, 0x2345, 0x2467,
    0x1546, 0x25C9, 0x3E8C, 0x4F8E, 0x57EF, 0x67F0, 0x6FD1, 0x6FD1, 0x6FF1, 0x5FF0, 0x57CF, 0x5F6F,
    0x6E90, 0x756F, 0x6CCE, 0x5CCD, 0x3CCA, 0x2467, 0x1BC5, 0x1BE6, 0x2407, 0x1C06, 0x1BE6, 0x1BC5,
    0x1385, 0x0B44, 0x0B44, 0x0B23, 0x02A2, 0x1345, 0x3CA9, 0x1CA7, 0x0423, 0x0403, 0x03E3, 0x0443,
    0x0524, 0x0605, 0x1E48, 0x35C9, 0x2D49, 0x1486, 0x0403, 0x0403, 0x0C65, 0x2D08, 0x45CB, 0x458B,
    0x34A9, 0x2407, 0x1C06, 0x2406, 0x2406, 0x1BE6, 0x13C6, 0x1385, 0x1384, 0x0B44, 0x02A2, 0x1B85,
    0x452A, 0x24E7, 0x0423, 0x0403, 0x24A7, 0x3DAB, 0x46AC, 0x478D, 0x3FED, 0x2FCB, 0x1768, 0x06A6,
    0x0585, 0x0462, 0x13E4, 0x3C29, 0x2BC7, 0x1445, 0x1D48, 0x54EC, 0x6C4D, 0x348A, 0x0C65, 0x0402,
    0x03C3, 0x03C3, 0x03C3, 0x03C3, 0x03C3, 0x03A3, 0x0383, 0x03E3, 0x0484, 0x0C44, 0x02A2, 0x01C1,
    0x0242, 0x01E0, 0x0A02, 0x2B67, 0x2C87, 0x0C84, 0x0402, 0x0403, 0x04C4, 0x0584, 0x0E26, 0x2608,
    0x2D69, 0x1CA6, 0x0403, 0x03E2, 0x0403, 0x14A6, 0x3CE9, 0x3448, 0x1BA6, 0x1BA5, 0x13A5, 0x13A5,
    0x1385, 0x0B44, 0x0B03, 0x0B23, 0x2C27, 0x2CA8, 0x03C3, 0x03A2, 0x03E4, 0x03E3, 0x0443, 0x0CC5,
    0x2588, 0x3E6B, 0x474D, 0x4FCE, 0x5FD0, 0x67F0, 0x5FF0, 0x57AF, 0x5EAE, 0x6D4F, 0x63EC, 0x53AB,
    0x442A, 0x23C6, 0x0B23, 0x0B24, 0x0B44, 0x0B44, 0x0B44, 0x1324, 0x23E7, 0x3549, 0x25A8, 0x2DC9,
    0x4EAD, 0x4F2E, 0x476D, 0x4FCE, 0x5FF0, 0x6FF1, 0x6FF1, 0x5FCF, 0x3FEC, 0x1FA9, 0x06A5, 0x15E6,
    0x55CD, 0x448A, 0x0B24, 0x0B23, 0x0B23, 0x0B24, 0x0303, 0x02E2, 0x02C2, 0x0282, 0x0282, 0x0221,
    0x0180, 0x2B26, 0x44EA, 0x1465, 0x0403, 0x0423, 0x0463, 0x04E4, 0x05A4, 0x0646, 0x0EA7, 0x2689,
    0x3DCA, 0x3509, 0x14A6, 0x0C85, 0x2CA8, 0x64EE, 0x8D52, 0x75D0, 0x560D, 0x55ED, 0x3CEA, 0x2426,
    0x2467, 0x2488, 0x2487, 0x2488, 0x2487, 0x2447, 0x2447, 0x13C5, 0x1C27, 0x558D, 0x3D2A, 0x0423,
    0x04A3, 0x05A5, 0x06A6, 0x1F89, 0x3FEC, 0x57CF, 0x5FD0, 0x4FCE, 0x378C, 0x2ECA, 0x0D66, 0x0CC5,
    0x458B, 0x4D8C, 0x2D08, 0x2528, 0x2548, 0x2D28, 0x2D08, 0x24C8, 0x2487, 0x2447, 0x2427, 0x2426,
    0x1C06, 0x1BE6, 0x1385, 0x0B44, 0x3CAA, 0x65EE, 0x3548, 0x04C3, 0x0523, 0x05C5, 0x0E47, 0x0E67,
    0x0646, 0x0605, 0x0584, 0x04E4, 0x2407, 0x03E3, 0x0383, 0x0382, 0x0362, 0x1B64, 0x3BC9, 0x440A,
    0x2386, 0x0B64, 0x0281, 0x0261, 0x5CCC, 0x7610, 0x2CE8, 0x0403, 0x03C2, 0x03E3, 0x03E3, 0x03E3,
    0x03E3, 0x03E3, 0x03E3, 0x0403, 0x0423, 0x0443, 0x0443, 0x0443, 0x0423, 0x0403, 0x0403, 0x0423,
    0x0423, 0x1405, 0x2BE7, 0x3BC8, 0x23A6, 0x3CC9, 0x660F, 0x3CCA, 0x1364, 0x1365, 0x0B44, 0x0B24,
    0x0323, 0x02E3, 0x02A2, 0x0282, 0x0241, 0x1B45, 0x3CC9, 0x1C86, 0x03C2, 0x0403, 0x0403, 0x04A4,
    0x05A5, 0x0E67, 0x2689, 0x3DEB, 0x3D4A, 0x2CE8, 0x0C85, 0x03E2, 0x03C2, 0x1C46, 0x3C89, 0x3428,
    0x13A5, 0x13A5, 0x1BC6, 0x13A5, 0x1365, 0x0AE3, 0x02A2, 0x1B65, 0x3468, 0x24C7, 0x0C44, 0x03C2,
    0x0463, 0x0544, 0x0666, 0x1729, 0x2F4B, 0x46AC, 0x45CB, 0x2D29, 0x0C65, 0x03C2, 0x24A6, 0x456B,
    0x3509, 0x2CC7, 0x24A7, 0x24C8, 0x24A7, 0x2447, 0x1C06, 0x23C6, 0x1BA6, 0x1385, 0x1B85, 0x3468,
    0x45CB, 0x35EA, 0x2588, 0x2E09, 0x3EEB, 0x4FAE, 0x57EF, 0x67F0, 0x5FEF, 0x3FEC, 0x0F47, 0x0E86,
    0x3DEA, 0x4D6C, 0x350A, 0x1CE7, 0x1D47, 0x2DA9, 0x25C9, 0x25C8, 0x25C9, 0x25C9, 0x25E9, 0x2DE9,
    0x25A9, 0x2568, 0x2528, 0x24C7, 0x2CA8, 0x2447, 0x13E5, 0x44CA, 0x558D, 0x1CA7, 0x0423, 0x04A3,
    0x0584, 0x0665, 0x0F07, 0x1F89, 0x2FCB, 0x378C, 0x46EC, 0x45EB, 0x2CE9, 0x0C64, 0x0403, 0x0423,
    0x0C85, 0x358A, 0x4DED, 0x452B, 0x2CA8, 0x1CA7, 0x2528, 0x2589, 0x25A8, 0x25A8, 0x2568, 0x2548,
    0x2D28, 0x1CA6, 0x1C87, 0x4D4C, 0x4DCC, 0x2628, 0x0EE6, 0x1FA9, 0x2FEB, 0x17A9, 0x0685, 0x15C6,
    0x4DCC, 0x55AD, 0x3509, 0x1486, 0x14C6, 0x2568, 0x2DA9, 0x35A9, 0x2D69, 0x2508, 0x2467, 0x23E7,
    0x23E7, 0x0B64, 0x1384, 0x550C, 0x65CF, 0x3509, 0x0403, 0x0402, 0x0C85, 0x2447, 0x43E9, 0x540B,
    0x544B, 0x4C2B, 0x4C0A, 0x3408, 0x1405, 0x0403, 0x0422, 0x0C24, 0x2C07, 0x43A9, 0x4389, 0x4C8B,
    0x660F, 0x4DAC, 0x1C46, 0x1C26, 0x2427, 0x1BE6, 0x13A5, 0x1385, 0x1364, 0x0B44, 0x02E3, 0x1344,
    0x3CCA, 0x2CE8, 0x03E3, 0x03E3, 0x0423, 0x0483, 0x0564, 0x0646, 0x16A7, 0x26A9, 0x3E0B, 0x3D4A,
    0x1CC7, 0x0444, 0x03E3, 0x0402, 0x14E6, 0x3DAA, 0x452B, 0x2C48, 0x1C06, 0x1C06, 0x2407, 0x1BE6,
    0x13A5, 0x1385, 0x0B44, 0x0B24, 0x02C2, 0x0281, 0x1B05, 0x2446, 0x1D47, 0x2DC9, 0x3E8B, 0x47AD,
    0x4FEE, 0x5FEF, 0x67D0, 0x6FF1, 0x6FF1, 0x67F0, 0x57EF, 0x4FCE, 0x572E, 0x65CE, 0x650D, 0x4D0B,
    0x452B, 0x34A8, 0x1BE6, 0x1C06, 0x2447, 0x2427, 0x1BE6, 0x1BA5, 0x1365, 0x1365, 0x1344, 0x0B04,
    0x02C2, 0x1BC6, 0x3D0A, 0x1C86, 0x03E2, 0x0403, 0x0423, 0x04A4, 0x05A5, 0x0E66, 0x1EA8, 0x362A,
    0x3D6A, 0x24C7, 0x0444, 0x03E3, 0x0403, 0x0CC5, 0x3DAA, 0x4D8C, 0x2C88, 0x2447, 0x2447, 0x2467,
    0x2467, 0x1C26, 0x1BC6, 0x1385, 0x1385, 0x1365, 0x0323, 0x0B44, 0x2C07, 0x3CEA, 0x24C7, 0x0423,
    0x14C6, 0x3E0B, 0x472D, 0x4FCE, 0x57EF, 0x4FEE, 0x2FAB, 0x1748, 0x0646, 0x04E3, 0x1445, 0x446A,
    0x33A8, 0x0BE4, 0x0D06, 0x2CE8, 0x3448, 0x0C05, 0x03E3, 0x03E2, 0x03C3, 0x03C3, 0x03E3, 0x03E3,
    0x03E3, 0x03A3, 0x0383, 0x0C84, 0x0CC4, 0x0363, 0x0241, 0x0221, 0x0262, 0x0221, 0x0221, 0x1B05,
    0x2C67, 0x1CC6, 0x0402, 0x03E3, 0x0464, 0x0524, 0x05E6, 0x1E28, 0x35AA, 0x2CE9, 0x1466, 0x0403,
    0x03C1, 0x0C24, 0x3CC9, 0x3469, 0x1BC6, 0x1BC6, 0x1BE6, 0x1BC6, 0x13A5, 0x1364, 0x0B24, 0x1365,
    0x2C68, 0x2CA8, 0x03C2, 0x03A2, 0x03E4, 0x0403, 0x0443, 0x14C6, 0x2D69, 0x464C, 0x4F2D, 0x4FCE,
    0x57EF, 0x5FD0, 0x5FF0, 0x4FEE, 0x4F2D, 0x5DCE, 0x544C, 0x43EA, 0x446A, 0x23E7, 0x0B44, 0x1364,
    0x1385, 0x1385, 0x1385, 0x0B44, 0x1BC6, 0x454B, 0x2DA9, 0x1587, 0x2DE9, 0x3E6C, 0x470D, 0x4F8E,
    0x57CF, 0x67F0, 0x67D1, 0x57EF, 0x37EB, 0x1768, 0x0685, 0x25E8, 0x556D, 0x3408, 0x0303, 0x0B64,
    0x1365, 0x0B44, 0x0B03, 0x02E3, 0x02C2, 0x02A2, 0x02A2, 0x0241, 0x01A0, 0x2B05, 0x44AA, 0x1C86,
    0x0423, 0x0403, 0x0443, 0x04A4, 0x0524, 0x05C5, 0x0E46, 0x2628, 0x35AA, 0x2D08, 0x0C85, 0x0443,
    0x0C64, 0x34A9, 0x650E, 0x5D6D, 0x4DCC, 0x55CD, 0x3CEA, 0x1C46, 0x2487, 0x24C8, 0x24A8, 0x2487,
    0x2447, 0x2427, 0x2427, 0x13A5, 0x1BC6, 0x4D0B, 0x558C, 0x2D28, 0x04E3, 0x05C4, 0x0F48, 0x27CA,
    0x47CD, 0x5FD0, 0x5FD0, 0x4FEE, 0x2FCB, 0x0EA7, 0x0DA6, 0x3569, 0x55CC, 0x3D8A, 0x1D27, 0x25A8,
    0x2DC9, 0x2568, 0x2527, 0x1CE7, 0x24A7, 0x2487, 0x2447, 0x2406, 0x1C06, 0x2406, 0x1BE6, 0x0B64,
    0x23E7, 0x4D2C, 0x5DAD, 0x45AA, 0x2546, 0x0D25, 0x0544, 0x0584, 0x05C5, 0x05A5, 0x0504, 0x0484,
    0x2C08, 0x03E4, 0x03A2, 0x0361, 0x13A4, 0x3C28, 0x546B, 0x3C09, 0x0B44, 0x0B64, 0x02C2, 0x0261,
    0x3C29, 0x6DCF, 0x4D8C, 0x1424, 0x0381, 0x0404, 0x0404, 0x03E3, 0x03E3, 0x03E3, 0x0403, 0x0423,
    0x0463, 0x0464, 0x1445, 0x1425, 0x1425, 0x0444, 0x0423, 0x03E3, 0x03E3, 0x0423, 0x0423, 0x0404,
    0x0C44, 0x3D6A, 0x6E0F, 0x3CA9, 0x0B44, 0x1385, 0x1365, 0x0B24, 0x0B24, 0x0B03, 0x02E3, 0x02C2,
    0x0261, 0x1B44, 0x3CC9, 0x1CA6, 0x03E2, 0x0403, 0x0404, 0x04C3, 0x05E5, 0x0EC7, 0x26E9, 0x3EAB,
    0x460C, 0x3D6B, 0x2508, 0x0444, 0x0403, 0x2467, 0x3CAA, 0x3469, 0x1BE6, 0x1BE6, 0x23E6, 0x1BA6,
    0x1BA6, 0x1344, 0x0303, 0x23A6, 0x3489, 0x1CA6, 0x0423, 0x03E2, 0x04C4, 0x0605, 0x0F07, 0x2FAA,
    0x3FEC, 0x476D, 0x468C, 0x3DAA, 0x1CC6, 0x0423, 0x2CE8, 0x4D8C, 0x2D29, 0x1D27, 0x2548, 0x2528,
    0x24E8, 0x24A7, 0x2447, 0x2427, 0x2407, 0x23E6, 0x1385, 0x2407, 0x556C, 0x4DEC, 0x2DA9, 0x1DA7,
    0x1E48, 0x372B, 0x47CD, 0x4FEF, 0x47EE, 0x2FEB, 0x0706, 0x0E26, 0x45EC, 0x454B, 0x2507, 0x2568,
    0x25A9, 0x25C9, 0x25E9, 0x25E9, 0x25E9, 0x25C9, 0x25E9, 0x25E9, 0x25C9, 0x25A8, 0x2568, 0x2528,
    0x2CE8, 0x2487, 0x1406, 0x44EA, 0x5DAD, 0x2508, 0x04C4, 0x0544, 0x0666, 0x0F27, 0x1F89, 0x3FCC,
    0x47EE, 0x47CE, 0x474D, 0x464C, 0x3529, 0x1485, 0x03E2, 0x03E2, 0x0CC5, 0x3DCB, 0x55AD, 0x2CA8,
    0x1CA6, 0x2528, 0x2568, 0x25A8, 0x25C9, 0x25C9, 0x25A8, 0x25A8, 0x2568, 0x2548, 0x2527, 0x2D08,
    0x4DAC, 0x4E2D, 0x0E46, 0x06E6, 0x1768, 0x06C5, 0x1606, 0x3DAA, 0x4DAC, 0x2D29, 0x14C5, 0x1D07,
    0x2DA9, 0x362A, 0x3E8C, 0x3E8B, 0x2E4A, 0x2609, 0x2548, 0x2487, 0x2407, 0x1BC5, 0x13A5, 0x2407,
    0x5D6E, 0x6E0F, 0x1485, 0x0402, 0x2448, 0x4BEA, 0x542B, 0x3D0A, 0x2D89, 0x2D69, 0x44CA, 0x4C0A,
    0x2BE8, 0x0C24, 0x0403, 0x0423, 0x0424, 0x0BA4, 0x3468, 0x55CD, 0x560E, 0x354A, 0x1C66, 0x1C47,
    0x2447, 0x2406, 0x1BE6, 0x1BC6, 0x1385, 0x0B64, 0x0B24, 0x23A6, 0x3D0A, 0x24E8, 0x03C2, 0x03E3,
    0x0444, 0x04E4, 0x0605, 0x0EC7, 0x1F29, 0x2F2B, 0x468C, 0x45AB, 0x2D08, 0x1486, 0x0423, 0x03C1,
    0x1CA6, 0x4DCC, 0x3D0A, 0x2467, 0x2446, 0x2447, 0x2427, 0x1C07, 0x1BC6, 0x1385, 0x1364, 0x1344,
    0x02E3, 0x02A2, 0x1304, 0x2426, 0x2567, 0x2DEA, 0x3EAC, 0x47AD, 0x47EE, 0x57CF, 0x67D0, 0x6FF1,
    0x6FD1, 0x67D0, 0x57EF, 0x47ED, 0x3FAC, 0x3EAB, 0x35CA, 0x356A, 0x454B, 0x3CE9, 0x1C46, 0x1C67,
    0x24A8, 0x2467, 0x2427, 0x23E6, 0x1C26, 0x1C26, 0x13E5, 0x0B44, 0x0B04, 0x2C07, 0x3D2A, 0x1485,
    0x03C2, 0x0423, 0x0464, 0x0544, 0x0665, 0x1708, 0x272A, 0x3ECB, 0x45CB, 0x3509, 0x14A6, 0x0403,
    0x03E2, 0x0C84, 0x3D8B, 0x458C, 0x24A7, 0x1CA7, 0x24C8, 0x24C8, 0x24A7, 0x2447, 0x2406, 0x1BC6,
    0x1BA6, 0x1B85, 0x13A5, 0x0B44, 0x1344, 0x448A, 0x452A, 0x14A5, 0x0D05, 0x1E48, 0x376C, 0x4FEE,
    0x5FF0, 0x5FF0, 0x3FCD, 0x1FAA, 0x06E6, 0x0564, 0x24A7, 0x54CC, 0x33C8, 0x0B64, 0x0C65, 0x0D45,
    0x0504, 0x0402, 0x03A3, 0x03A3, 0x03C3, 0x03E3, 0x0403, 0x0403, 0x03C3, 0x03C3, 0x0403, 0x0CC4,
    0x0C24, 0x0262, 0x0221, 0x02A2, 0x0282, 0x0261, 0x0262, 0x12C4, 0x2C47, 0x24C7, 0x0403, 0x03E2,
    0x0444, 0x04E4, 0x0606, 0x1688, 0x364A, 0x458A, 0x2D09, 0x1486, 0x03E2, 0x0BE3, 0x3CA9, 0x3469,
    0x2407, 0x1C06, 0x1C06, 0x1BE6, 0x1BC6, 0x1385, 0x1364, 0x1B86, 0x3489, 0x2CA8, 0x03C2, 0x0382,
    0x03E4, 0x0403, 0x0464, 0x1CC7, 0x3D6A, 0x4E4C, 0x4F4D, 0x4FEE, 0x57EF, 0x5FCF, 0x57EE, 0x47ED,
    0x3F6C, 0x3E2C, 0x34C9, 0x3469, 0x44AB, 0x2C07, 0x0B64, 0x1BA5, 0x1BC6, 0x1BC6, 0x1BC6, 0x0B84,
    0x1BA6, 0x44EB, 0x45AB, 0x25A8, 0x1586, 0x25A8, 0x3E6B, 0x3F0C, 0x47AD, 0x57EF, 0x5FCF, 0x4FEE,
    0x2FCB, 0x0F27, 0x0E66, 0x35C9, 0x44EB, 0x23E7, 0x0B64, 0x1385, 0x1385, 0x1364, 0x0B24, 0x0B03,
    0x02E3, 0x02C2, 0x02C2, 0x0261, 0x01C0, 0x2305, 0x3C89, 0x1CA6, 0x0443, 0x03E2, 0x0423, 0x0464,
    0x04C4, 0x0585, 0x0626, 0x1E08, 0x358A, 0x2D08, 0x0C85, 0x03E3, 0x0403, 0x1465, 0x34C9, 0x3D4A,
    0x3DAA, 0x4DAC, 0x34C9, 0x1C26, 0x24A7, 0x24E8, 0x24C7, 0x24A7, 0x2467, 0x2467, 0x2468, 0x1C07,
    0x1BC6, 0x2C28, 0x556D, 0x5DED, 0x1525, 0x05C4, 0x0F48, 0x27CA, 0x3FCC, 0x47EE, 0x47EE, 0x37EC,
    0x1789, 0x0645, 0x2DE9, 0x560D, 0x3D8A, 0x2568, 0x2588, 0x25C9, 0x25E9, 0x25A8, 0x2568, 0x2548,
    0x2548, 0x2528, 0x24E8, 0x2467, 0x2427, 0x2427, 0x2427, 0x1C06, 0x13A5, 0x23E7, 0x5D4D, 0x7630,
    0x5E0E, 0x356A, 0x14E5, 0x04E3, 0x0524, 0x0524, 0x04A4, 0x0444, 0x1BA6, 0x03C3, 0x13E4, 0x3448,
    0x54AC, 0x54CC, 0x3C29, 0x1BA5, 0x1384, 0x1365, 0x0B03, 0x02A2, 0x1B66, 0x5D4E, 0x6E50, 0x2486,
    0x0360, 0x0404, 0x0404, 0x03E3, 0x03E3, 0x03E4, 0x0423, 0x0463, 0x0C65, 0x2427, 0x3BE9, 0x43C9,
    0x3BE9, 0x2C07, 0x1425, 0x0424, 0x0403, 0x0424, 0x03E2, 0x03C1, 0x24C6, 0x55ED, 0x5DCE, 0x2C27,
    0x0B44, 0x1BC6, 0x1BC6, 0x1344, 0x1304, 0x0B04, 0x0B23, 0x0B03, 0x0282, 0x1345, 0x3CC9, 0x1CA6,
    0x0402, 0x0403, 0x0423, 0x0504, 0x0625, 0x1728, 0x2F8A, 0x3F6C, 0x46EC, 0x464C, 0x3D8A, 0x14C5,
    0x0C84, 0x34E8, 0x3CCA, 0x2C89, 0x1C46, 0x1C46, 0x2407, 0x1BE6, 0x1CA7, 0x1526, 0x0CE5, 0x2CE8,
    0x3CEA, 0x1CA6, 0x0424, 0x0443, 0x0544, 0x0686, 0x1F69, 0x3FCC, 0x4FEF, 0x4FCE, 0x3F4C, 0x2E4A,
    0x1D47, 0x0CC5, 0x3549, 0x4DAC, 0x2548, 0x1D88, 0x25A8, 0x1D27, 0x2507, 0x2D48, 0x2D89, 0x2DC9,
    0x25A9, 0x2D68, 0x2487, 0x1BC6, 0x2C08, 0x4D2B, 0x5DEE, 0x4E0C, 0x1DE8, 0x0E46, 0x1F49, 0x37EC,
    0x37ED, 0x27CA, 0x0EC6, 0x1DE7, 0x4DCC, 0x3D6A, 0x1D67, 0x25C9, 0x2609, 0x2609, 0x2609, 0x2609,
    0x25E9, 0x1DC8, 0x1DC8, 0x1DC8, 0x1DC8, 0x25E8, 0x25C8, 0x2568, 0x2D48, 0x1CE7, 0x1466, 0x3D0A,
    0x55AD, 0x3D8A, 0x1566, 0x05E4, 0x0EE7, 0x1FAA, 0x37CC, 0x57CF, 0x5FF0, 0x4FEE, 0x3F6D, 0x3E6C,
    0x3569, 0x14A5, 0x03C1, 0x0403, 0x3D8A, 0x4DCC, 0x3509, 0x1CC7, 0x1CE7, 0x1D27, 0x1D87, 0x25C8,
    0x2609, 0x25E9, 0x25E9, 0x25E8, 0x25C9, 0x25C9, 0x2588, 0x1547, 0x45AB, 0x664F, 0x35E9, 0x05C4,
    0x05A2, 0x0583, 0x35C9, 0x55ED, 0x2D49, 0x14C6, 0x1D27, 0x3E2B, 0x4ECD, 0x46CD, 0x3E6B, 0x25E9,
    0x1DA7, 0x1DC7, 0x2628, 0x2E09, 0x2508, 0x2427, 0x1BA6, 0x0B84, 0x44CB, 0x7610, 0x3569, 0x1C26,
    0x3BC9, 0x544C, 0x3D2A, 0x1627, 0x0E86, 0x0E67, 0x25A8, 0x448A, 0x440A, 0x2447, 0x0C24, 0x03C1,
    0x03A1, 0x1445, 0x4DCC, 0x668F, 0x35CA, 0x1D07, 0x24C7, 0x2446, 0x2406, 0x2407, 0x2407, 0x1BE6,
    0x1BA6, 0x1384, 0x1365, 0x2C08, 0x3D2A, 0x24C7, 0x03C2, 0x0403, 0x04C4, 0x05A5, 0x06A6, 0x1768,
    0x2FAA, 0x3FAC, 0x472C, 0x464C, 0x356A, 0x1CC7, 0x0444, 0x03C2, 0x2CC7, 0x55ED, 0x3529, 0x1C86,
    0x24A7, 0x24A7, 0x2487, 0x2427, 0x1BA6, 0x1B45, 0x1344, 0x1344, 0x0B23, 0x02E3, 0x1304, 0x1C06,
    0x2567, 0x2DEA, 0x3ECC, 0x47CD, 0x47EE, 0x4FCF, 0x5FD0, 0x6FF1, 0x6FD1, 0x5FD0, 0x4FEE, 0x3FED,
    0x2FCA, 0x1708, 0x1627, 0x2D88, 0x458C, 0x3D2A, 0x1CA6, 0x1CE7, 0x24E8, 0x2487, 0x24A7, 0x2568,
    0x1E08, 0x1E07, 0x1586, 0x14A6, 0x1385, 0x3428, 0x454A, 0x1465, 0x03C2, 0x0444, 0x0504, 0x0605,
    0x0F07, 0x2789, 0x37CB, 0x3F6C, 0x466C, 0x3D8B, 0x24E7, 0x0423, 0x0403, 0x24A6, 0x458B, 0x3D8B,
    0x1CE7, 0x2528, 0x2D68, 0x24E7, 0x1CA7, 0x2487, 0x2487, 0x24A8, 0x2467, 0x23E6, 0x1BA6, 0x1365,
    0x1364, 0x23E6, 0x3CC9, 0x456B, 0x2587, 0x0605, 0x1748, 0x37EC, 0x4FEF, 0x57EF, 0x47EE, 0x1FCA,
    0x06E5, 0x15C6, 0x452A, 0x4CEB, 0x2C08, 0x0B64, 0x1384, 0x0C25, 0x04E5, 0x0504, 0x0423, 0x0383,
    0x03C3, 0x0403, 0x0423, 0x03E3, 0x0362, 0x03E3, 0x0CE4, 0x0C44, 0x0B03, 0x0242, 0x0262, 0x02C2,
    0x02C3, 0x02A2, 0x0282, 0x0AE3, 0x2C47, 0x2CC8, 0x0403, 0x03C2, 0x0444, 0x0524, 0x0646, 0x1709,
    0x370B, 0x468C, 0x45CB, 0x2D29, 0x0C64, 0x0C44, 0x3CC9, 0x3CA9, 0x2447, 0x2447, 0x2447, 0x2427,
    0x23E6, 0x1BA5, 0x1B85, 0x23E7, 0x34A9, 0x2CA7, 0x03C3, 0x0382, 0x0404, 0x0444, 0x14A6, 0x2CE9,
    0x458B, 0x4E8D, 0x476D, 0x47EE, 0x4FEE, 0x4FCE, 0x47CD, 0x3FEC, 0x2F6B, 0x1E08, 0x1D27, 0x34E9,
    0x4CEB, 0x3448, 0x13A6, 0x1BE6, 0x2407, 0x2406, 0x2427, 0x1BE6, 0x1BC5, 0x2C07, 0x554C, 0x662E,
    0x460B, 0x25A8, 0x15A6, 0x1668, 0x2F4A, 0x3FED, 0x47CD, 0x3FED, 0x27AA, 0x06E6, 0x1647, 0x3D8A,
    0x3CAA, 0x23E7, 0x13A5, 0x1BC5, 0x1BA5, 0x1365, 0x0B44, 0x0B23, 0x0B03, 0x02C2, 0x02C3, 0x0281,
    0x0200, 0x2325, 0x3C89, 0x1CC7, 0x0443, 0x03E2, 0x0403, 0x0423, 0x04A4, 0x0564, 0x0626, 0x1E28,
    0x35AA, 0x2D29, 0x1CA6, 0x0424, 0x03E2, 0x0403, 0x0C65, 0x1D07, 0x358A, 0x4D6C, 0x34A9, 0x1425,
    0x24A7, 0x24C7, 0x1CC7, 0x2D49, 0x35CA, 0x2E0A, 0x2DE9, 0x2DE9, 0x2548, 0x1C46, 0x3C89, 0x656E,
    0x4DCC, 0x1E07, 0x0664, 0x0F47, 0x27EB, 0x2FEB, 0x27CA, 0x0F47, 0x06A6, 0x2E29, 0x4E0C, 0x45CC,
    0x2568, 0x2588, 0x2DC9, 0x1DA8, 0x1D87, 0x25C9, 0x364B, 0x3E8B, 0x2E6A, 0x2E49, 0x2629, 0x25C9,
    0x2508, 0x2467, 0x1C26, 0x2447, 0x1C26, 0x1BE6, 0x2C27, 0x3CAA, 0x554D, 0x65EF, 0x65EE, 0x3549,
    0x0483, 0x0442, 0x0484, 0x0423, 0x3CA9, 0x3509, 0x452A, 0x554C, 0x552D, 0x44AA, 0x2406, 0x13A5,
    0x1BA5, 0x1B85, 0x0B44, 0x0B23, 0x02C2, 0x44AB, 0x86B3, 0x3D2A, 0x0381, 0x03E3, 0x0404, 0x0404,
    0x03E3, 0x0403, 0x0443, 0x0C65, 0x2C08, 0x4BEA, 0x4C0B, 0x4C2B, 0x442A, 0x43EA, 0x33E8, 0x1C06,
    0x0C44, 0x0C44, 0x03A2, 0x03A2, 0x4D8B, 0x6E50, 0x3D0A, 0x1C87, 0x1D07, 0x1D67, 0x1D67, 0x14C6,
    0x13C5, 0x1344, 0x0B24, 0x0B44, 0x02C2, 0x1365, 0x3CC9, 0x1CA6, 0x0402, 0x0403, 0x0463, 0x0544,
    0x0686, 0x1F69, 0x37CC, 0x47CD, 0x47AD, 0x3F2C, 0x364B, 0x1546, 0x1506, 0x3D6A, 0x3D2A, 0x24C8,
    0x24A7, 0x2467, 0x24A7, 0x2548, 0x1DC8, 0x0DA6, 0x0545, 0x25C9, 0x45EB, 0x2CE8, 0x0C03, 0x0462,
    0x05E5, 0x0F07, 0x27AA, 0x4FCE, 0x5FF0, 0x57EF, 0x3FAD, 0x1EA8, 0x15A6, 0x2D68, 0x458B, 0x3D8A,
    0x1D47, 0x1567, 0x2588, 0x2DC9, 0x360A, 0x2E2A, 0x2628, 0x1E07, 0x15E7, 0x15C7, 0x1DA7, 0x2507,
    0x1C67, 0x2C68, 0x450B, 0x55AD, 0x45EC, 0x2E08, 0x1667, 0x0F07, 0x1788, 0x0F47, 0x0645, 0x1DA7,
    0x4DEB, 0x35CA, 0x1DC8, 0x2608, 0x2629, 0x2608, 0x25E8, 0x1DC8, 0x25C8, 0x2DE9, 0x2E2A, 0x364A,
    0x2E2A, 0x2609, 0x1DE8, 0x1DA8, 0x2588, 0x2548, 0x1CE7, 0x24E8, 0x456B, 0x5E0D, 0x25E8, 0x0624,
    0x1768, 0x2FEC, 0x47CD, 0x5FD0, 0x5FF0, 0x4FEF, 0x3F8C, 0x2EAA, 0x1D67, 0x0484, 0x1465, 0x3D09,
    0x55CD, 0x3D6A, 0x14C6, 0x1D27, 0x2DC9, 0x2E2A, 0x2E49, 0x2608, 0x1DC8, 0x25E8, 0x2629, 0x2609,
    0x2609, 0x2E09, 0x25C8, 0x1D87, 0x2DA9, 0x4E0C, 0x5E2E, 0x3DCA, 0x2D66, 0x3DA9, 0x4DEC, 0x3D8A,
    0x1D07, 0x2588, 0x466C, 0x468C, 0x3E6B, 0x2E09, 0x1DC7, 0x0D85, 0x0565, 0x0565, 0x0DA6, 0x1DE7,
    0x25C8, 0x2D48, 0x2467, 0x0BA5, 0x2407, 0x556C, 0x5E2E, 0x3CCA, 0x3367, 0x4C2B, 0x3DAA, 0x0E87,
    0x0EC7, 0x0EA7, 0x1DE8, 0x44AA, 0x43CA, 0x1BC6, 0x0403, 0x0C02, 0x2C66, 0x55AC, 0x5EAF, 0x466C,
    0x1DA8, 0x1526, 0x2548, 0x2548, 0x2507, 0x2467, 0x2406, 0x23E7, 0x1BE6, 0x13A5, 0x1BA6, 0x3469,
    0x454B, 0x24C6, 0x03C2, 0x0443, 0x0545, 0x0645, 0x0F27, 0x27AA, 0x47ED, 0x4FEE, 0x47AD, 0x3EEC,
    0x3E0B, 0x1D07, 0x0464, 0x1465, 0x3D4A, 0x4DCC, 0x2548, 0x1506, 0x2528, 0x2508, 0x2487, 0x2426,
    0x2426, 0x1C06, 0x1BC6, 0x1345, 0x0B04, 0x0B03, 0x1325, 0x1C06, 0x2547, 0x35EA, 0x3ECC, 0x47CD,
    0x47ED, 0x4FEE, 0x5FD0, 0x6FF1, 0x6FF1, 0x5FF0, 0x47CE, 0x37EC, 0x1F89, 0x06A5, 0x1606, 0x45EB,
    0x4D8C, 0x2D29, 0x1D07, 0x1D27, 0x2507, 0x2507, 0x25C8, 0x1E28, 0x15C6, 0x0D66, 0x0D65, 0x0D46,
    0x1C87, 0x3CAA, 0x452A, 0x1445, 0x03E2, 0x04C4, 0x05A5, 0x06A6, 0x1F69, 0x37CC, 0x47ED, 0x47CD,
    0x470D, 0x3E2B, 0x2D49, 0x0443, 0x0C64, 0x454A, 0x456B, 0x2D48, 0x1D27, 0x1D47, 0x2568, 0x2569,
    0x2D89, 0x25A8, 0x25A8, 0x1D87, 0x1D67, 0x1D07, 0x24A7, 0x2427, 0x1BA6, 0x1385, 0x2407, 0x450B,
    0x3D8A, 0x2608, 0x16C7, 0x1769, 0x27AA, 0x27AA, 0x1F89, 0x0F27, 0x0E66, 0x460B, 0x55AD, 0x34C9,
    0x1C47, 0x1BE6, 0x1B85, 0x1345, 0x0BE5, 0x0CA5, 0x0CC4, 0x0444, 0x03C3, 0x03A3, 0x03A3, 0x03A3,
    0x03C3, 0x0484, 0x0CE5, 0x0B83, 0x0A62, 0x0AA3, 0x0AE3, 0x0AE3, 0x0B03, 0x0B03, 0x02C3, 0x0AE3,
    0x2C48, 0x2CE8, 0x0423, 0x03E2, 0x0464, 0x0564, 0x06A6, 0x1F89, 0x3FAC, 0x476D, 0x46CC, 0x35EA,
    0x0D06, 0x14E6, 0x452A, 0x34E9, 0x1CA7, 0x24A7, 0x2487, 0x2447, 0x2426, 0x1BE6, 0x1BA6, 0x23E7,
    0x450B, 0x3CE9, 0x0382, 0x0361, 0x0424, 0x0464, 0x1CA7, 0x3D2A, 0x4DEC, 0x4EED, 0x47AD, 0x47EE,
    0x4FCE, 0x4FAE, 0x3F8C, 0x2F4A, 0x1687, 0x0D86, 0x35AA, 0x55AD, 0x44EA, 0x2427, 0x1BE6, 0x2426,
    0x2446, 0x1C26, 0x2447, 0x2447, 0x1C06, 0x1BE6, 0x3C89, 0x556D, 0x55CD, 0x4DCC, 0x35CA, 0x1E08,
    0x0E87, 0x1748, 0x27CA, 0x2FEC, 0x1FAA, 0x06C6, 0x1E27, 0x3D6A, 0x3CA9, 0x2427, 0x1BE6, 0x1BE6,
    0x1BC6, 0x1385, 0x1364, 0x0B44, 0x0B23, 0x0AE3, 0x0AE3, 0x02A2, 0x0240, 0x1B45, 0x3CAA, 0x1CC6,
    0x0443, 0x03E3, 0x0403, 0x0423, 0x0484, 0x0585, 0x0646, 0x1E68, 0x35EA, 0x3D6A, 0x2CE8, 0x0C85,
    0x0423, 0x03C3, 0x03E2, 0x14C5, 0x3589, 0x452B, 0x3489, 0x1405, 0x1C66, 0x24E8, 0x3569, 0x35EA,
    0x2E0A, 0x1DC8, 0x15C7, 0x1DE8, 0x25E8, 0x1D88, 0x2D08, 0x450A, 0x5D6D, 0x45EB, 0x2648, 0x0EA6,
    0x0EE6, 0x0EE7, 0x0EC6, 0x1667, 0x2E29, 0x4E0C, 0x45CC, 0x2589, 0x2588, 0x1D88, 0x1D68, 0x2588,
    0x2E0A, 0x3E6C, 0x3E6B, 0x2E4A, 0x1E08, 0x15C7, 0x15C7, 0x1DE7, 0x25C8, 0x2548, 0x24A7, 0x1C67,
    0x2467, 0x2467, 0x1405, 0x13E5, 0x2C68, 0x4D0B, 0x65CE, 0x65CE, 0x3509, 0x0C43, 0x03E2, 0x0403,
    0x5E2E, 0x666F, 0x5E2E, 0x458B, 0x24E8, 0x1466, 0x1C46, 0x2407, 0x1BC6, 0x1B85, 0x1385, 0x1365,
    0x0281, 0x23A7, 0x7E11, 0x65EF, 0x2486, 0x03C1, 0x03E2, 0x0424, 0x0403, 0x0443, 0x0464, 0x2427,
    0x4BEA, 0x5C2B, 0x3CEA, 0x2D69, 0x2D29, 0x448A, 0x4BEA, 0x43E9, 0x2427, 0x0424, 0x0403, 0x1C86,
    0x660F, 0x662F, 0x1CE7, 0x1DC8, 0x26A9, 0x1647, 0x0E07, 0x0DE7, 0x1526, 0x13E5, 0x1324, 0x1364,
    0x02E3, 0x1B85, 0x3CEA, 0x24C7, 0x0403, 0x0403, 0x0484, 0x05A5, 0x06C7, 0x27AA, 0x47ED, 0x57EF,
    0x4FEE, 0x3FCC, 0x2F0A, 0x0DC6, 0x1D67, 0x4DCC, 0x3D8A, 0x1D07, 0x24E8, 0x24E8, 0x25A8, 0x2689,
    0x15C7, 0x04A4, 0x0463, 0x1566, 0x3E4B, 0x4DAC, 0x2485, 0x0481, 0x0645, 0x1768, 0x2FCB, 0x4FEE,
    0x5FEF, 0x4FEE, 0x2FCC, 0x0EC7, 0x1DE7, 0x4DCC, 0x3D6B, 0x1D27, 0x1D47, 0x1D67, 0x2DC9, 0x468C,
    0x3ECC, 0x2E8A, 0x15E7, 0x0D65, 0x0D25, 0x0545, 0x15E6, 0x1E28, 0x25C8, 0x1CC7, 0x1446, 0x2CC8,
    0x5DCD, 0x5E2E, 0x2DE9, 0x0E26, 0x0685, 0x0664, 0x0DA6, 0x2D89, 0x4E0B, 0x2E0A, 0x15E8, 0x2608,
    0x25E8, 0x25C8, 0x25A8, 0x25C8, 0x2E2A, 0x3EAC, 0x470D, 0x4F2E, 0x470D, 0x36AB, 0x2629, 0x1DE8,
    0x1DC8, 0x25A8, 0x2587, 0x1D26, 0x3549, 0x6E2F, 0x462A, 0x0625, 0x0F48, 0x2FEB, 0x3FED, 0x47EE,
    0x4FEE, 0x3FED, 0x2F8B, 0x1688, 0x0D45, 0x0CA5, 0x3D4A, 0x5DED, 0x3D6A, 0x1D07, 0x1D47, 0x2DE9,
    0x3ECC, 0x472D, 0x470D, 0x2E8A, 0x2608, 0x1E08, 0x2628, 0x2629, 0x2608, 0x25E9, 0x25C8, 0x25C8,
    0x1D87, 0x25A8, 0x5E4E, 0x7650, 0x6E2F, 0x6E4F, 0x45CB, 0x1D07, 0x2D88, 0x468C, 0x4F0D, 0x362A,
    0x0D66, 0x0564, 0x05C4, 0x0625, 0x0625, 0x05C5, 0x0524, 0x0524, 0x15C6, 0x2628, 0x2588, 0x2487,
    0x13E5, 0x2CA8, 0x6E50, 0x5DAE, 0x33E8, 0x43E9, 0x3CCA, 0x25A9, 0x25E8, 0x25C8, 0x352A, 0x444B,
    0x3BA9, 0x1BE6, 0x1445, 0x3529, 0x660E, 0x6ED0, 0x468C, 0x1DE7, 0x1DC7, 0x25E9, 0x2E2A, 0x2E8A,
    0x2669, 0x2588, 0x2487, 0x2427, 0x1C27, 0x1BE6, 0x23E6, 0x3C89, 0x4D8C, 0x2CE7, 0x03E1, 0x04A3,
    0x05E5, 0x06A6, 0x1F89, 0x3FCC, 0x57EF, 0x5FF0, 0x4FEE, 0x3F6C, 0x368B, 0x1546, 0x04A4, 0x3549,
    0x4DAC, 0x2D8A, 0x1D68, 0x1D87, 0x2588, 0x2528, 0x24C7, 0x24A7, 0x2527, 0x1D48, 0x1CE7, 0x1C06,
    0x1364, 0x0B24, 0x1B25, 0x2407, 0x2D48, 0x2DC9, 0x3E8B, 0x478D, 0x47CD, 0x4FCE, 0x5FF0, 0x6FF1,
    0x6FF1, 0x5FEF, 0x3FED, 0x27CA, 0x0F27, 0x0604, 0x2DC9, 0x5E0E, 0x454A, 0x1D07, 0x1D48, 0x1D27,
    0x2568, 0x2609, 0x2669, 0x15A6, 0x0443, 0x03E3, 0x0443, 0x04E4, 0x1D47, 0x3D8B, 0x4D4C, 0x1445,
    0x0421, 0x0545, 0x0646, 0x0F28, 0x2FCB, 0x4FCE, 0x5FEF, 0x57EE, 0x3F8D, 0x36AB, 0x25A8, 0x04A4,
    0x24E7, 0x55AD, 0x354A, 0x1CE6, 0x1D47, 0x1D67, 0x25A9, 0x362B, 0x36AB, 0x26A9, 0x1647, 0x0DA6,
    0x0D86, 0x0DC6, 0x15C7, 0x2528, 0x2447, 0x1BE6, 0x1BC6, 0x2427, 0x450B, 0x4DCC, 0x2E09, 0x1667,
    0x0EC6, 0x0EE6, 0x06A5, 0x0E26, 0x3E0A, 0x564E, 0x45EB, 0x24E7, 0x1C86, 0x2467, 0x1BE6, 0x1B65,
    0x1304, 0x0B64, 0x0C85, 0x0D05, 0x0424, 0x03E3, 0x03C3, 0x0403, 0x04E4, 0x0D05, 0x0BE4, 0x0AE3,
    0x0AA3, 0x0B04, 0x0B24, 0x0B24, 0x0B24, 0x1344, 0x0B03, 0x0B03, 0x2C48, 0x34E9, 0x0423, 0x03E2,
    0x0484, 0x05C5, 0x0F07, 0x2FCB, 0x4FEE, 0x4FEF, 0x3FAD, 0x2ECA, 0x15C6, 0x2548, 0x458B, 0x3549,
    0x1507, 0x2507, 0x24E7, 0x1C87, 0x2467, 0x2447, 0x1BE6, 0x1BC6, 0x4D2C, 0x556C, 0x0BE4, 0x0381,
    0x0423, 0x0C85, 0x2CC8, 0x456B, 0x4E6D, 0x476D, 0x3FED, 0x3FED, 0x478D, 0x4F4D, 0x3F0B, 0x1E48,
    0x0D86, 0x2D68, 0x5E0E, 0x5DEE, 0x24C8, 0x1466, 0x24C7, 0x2527, 0x2528, 0x1CE7, 0x1CA7, 0x2487,
    0x2487, 0x2467, 0x1C46, 0x1C46, 0x3CC9, 0x5D8E, 0x660F, 0x460B, 0x1DE7, 0x0665, 0x0F27, 0x1789,
    0x0F08, 0x0625, 0x1DE7, 0x458B, 0x34E9, 0x2467, 0x1C26, 0x2406, 0x1BC6, 0x1BA6, 0x1365, 0x1364,
    0x0B44, 0x0B03, 0x0B04, 0x02C2, 0x0261, 0x2366, 0x3CCA, 0x1CA6, 0x0423, 0x03E3, 0x0403, 0x0444,
    0x04C4, 0x05C5, 0x0E67, 0x1EA9, 0x366A, 0x45CB, 0x3D4A, 0x24E7, 0x0C85, 0x0403, 0x03A2, 0x1C85,
    0x456A, 0x44EB, 0x2C48, 0x1406, 0x1C26, 0x3549, 0x3E2B, 0x2E09, 0x1566, 0x0504, 0x0524, 0x0525,
    0x0DA6, 0x2649, 0x2629, 0x2568, 0x3D0A, 0x5D8D, 0x5E4E, 0x3609, 0x1DE6, 0x15C6, 0x15C6, 0x3DEA,
    0x560D, 0x45CB, 0x2588, 0x1D67, 0x2588, 0x1D47, 0x1D47, 0x360A, 0x46AD, 0x46AC, 0x2608, 0x0D85,
    0x0564, 0x0524, 0x0504, 0x0D45, 0x15E6, 0x1E08, 0x2588, 0x24C7, 0x2487, 0x24A7, 0x24C7, 0x1CA7,
    0x1425, 0x0BE4, 0x24A8, 0x55AD, 0x660E, 0x34E8, 0x03A2, 0x03C2, 0x468C, 0x364B, 0x2DC9, 0x2548,
    0x1D07, 0x1CC7, 0x1C67, 0x2447, 0x1C06, 0x1BA6, 0x1B65, 0x1B25, 0x0AA3, 0x0AC3, 0x3C49, 0x8692,
    0x662F, 0x03E2, 0x0360, 0x0403, 0x0444, 0x0463, 0x1445, 0x43E9, 0x540B, 0x44EA, 0x25E8, 0x1647,
    0x1E07, 0x2588, 0x3CAA, 0x542B, 0x3C09, 0x03A3, 0x1485, 0x662F, 0x662F, 0x35EA, 0x2668, 0x1E88,
    0x15A7, 0x0444, 0x03C3, 0x04A4, 0x0D85, 0x14E6, 0x1BE6, 0x1B65, 0x0B03, 0x1BA6, 0x44EB, 0x2CC8,
    0x0424, 0x0423, 0x04C4, 0x05E5, 0x0F07, 0x27AB, 0x4FEE, 0x67D0, 0x5FEF, 0x3FEC, 0x1F69, 0x1647,
    0x2DA9, 0x4DEC, 0x35AA, 0x1526, 0x1D07, 0x2E09, 0x2689, 0x15A6, 0x04C4, 0x0463, 0x0484, 0x0443,
    0x2527, 0x5E6E, 0x45AA, 0x0CE4, 0x0604, 0x0F47, 0x2FEB, 0x47ED, 0x4FEF, 0x37EC, 0x0F48, 0x1687,
    0x3E0A, 0x4DAC, 0x2D49, 0x14E6, 0x1D27, 0x3E2B, 0x4EED, 0x368B, 0x25E8, 0x1DA7, 0x25A8, 0x2D89,
    0x2D68, 0x2547, 0x1526, 0x0D66, 0x15E7, 0x2608, 0x2568, 0x1CC6, 0x2508, 0x45EB, 0x5E4D, 0x4E2C,
    0x25A7, 0x0D44, 0x35A9, 0x5E2E, 0x3E2B, 0x25E8, 0x1DC8, 0x25C8, 0x1D87, 0x1D67, 0x2E09, 0x46CC,
    0x4F6E, 0x4FAE, 0x47CE, 0x47CD, 0x47CE, 0x4FAE, 0x472D, 0x366B, 0x25E8, 0x1DC7, 0x25E9, 0x1D87,
    0x2568, 0x4E0D, 0x5E2E, 0x2E29, 0x0685, 0x0747, 0x27EB, 0x2FEB, 0x27CA, 0x1788, 0x06E6, 0x0E06,
    0x2D89, 0x4DAB, 0x4DCC, 0x3569, 0x1D07, 0x1D47, 0x2E0A, 0x4EED, 0x4EED, 0x468C, 0x4EED, 0x576F,
    0x472D, 0x2649, 0x1DE8, 0x2608, 0x2608, 0x25C8, 0x25A8, 0x25A8, 0x1D88, 0x1D68, 0x2D69, 0x4DCC,
    0x55ED, 0x3D8A, 0x2507, 0x2568, 0x4ECD, 0x46AC, 0x1DC7, 0x0DC5, 0x0625, 0x06A6, 0x0EE7, 0x0F07,
    0x1727, 0x0F07, 0x0EA6, 0x0605, 0x0565, 0x0DA6, 0x1E28, 0x2DC9, 0x1C86, 0x1425, 0x4D6B, 0x6E50,
    0x5DAE, 0x3C49, 0x2BA7, 0x3408, 0x3448, 0x3448, 0x3C09, 0x442A, 0x448A, 0x4D6B, 0x5E2E, 0x66AF,
    0x4EAD, 0x368A, 0x1E08, 0x1DE8, 0x2649, 0x3EEC, 0x470D, 0x2E89, 0x1E88, 0x26C9, 0x25C8, 0x24E7,
    0x1C67, 0x2447, 0x1C26, 0x2C88, 0x5DEE, 0x3D4A, 0x0402, 0x0504, 0x0646, 0x0F07, 0x27AA, 0x47ED,
    0x5FD0, 0x5FD0, 0x4FEE, 0x37AC, 0x1EC9, 0x0DA6, 0x1D27, 0x55CC, 0x4DCC, 0x1D47, 0x1D87, 0x25C8,
    0x25A8, 0x1D07, 0x2568, 0x2629, 0x1E48, 0x15E7, 0x15C7, 0x15C7, 0x14E6, 0x1385, 0x1B25, 0x2407,
    0x3549, 0x25A8, 0x362A, 0x570E, 0x4F8D, 0x47AD, 0x5FF0, 0x6FF1, 0x6FF1, 0x57EF, 0x3FEC, 0x1768,
    0x0665, 0x25E8, 0x4DCC, 0x4D6C, 0x2CE8, 0x1CE6, 0x2568, 0x1D47, 0x2E09, 0x36AB, 0x15A7, 0x04C3,
    0x04E4, 0x0504, 0x04A4, 0x0463, 0x0CE4, 0x3DEB, 0x5E0E, 0x1CA6, 0x0441, 0x05A5, 0x0EC7, 0x1F69,
    0x37CC, 0x57CF, 0x67D0, 0x57EE, 0x47ED, 0x1F09, 0x05A6, 0x1D47, 0x458B, 0x458C, 0x2D28, 0x14A5,
    0x1D06, 0x360A, 0x46AC, 0x3EAC, 0x2629, 0x15A6, 0x0D66, 0x1526, 0x0D05, 0x0CE5, 0x0D25, 0x15A7,
    0x25C8, 0x24E8, 0x1C27, 0x1C26, 0x2487, 0x3509, 0x458B, 0x45EB, 0x35E9, 0x25E8, 0x2DE9, 0x4E0C,
    0x564E, 0x3E2B, 0x25E8, 0x2567, 0x2507, 0x2487, 0x2427, 0x1BC6, 0x1B85, 0x1325, 0x1324, 0x0C05,
    0x0D45, 0x0DA6, 0x0D65, 0x0D85, 0x0DC6, 0x0D25, 0x0BA4, 0x0AE4, 0x1304, 0x1345, 0x1365, 0x1385,
    0x1385, 0x1B85, 0x1344, 0x0B24, 0x3469, 0x3CE9, 0x0C24, 0x0403, 0x04C4, 0x0605, 0x0F47, 0x37CC,
    0x57EF, 0x5FF0, 0x47ED, 0x1F69, 0x1667, 0x2DC9, 0x45CB, 0x2DA9, 0x1D87, 0x2568, 0x2528, 0x1CE7,
    0x1CA7, 0x2487, 0x1C26, 0x13E5, 0x3CCA, 0x65CE, 0x4D8C, 0x1444, 0x03C1, 0x0CA5, 0x3509, 0x4D8C,
    0x4EAD, 0x478D, 0x3FED, 0x3FAD, 0x4F4E, 0x46AC, 0x2E09, 0x1D67, 0x3DAA, 0x662F, 0x5E0E, 0x2D29,
    0x1CE6, 0x2588, 0x36AB, 0x36EB, 0x370B, 0x2E8A, 0x1D68, 0x1CE7, 0x1CE8, 0x24E7, 0x1CC7, 0x1C86,
    0x1CA7, 0x24C7, 0x3D4A, 0x55ED, 0x5E2D, 0x3E0A, 0x0DE6, 0x0624, 0x05E3, 0x0522, 0x2D88, 0x55ED,
    0x2D29, 0x1CA7, 0x1C87, 0x2447, 0x1C06, 0x1BC6, 0x1B85, 0x1365, 0x1365, 0x0B44, 0x1344, 0x0AE3,
    0x0281, 0x23A6, 0x3CCA, 0x1CA6, 0x0423, 0x03E3, 0x0403, 0x0464, 0x0524, 0x0625, 0x0EE7, 0x2729,
    0x370B, 0x468C, 0x45CB, 0x3529, 0x1CE7, 0x0464, 0x03A1, 0x2486, 0x4D6B, 0x3CAA, 0x1BE6, 0x1C06,
    0x2CE8, 0x35CA, 0x2DE9, 0x0D85, 0x05A4, 0x0626, 0x0646, 0x0645, 0x05E4, 0x0D65, 0x1DC7, 0x2E2A,
    0x3DEA, 0x3D4A, 0x452B, 0x55ED, 0x562E, 0x4DEC, 0x4DEC, 0x4DCB, 0x35AA, 0x2568, 0x1D67, 0x2547,
    0x1D06, 0x2548, 0x3E2B, 0x4EAD, 0x364A, 0x0DC6, 0x0605, 0x0666, 0x0686, 0x0EA6, 0x0E66, 0x05E5,
    0x0585, 0x0DA6, 0x1E07, 0x25C9, 0x2508, 0x1CA6, 0x24E7, 0x2507, 0x1CC6, 0x1CA7, 0x1486, 0x24E8,
    0x55ED, 0x55CD, 0x2487, 0x0381, 0x2669, 0x1627, 0x15A7, 0x1D67, 0x1D47, 0x2508, 0x24C8, 0x1C87,
    0x1C26, 0x1BE6, 0x1C06, 0x1C66, 0x1C86, 0x0BA4, 0x1324, 0x5D2E, 0x8692, 0x55AC, 0x1C65, 0x03A1,
    0x03E2, 0x0464, 0x2C48, 0x53EB, 0x4C8B, 0x25A8, 0x0E87, 0x06A6, 0x0EA6, 0x1E28, 0x452B, 0x4BEB,
    0x3387, 0x2446, 0x4DCC, 0x76B1, 0x462C, 0x1E28, 0x2EEA, 0x1586, 0x03E3, 0x0342, 0x0302, 0x0362,
    0x0464, 0x1546, 0x1CE7, 0x1BA6, 0x1324, 0x1BC6, 0x44CA, 0x454B, 0x1CA6, 0x03E1, 0x04C3, 0x0646,
    0x1748, 0x2FCB, 0x4FCE, 0x5FCF, 0x57EF, 0x37EC, 0x0F47, 0x1E68, 0x45EB, 0x45CB, 0x2568, 0x1546,
    0x2DA9, 0x368B, 0x2649, 0x0504, 0x04E3, 0x0565, 0x0565, 0x0482, 0x0CA4, 0x3E2A, 0x566D, 0x3DEB,
    0x1DE6, 0x0EA6, 0x0F68, 0x1789, 0x1F89, 0x0F27, 0x0EA7, 0x364A, 0x4DCC, 0x3549, 0x14C6, 0x1D27,
    0x3E2B, 0x46AD, 0x368B, 0x25E8, 0x25A8, 0x3DAA, 0x55ED, 0x5E2E, 0x5E2E, 0x55CD, 0x456B, 0x2548,
    0x1586, 0x1E48, 0x2E6A, 0x25A9, 0x1526, 0x1D67, 0x462C, 0x5E6E, 0x560D, 0x4DCC, 0x5E4E, 0x5E6E,
    0x2DE9, 0x1DA7, 0x2588, 0x1D47, 0x2568, 0x362A, 0x4F0D, 0x4FAE, 0x47CD, 0x37CC, 0x278A, 0x278A,
    0x27AA, 0x37CC, 0x47CD, 0x4F4D, 0x3E8B, 0x2609, 0x1DE8, 0x1DE8, 0x1DE8, 0x2DE9, 0x562D, 0x5E4E,
    0x2607, 0x0645, 0x06C6, 0x0EE7, 0x16E7, 0x16A8, 0x1E48, 0x35EA, 0x45CB, 0x4DCC, 0x356A, 0x1506,
    0x1506, 0x2DE9, 0x468C, 0x3E4B, 0x2D88, 0x1D27, 0x2588, 0x3E4B, 0x4F0D, 0x46ED, 0x2E49, 0x1DA7,
    0x1DC8, 0x25C8, 0x1D88, 0x1D68, 0x2568, 0x1D47, 0x1506, 0x1D27, 0x2528, 0x14A6, 0x2548, 0x466C,
    0x468C, 0x25C8, 0x0564, 0x0624, 0x0F27, 0x1789, 0x1FCA, 0x1FAA, 0x27AA, 0x1FAA, 0x1FA9, 0x0F27,
    0x0626, 0x0585, 0x0DC6, 0x2649, 0x25C9, 0x1CC7, 0x1CA7, 0x4DAC, 0x6E70, 0x55AD, 0x4CCB, 0x54AB,
    0x54AC, 0x54CC, 0x5D0D, 0x5D6D, 0x560D, 0x568E, 0x5ECE, 0x4EAD, 0x266A, 0x1607, 0x15C7, 0x2629,
    0x3ECC, 0x46CC, 0x2E09, 0x1566, 0x0D65, 0x15E7, 0x2669, 0x25C8, 0x1CA7, 0x24A7, 0x1466, 0x1C67,
    0x55AD, 0x55CD, 0x1CE6, 0x0523, 0x0624, 0x1769, 0x2FEB, 0x47ED, 0x57EF, 0x57EF, 0x3FED, 0x1FAA,
    0x0686, 0x1DC7, 0x45CB, 0x4DAC, 0x2D69, 0x1547, 0x1DA8, 0x25A8, 0x1D68, 0x2568, 0x25E9, 0x1E48,
    0x0D86, 0x04C4, 0x0505, 0x0D85, 0x15A7, 0x1CE7, 0x1385, 0x2BC7, 0x454B, 0x2DA8, 0x25C8, 0x362A,
    0x46ED, 0x4F8E, 0x5FEF, 0x67F1, 0x67D1, 0x4FEE, 0x2FEB, 0x0727, 0x0605, 0x45EB, 0x558D, 0x24C8,
    0x1CC7, 0x1CE6, 0x1D27, 0x2DCA, 0x3E6B, 0x2E4A, 0x0D65, 0x0543, 0x0606, 0x0E46, 0x05A5, 0x04E4,
    0x04A3, 0x2D88, 0x5E6E, 0x458B, 0x14E5, 0x05A3, 0x06E6, 0x27CA, 0x3FED, 0x57EF, 0x57EF, 0x47EE,
    0x27CB, 0x0EC7, 0x0DE6, 0x45CB, 0x4DAC, 0x2D08, 0x14A6, 0x1D07, 0x35EA, 0x468C, 0x3E8B, 0x2E29,
    0x25A8, 0x2588, 0x356A, 0x3D6A, 0x3529, 0x2D08, 0x1D06, 0x0D66, 0x0DE6, 0x1DE8, 0x2548, 0x1CA7,
    0x1466, 0x1CC7, 0x3549, 0x458B, 0x45AB, 0x45CB, 0x4DEC, 0x562D, 0x466C, 0x2629, 0x1607, 0x25C8,
    0x2548, 0x1CC7, 0x2447, 0x1C26, 0x1BA6, 0x1B25, 0x1325, 0x1445, 0x0D86, 0x0DA5, 0x0545, 0x0505,
    0x04E5, 0x0484, 0x0C25, 0x1426, 0x1BC6, 0x1B85, 0x1BA6, 0x1BE6, 0x1BC6, 0x1BC6, 0x1365, 0x1344,
    0x3C69, 0x450B, 0x1C86, 0x0402, 0x04A3, 0x0646, 0x1789, 0x3FEC, 0x57F0, 0x67F0, 0x3FEC, 0x0F67,
    0x1E68, 0x3DEA, 0x3E0B, 0x25E9, 0x1DC7, 0x1D87, 0x1D47, 0x1D27, 0x1D07, 0x24E7, 0x1C87, 0x1C46,
    0x1C67, 0x452B, 0x6E10, 0x456B, 0x1464, 0x0464, 0x34E9, 0x55CD, 0x4ECD, 0x47AD, 0x3FCD, 0x478D,
    0x4ECD, 0x3DEB, 0x2547, 0x358A, 0x5E0E, 0x5DEE, 0x2D29, 0x14E6, 0x25E8, 0x36AB, 0x36CB, 0x2669,
    0x2669, 0x2E89, 0x2E6A, 0x25A8, 0x1D27, 0x2528, 0x2548, 0x2528, 0x1D06, 0x14C5, 0x1D06, 0x358A,
    0x560D, 0x5E2E, 0x45EB, 0x2DC8, 0x2566, 0x2D48, 0x560D, 0x5E4E, 0x2568, 0x14E6, 0x24C7, 0x1C46,
    0x1C06, 0x1BE6, 0x1BC6, 0x1B86, 0x1365, 0x1344, 0x1365, 0x0B24, 0x02C2, 0x23C7, 0x3CEA, 0x1CC6,
    0x0423, 0x03C3, 0x0403, 0x04A4, 0x0584, 0x0686, 0x1748, 0x2F8A, 0x37AC, 0x3F4C, 0x468C, 0x3DAB,
    0x2D49, 0x0CA5, 0x0402, 0x2CC8, 0x556C, 0x2C68, 0x13A5, 0x2427, 0x358A, 0x2DE9, 0x0DA5, 0x0604,
    0x06A6, 0x1748, 0x1768, 0x0F48, 0x06A6, 0x0584, 0x0D24, 0x25A7, 0x364B, 0x35CA, 0x2D09, 0x3D2A,
    0x4D8C, 0x4DAC, 0x4D8B, 0x3549, 0x1D27, 0x1D27, 0x1D27, 0x2507, 0x1D07, 0x35EB, 0x46AC, 0x3629,
    0x0DA5, 0x0604, 0x06C6, 0x1748, 0x1FA9, 0x1FA9, 0x1F89, 0x1708, 0x0E46, 0x05C5, 0x0DE6, 0x2628,
    0x2DC9, 0x2527, 0x1CE7, 0x1D07, 0x2548, 0x2D69, 0x1D07, 0x0CC6, 0x2548, 0x4DEC, 0x55AC, 0x2466,
    0x1E48, 0x2649, 0x2649, 0x2608, 0x1DA8, 0x1D48, 0x1D07, 0x1CC7, 0x1C66, 0x1CA7, 0x1D47, 0x15C7,
    0x1607, 0x1506, 0x0BC4, 0x1B86, 0x5D2D, 0x8EF4, 0x5DEE, 0x1C65, 0x0402, 0x0C24, 0x3429, 0x53EC,
    0x44CB, 0x25E8, 0x0E67, 0x0E87, 0x1648, 0x25C9, 0x4CCB, 0x43A9, 0x2BE7, 0x5DCD, 0x76B0, 0x45EC,
    0x366A, 0x36AA, 0x25A8, 0x0C04, 0x0362, 0x03E3, 0x0404, 0x0383, 0x0343, 0x0CC4, 0x1D66, 0x2447,
    0x1B85, 0x1BA5, 0x3448, 0x558D, 0x456A, 0x0C23, 0x04C2, 0x0626, 0x1728, 0x27AA, 0x37CC, 0x3FCD,
    0x3FED, 0x1F89, 0x06A6, 0x3649, 0x4DEC, 0x2D69, 0x1506, 0x2588, 0x3E8C, 0x364A, 0x15A6, 0x05A5,
    0x0646, 0x0EC7, 0x0EA6, 0x0606, 0x0544, 0x0524, 0x3E4C, 0x66D0, 0x4DEB, 0x2608, 0x0E86, 0x06A6,
    0x0685, 0x0E46, 0x3609, 0x45CC, 0x356A, 0x14E6, 0x14E6, 0x3DEB, 0x4EED, 0x364A, 0x1546, 0x25A9,
    0x4E4D, 0x76B1, 0x86B2, 0x86D3, 0x8EB3, 0x8692, 0x7E92, 0x662F, 0x3D8A, 0x1D87, 0x2628, 0x368B,
    0x2E0A, 0x1547, 0x1587, 0x2E0A, 0x568E, 0x6ED0, 0x5E8E, 0x35EA, 0x1D67, 0x1D47, 0x1D47, 0x1D47,
    0x3E4B, 0x576E, 0x4FCE, 0x2FAB, 0x1708, 0x0EC6, 0x06A6, 0x06A6, 0x06C6, 0x0F07, 0x1F69, 0x3FCC,
    0x4F6E, 0x3EAC, 0x25E8, 0x1E08, 0x1E28, 0x15E7, 0x364B, 0x5E8E, 0x560D, 0x2DA8, 0x0DA5, 0x15E6,
    0x2608, 0x3DEA, 0x4DEC, 0x4DEC, 0x3D8A, 0x1D27, 0x1507, 0x1D27, 0x1D67, 0x364B, 0x3E4B, 0x0CE5,
    0x0463, 0x04A4, 0x0483, 0x04A4, 0x2DA8, 0x4F0E, 0x46CC, 0x25A8, 0x1D67, 0x1D68, 0x1D68, 0x2548,
    0x2527, 0x2527, 0x2528, 0x1CC7, 0x14A5, 0x1D07, 0x466C, 0x46CD, 0x1526, 0x0503, 0x0625, 0x0F07,
    0x1769, 0x1F8A, 0x27CA, 0x2FEB, 0x37CC, 0x37CC, 0x2FCB, 0x27CA, 0x1788, 0x0686, 0x0584, 0x15C7,
    0x2E6A, 0x2E0A, 0x14E6, 0x1CE7, 0x4DEC, 0x66B0, 0x6ED0, 0x668F, 0x666F, 0x668F, 0x66D0, 0x5EEF,
    0x56CE, 0x3E8B, 0x1E28, 0x15E7, 0x1DC7, 0x1DA8, 0x2609, 0x368B, 0x46CC, 0x2DE9, 0x04C3, 0x0503,
    0x04C3, 0x04A3, 0x15E7, 0x2628, 0x2568, 0x24E7, 0x14A6, 0x1CA7, 0x3529, 0x5DCE, 0x55ED, 0x1545,
    0x05E3, 0x1748, 0x27CA, 0x37CB, 0x3FEC, 0x37EC, 0x27CA, 0x0F27, 0x0E26, 0x3DEA, 0x55ED, 0x2D49,
    0x1526, 0x1D68, 0x25A8, 0x1D47, 0x1D47, 0x2E0A, 0x2E09, 0x1525, 0x0443, 0x03E3, 0x0404, 0x0403,
    0x0D25, 0x15E7, 0x1485, 0x2BE7, 0x4CEB, 0x3DCA, 0x25C8, 0x1D87, 0x362A, 0x470C, 0x47AD, 0x57CF,
    0x5FD0, 0x4FEE, 0x27AA, 0x06E7, 0x15E7, 0x45AB, 0x452A, 0x1486, 0x1CE7, 0x1D07, 0x1D07, 0x466C,
    0x3E6B, 0x1586, 0x0605, 0x06C6, 0x0F08, 0x16E8, 0x0EA7, 0x0626, 0x0503, 0x0D25, 0x3E2A, 0x664F,
    0x45AB, 0x0584, 0x06A5, 0x1FA9, 0x2FCB, 0x3FCC, 0x3FEC, 0x2FCB, 0x0F27, 0x0E67, 0x360A, 0x4DCC,
    0x352A, 0x14A6, 0x14C6, 0x3DEA, 0x4EED, 0x3E8B, 0x1DA7, 0x1D88, 0x3DEB, 0x666F, 0x6E90, 0x7671,
    0x7650, 0x660F, 0x4DCC, 0x2D49, 0x1526, 0x15E7, 0x2648, 0x2588, 0x2508, 0x1D07, 0x1547, 0x1D87,
    0x2DE9, 0x3E2B, 0x366B, 0x2649, 0x1E08, 0x1E08, 0x2609, 0x1DC8, 0x1D67, 0x2507, 0x1C87, 0x1C26,
    0x1BC6, 0x1BE6, 0x1CC6, 0x1546, 0x0CC5, 0x0463, 0x0423, 0x0403, 0x03E3, 0x0443, 0x04E5, 0x1526,
    0x1CC7, 0x1C46, 0x1C26, 0x1C46, 0x1C26, 0x2427, 0x1BC6, 0x13A5, 0x3448, 0x450B, 0x3D29, 0x1464,
    0x0482, 0x0646, 0x1768, 0x2FCB, 0x47EE, 0x3FED, 0x27AA, 0x0EC6, 0x3629, 0x460C, 0x2629, 0x1E48,
    0x1E28, 0x1DE8, 0x1DA8, 0x1D87, 0x1D47, 0x2527, 0x2507, 0x24E7, 0x1466, 0x1C67, 0x4D4B, 0x660F,
    0x45AB, 0x0C65, 0x24A7, 0x55CD, 0x4EAD, 0x476D, 0x47AD, 0x4F2D, 0x462C, 0x3549, 0x3549, 0x55ED,
    0x55ED, 0x1CE7, 0x0CA4, 0x25A8, 0x3ECC, 0x36AB, 0x1D87, 0x0CC4, 0x04A4, 0x1566, 0x2EAA, 0x2E6A,
    0x25A7, 0x1D88, 0x1D88, 0x1D88, 0x2588, 0x25A8, 0x1D87, 0x1566, 0x1DA8, 0x464C, 0x66AF, 0x664E,
    0x660E, 0x7650, 0x6EB0, 0x464C, 0x1D67, 0x1D06, 0x24E7, 0x1C87, 0x1C67, 0x1C66, 0x1C67, 0x1C06,
    0x1BA6, 0x1B65, 0x1B85, 0x1344, 0x02E3, 0x2BE8, 0x450B, 0x1CC7, 0x0423, 0x03E3, 0x0444, 0x0504,
    0x0605, 0x0EE7, 0x1F89, 0x37EC, 0x47ED, 0x47CD, 0x3F2C, 0x3E6B, 0x2DA9, 0x1506, 0x04A4, 0x3549,
    0x554C, 0x23E6, 0x13A5, 0x2CC8, 0x2DC9, 0x15E7, 0x0625, 0x0F48, 0x1FCA, 0x27AA, 0x27CA, 0x1FAA,
    0x1748, 0x06A7, 0x0543, 0x0483, 0x2568, 0x466C, 0x35EA, 0x1485, 0x0C25, 0x1CA6, 0x14A6, 0x1486,
    0x1CA7, 0x24E8, 0x1CA6, 0x1CC7, 0x35EA, 0x468C, 0x2E09, 0x0544, 0x05C3, 0x0F07, 0x1F89, 0x27AA,
    0x2FCB, 0x2FCB, 0x2FCB, 0x27CA, 0x1FA9, 0x0EC7, 0x05E5, 0x15C6, 0x2629, 0x2E09, 0x2547, 0x1D27,
    0x2568, 0x1D88, 0x2588, 0x2568, 0x14E6, 0x2D69, 0x5E0D, 0x55AC, 0x1E68, 0x1E89, 0x2669, 0x2628,
    0x1DE8, 0x1DA8, 0x1D27, 0x1CE7, 0x1D27, 0x1E28, 0x1607, 0x0D05, 0x04C4, 0x0D46, 0x1566, 0x1404,
    0x2386, 0x4CEC, 0x7E31, 0x7650, 0x3D69, 0x0C24, 0x1B86, 0x53CB, 0x54AC, 0x3D8A, 0x2DE9, 0x35EA,
    0x3D2A, 0x3C69, 0x2BA7, 0x3C49, 0x65EF, 0x6E91, 0x4E2D, 0x25A8, 0x3EAB, 0x3E4B, 0x0C44, 0x03C2,
    0x0403, 0x0424, 0x0444, 0x03C3, 0x0382, 0x0424, 0x1506, 0x2547, 0x2447, 0x1385, 0x1BE6, 0x452B,
    0x65CE, 0x4D8B, 0x1D05, 0x0563, 0x06A5, 0x0F67, 0x1FA9, 0x27AA, 0x0F67, 0x06A6, 0x1E08, 0x45EC,
    0x45AC, 0x1D27, 0x1506, 0x35CA, 0x468C, 0x25E8, 0x05A4, 0x0EC7, 0x1749, 0x1F69, 0x1748, 0x1708,
    0x0646, 0x0524, 0x1DC7, 0x3E4B, 0x4D8C, 0x55CC, 0x462C, 0x362A, 0x3609, 0x45EB, 0x45CC, 0x356A,
    0x1CC6, 0x14A5, 0x35EA, 0x4EAD, 0x2DE9, 0x0D66, 0x1D87, 0x460C, 0x6E90, 0x8ED3, 0x9714, 0x9F15,
    0xA735, 0x9F15, 0x9EF5, 0x8EB3, 0x7651, 0x45AB, 0x25A8, 0x2E29, 0x366B, 0x2DEA, 0x1526, 0x1546,
    0x2DC9, 0x2DA9, 0x2588, 0x1D67, 0x1D47, 0x14E6, 0x1D27, 0x3E4B, 0x578E, 0x47EE, 0x276A, 0x0EE7,
    0x0665, 0x0605, 0x05C5, 0x05C5, 0x05E5, 0x0625, 0x0686, 0x0F08, 0x37AC, 0x478E, 0x3EAB, 0x2609,
    0x1DE8, 0x1E28, 0x1E28, 0x2E29, 0x4E4D, 0x562D, 0x4E0C, 0x45EC, 0x45EB, 0x3DCB, 0x358A, 0x2548,
    0x1D27, 0x1D47, 0x1507, 0x1D27, 0x2DEA, 0x362A, 0x2588, 0x04E5, 0x0525, 0x15C7, 0x15C6, 0x0525,
    0x0D05, 0x2DC8, 0x46AC, 0x3E6C, 0x1D27, 0x14E6, 0x2548, 0x1D27, 0x1D07, 0x1D07, 0x2507, 0x1466,
    0x1CA6, 0x3E2C, 0x468C, 0x2588, 0x04A3, 0x0543, 0x0686, 0x0F27, 0x1F89, 0x27AA, 0x37EC, 0x47ED,
    0x47CE, 0x47CE, 0x3FED, 0x37EC, 0x27CA, 0x1768, 0x0666, 0x0564, 0x1DC7, 0x3E6B, 0x2DE9, 0x1D67,
    0x1D67, 0x2DE9, 0x3E6B, 0x3EAC, 0x3EAC, 0x36AB, 0x2E8A, 0x2E4A, 0x2629, 0x1DE8, 0x1DC7, 0x1DC7,
    0x1DA7, 0x1567, 0x362A, 0x46CD, 0x25E8, 0x0584, 0x05E4, 0x0666, 0x0646, 0x05A5, 0x0565, 0x1DE7,
    0x2E09, 0x1D27, 0x1CE7, 0x1D07, 0x14E6, 0x3D6A, 0x662F, 0x560D, 0x25E8, 0x0644, 0x0706, 0x1789,
    0x1789, 0x0F47, 0x06C5, 0x0E46, 0x462C, 0x4DED, 0x2D69, 0x1D27, 0x1D27, 0x1D47, 0x2568, 0x1D27,
    0x2548, 0x364A, 0x25C8, 0x0CA4, 0x0CE5, 0x1546, 0x0D26, 0x04A5, 0x0484, 0x0D05, 0x15C7, 0x1CE7,
    0x2C08, 0x554C, 0x5E2D, 0x3DCA, 0x1DC7, 0x1647, 0x274A, 0x47ED, 0x4FEE, 0x3FCC, 0x1768, 0x0EC7,
    0x2DE9, 0x3D4B, 0x34E9, 0x14A6, 0x14C6, 0x2528, 0x2DAA, 0x466C, 0x2E09, 0x05A4, 0x0EA6, 0x1F89,
    0x278A, 0x276A, 0x1F49, 0x0EE7, 0x05C5, 0x0544, 0x15C6, 0x4E2C, 0x662F, 0x45EB, 0x1646, 0x06C5,
    0x0727, 0x1748, 0x0F27, 0x06C6, 0x1667, 0x3E2A, 0x4DCC, 0x354A, 0x14A6, 0x14A6, 0x35CA, 0x4EAD,
    0x364B, 0x1587, 0x1D67, 0x4E0C, 0x6E90, 0x86D2, 0x96F3, 0x96F4, 0x96D4, 0x8EB4, 0x8672, 0x6E0F,
    0x45AC, 0x1D67, 0x1DE7, 0x366A, 0x2DE9, 0x1D67, 0x1DA7, 0x1DE8, 0x2628, 0x2649, 0x1E48, 0x1E28,
    0x1E08, 0x1DE8, 0x1DC8, 0x1DA8, 0x1D88, 0x1D47, 0x1CC7, 0x1C26, 0x1CC6, 0x25E8, 0x15A7, 0x04E5,
    0x04A4, 0x04C4, 0x0524, 0x0544, 0x0544, 0x0524, 0x0504, 0x0505, 0x1566, 0x25C8, 0x2507, 0x1C66,
    0x1C87, 0x1C87, 0x1C46, 0x1C46, 0x1C06, 0x34C9, 0x5DCD, 0x456A, 0x1D05, 0x05A4, 0x06A5, 0x0F88,
    0x17A9, 0x0F67, 0x0EA6, 0x25E8, 0x464C, 0x3E8B, 0x1648, 0x1E68, 0x370B, 0x3F2C, 0x36CB, 0x2609,
    0x1D87, 0x1D67, 0x2568, 0x1D48, 0x1D07, 0x14C6, 0x14A6, 0x4DAC, 0x660E, 0x3D29, 0x2CC8, 0x3D4B,
    0x566E, 0x4F0D, 0x470D, 0x56AD, 0x3D6A, 0x3509, 0x4DCC, 0x45CC, 0x2508, 0x14A5, 0x1D67, 0x364B,
    0x368B, 0x1DA7, 0x0544, 0x05A5, 0x0584, 0x0544, 0x1DA7, 0x366A, 0x2E6A, 0x1DC8, 0x1DC7, 0x2608,
    0x2608, 0x2608, 0x1E08, 0x1E08, 0x1E28, 0x1E48, 0x2E6A, 0x468C, 0x5EAE, 0x5EAE, 0x3E6B, 0x25E8,
    0x1D67, 0x1D07, 0x1D07, 0x2568, 0x25A8, 0x1DA7, 0x1547, 0x1D26, 0x1CE6, 0x1C46, 0x23C6, 0x1B45,
    0x0B24, 0x3428, 0x4D2B, 0x24C7, 0x0424, 0x03E3, 0x0484, 0x0565, 0x0666, 0x1748, 0x2FCB, 0x4FEE,
    0x57EF, 0x4FEE, 0x3FAD, 0x372C, 0x2628, 0x0D66, 0x1D46, 0x456B, 0x4CCB, 0x1365, 0x1BE6, 0x356A,
    0x1DE7, 0x0666, 0x0F07, 0x1FCA, 0x37EC, 0x37EC, 0x37EC, 0x2FCB, 0x1F69, 0x0EA7, 0x05A5, 0x04A3,
    0x0C03, 0x2568, 0x466C, 0x2D28, 0x1426, 0x1426, 0x1446, 0x1C66, 0x1C66, 0x1C66, 0x1C66, 0x2528,
    0x46AC, 0x360A, 0x0CC4, 0x0563, 0x0665, 0x0F48, 0x1FA9, 0x2FCB, 0x3FED, 0x47ED, 0x47ED, 0x3FED,
    0x2FEB, 0x1FA9, 0x0EC7, 0x05C5, 0x15C7, 0x364A, 0x2E09, 0x1DA8, 0x1D67, 0x1DA7, 0x25C8, 0x1D88,
    0x1D47, 0x1D27, 0x2D69, 0x5E0E, 0x1E89, 0x1E69, 0x1E68, 0x1E48, 0x1E08, 0x1DC8, 0x1D27, 0x1D67,
    0x2629, 0x1E28, 0x0D45, 0x0443, 0x0403, 0x04A4, 0x0D66, 0x1506, 0x0BE5, 0x1365, 0x44CB, 0x7630,
    0x6E50, 0x458B, 0x3468, 0x3BC9, 0x3BE9, 0x3C49, 0x3469, 0x3469, 0x3C09, 0x442A, 0x4CAB, 0x65CE,
    0x76B1, 0x45CB, 0x2568, 0x364A, 0x3E4B, 0x2528, 0x03E2, 0x0423, 0x04A4, 0x0464, 0x0443, 0x0443,
    0x0403, 0x03A3, 0x0C64, 0x1DC7, 0x1D07, 0x13C6, 0x13E5, 0x2487, 0x456B, 0x5DEE, 0x4DCB, 0x2DA8,
    0x1E47, 0x16C7, 0x0F07, 0x0EE6, 0x0665, 0x1E07, 0x460C, 0x45CC, 0x2508, 0x14A5, 0x2D89, 0x464C,
    0x2DE9, 0x0DA5, 0x0645, 0x1768, 0x27CA, 0x2FAB, 0x2FAB, 0x27AA, 0x0F08, 0x05E5, 0x05A5, 0x1DC7,
    0x3DAB, 0x4D2B, 0x450B, 0x4D8B, 0x4DAC, 0x4D6C, 0x352A, 0x1CA6, 0x14A5, 0x2D28, 0x4E8D, 0x3E6C,
    0x0CE5, 0x0504, 0x2E09, 0x5E4E, 0x7E91, 0x8ED3, 0x9F35, 0xA756, 0xA776, 0xA776, 0xA736, 0xA6F5,
    0x96B4, 0x6E10, 0x3D8A, 0x1D67, 0x2E2A, 0x3E6C, 0x2548, 0x14E6, 0x0CE5, 0x0CE5, 0x1506, 0x1D07,
    0x1D07, 0x1D07, 0x35EA, 0x576F, 0x4FEF, 0x2FAA, 0x0EE7, 0x0645, 0x05C5, 0x0564, 0x0524, 0x0504,
    0x0524, 0x0545, 0x05A5, 0x0625, 0x1708, 0x37AC, 0x478E, 0x368B, 0x25C8, 0x25C8, 0x15C7, 0x15C7,
    0x2E09, 0x462B, 0x4E0C, 0x45CB, 0x35AA, 0x2D69, 0x1D27, 0x1506, 0x1527, 0x1D27, 0x14E6, 0x1D48,
    0x3E4C, 0x2DC9, 0x0D05, 0x15A6, 0x2669, 0x2ECA, 0x2ECA, 0x1E48, 0x0D86, 0x0CE5, 0x2DEA, 0x4EAD,
    0x2DA9, 0x1CC6, 0x1CC6, 0x1CE7, 0x1D07, 0x1CC7, 0x1CA6, 0x1C66, 0x2D29, 0x4ECE, 0x35EA, 0x0443,
    0x04C3, 0x05A5, 0x0666, 0x0EE7, 0x1769, 0x27CA, 0x3FED, 0x4FEE, 0x57CF, 0x57CF, 0x4FEE, 0x47CD,
    0x2FAB, 0x27AA, 0x1708, 0x05A5, 0x0D24, 0x25C8, 0x468C, 0x2E4A, 0x0D66, 0x0D86, 0x15E7, 0x1E48,
    0x1E48, 0x1E28, 0x1607, 0x15C7, 0x1586, 0x1D87, 0x25C8, 0x2588, 0x1D67, 0x25A8, 0x3E4B, 0x3E6B,
    0x0DA5, 0x0604, 0x0F27, 0x1768, 0x1769, 0x0EE7, 0x05A4, 0x15C6, 0x2E4A, 0x25A8, 0x1D27, 0x1D27,
    0x1506, 0x1D47, 0x3DCB, 0x5E4F, 0x564D, 0x2E08, 0x1647, 0x0E86, 0x0E86, 0x0E66, 0x1E27, 0x3E0A,
    0x4DED, 0x358A, 0x1506, 0x1D07, 0x2548, 0x1D27, 0x14A6, 0x1D07, 0x35EA, 0x360A, 0x1D67, 0x0D25,
    0x1E08, 0x2689, 0x1E28, 0x15C7, 0x0CC5, 0x0464, 0x15A6, 0x15A7, 0x1CA7, 0x3489, 0x552C, 0x55EC,
    0x3E0B, 0x1E08, 0x0E87, 0x1748, 0x2FEB, 0x2FEB, 0x0F47, 0x0E67, 0x35A9, 0x352A, 0x2CE8, 0x1CC6,
    0x0C85, 0x2D69, 0x468C, 0x2DE9, 0x0D85, 0x0645, 0x1728, 0x2FCB, 0x37CC, 0x37CC, 0x2FAB, 0x1F69,
    0x0EA7, 0x05C4, 0x0544, 0x25E8, 0x564D, 0x5DCE, 0x45CA, 0x2627, 0x1687, 0x0E87, 0x0E66, 0x1E28,
    0x3E0A, 0x4DCC, 0x3D4A, 0x1CC7, 0x0CA6, 0x2548, 0x4E8D, 0x3E6B, 0x1546, 0x0D25, 0x2DEA, 0x668F,
    0x86D2, 0x96D4, 0x9F15, 0xA756, 0xA756, 0xA736, 0x9EF5, 0x96B4, 0x7E51, 0x456B, 0x2567, 0x2628,
    0x368A, 0x2E2A, 0x1DC8, 0x1E08, 0x2628, 0x1627, 0x1607, 0x1DE8, 0x1DE8, 0x1DA8, 0x1D87, 0x1D87,
    0x1D88, 0x1D27, 0x1CC6, 0x2548, 0x2E09, 0x1E27, 0x0D65, 0x0504, 0x0584, 0x0605, 0x0666, 0x0686,
    0x06C6, 0x0E86, 0x0605, 0x0584, 0x05A5, 0x1E07, 0x25C8, 0x1D27, 0x14A6, 0x1CA6, 0x24C7, 0x1CC7,
    0x1465, 0x24A7, 0x456B, 0x55CD, 0x45AB, 0x2DC8, 0x1E27, 0x1EC8, 0x16C7, 0x0E66, 0x2607, 0x462C,
    0x3E6B, 0x2689, 0x26A9, 0x36EB, 0x470D, 0x46CC, 0x46CC, 0x3EAB, 0x2629, 0x1DC8, 0x1DA8, 0x1D88,
    0x2588, 0x1D47, 0x0CE5, 0x2527, 0x4DCC, 0x662E, 0x3D2A, 0x24C8, 0x4DAC, 0x5E8E, 0x568E, 0x4DEC,
    0x3509, 0x352A, 0x560D, 0x3589, 0x0CA5, 0x1D06, 0x3E2B, 0x3EAC, 0x1DC7, 0x0584, 0x0625, 0x0EC6,
    0x0EC6, 0x0605, 0x0544, 0x2E09, 0x3EAB, 0x2608, 0x1DE7, 0x1E28, 0x1E28, 0x1E48, 0x1E69, 0x2689,
    0x1E68, 0x1647, 0x1627, 0x2669, 0x2E8A, 0x2E69, 0x1DE7, 0x1586, 0x1D67, 0x25A8, 0x25E9, 0x25E8,
    0x15C7, 0x0D65, 0x0525, 0x0D05, 0x0D05, 0x14C6, 0x1C87, 0x1BC6, 0x0B24, 0x3428, 0x4D4C, 0x2D08,
    0x0C24, 0x03E2, 0x04C4, 0x05C5, 0x06A6, 0x1768, 0x37CC, 0x57EF, 0x67D0, 0x57EF, 0x47CD, 0x378C,
    0x0E67, 0x0DA5, 0x3DCA, 0x4D2B, 0x2C08, 0x1365, 0x2488, 0x35EA, 0x0E05, 0x06C6, 0x1FA9, 0x37EB,
    0x47CD, 0x4FCE, 0x47ED, 0x37CB, 0x1F49, 0x0E66, 0x05C6, 0x04E4, 0x03A1, 0x0C44, 0x35CA, 0x45EB,
    0x2CA9, 0x1386, 0x1BE6, 0x2447, 0x1C06, 0x13C5, 0x2487, 0x35CA, 0x364A, 0x1D06, 0x0442, 0x05A4,
    0x06A6, 0x0F27, 0x1FA9, 0x37CB, 0x47EE, 0x57EF, 0x57CF, 0x4FEE, 0x3FCC, 0x2FEB, 0x1F69, 0x0626,
    0x0565, 0x25A7, 0x366B, 0x2E2A, 0x1D67, 0x1D87, 0x1DA8, 0x1DA8, 0x2588, 0x1546, 0x1506, 0x356A,
    0x1E48, 0x1E48, 0x1E28, 0x1E28, 0x1E08, 0x1DA8, 0x1D87, 0x2629, 0x2689, 0x0D25, 0x0463, 0x04E4,
    0x04E4, 0x0463, 0x0463, 0x1547, 0x1D28, 0x1BE5, 0x0384, 0x2487, 0x5DCE, 0x7E91, 0x660E, 0x3CC9,
    0x2C08, 0x33E9, 0x33E9, 0x33E8, 0x3C69, 0x556C, 0x7691, 0x6EB0, 0x45AA, 0x14C5, 0x25A8, 0x4EEE,
    0x2D89, 0x0423, 0x0463, 0x04A4, 0x04C4, 0x04A4, 0x0483, 0x0484, 0x0464, 0x03C3, 0x0423, 0x1587,
    0x1DA7, 0x24C7, 0x1C26, 0x1425, 0x1CA6, 0x3D4A, 0x5E0E, 0x664F, 0x4E2C, 0x362A, 0x2628, 0x1DE7,
    0x2DA8, 0x45EB, 0x560D, 0x2D69, 0x0CA5, 0x1CC7, 0x462C, 0x3E6C, 0x0D45, 0x05C4, 0x0F07, 0x1FA9,
    0x37CC, 0x47ED, 0x47ED, 0x37EC, 0x1FAA, 0x0EE6, 0x0605, 0x1DC7, 0x360A, 0x24E8, 0x1C06, 0x2C87,
    0x2CA8, 0x1C87, 0x1466, 0x0C05, 0x24A7, 0x3E2C, 0x3E2C, 0x1D47, 0x04A3, 0x0D45, 0x2E2A, 0x562D,
    0x7671, 0x96F4, 0xA756, 0xA7B7, 0xA7D7, 0xA7B6, 0xA796, 0xA736, 0x9EB4, 0x8E53, 0x65CE, 0x2508,
    0x1D87, 0x2E2A, 0x35EA, 0x24E8, 0x1C86, 0x1CC7, 0x2508, 0x1CC7, 0x1CA6, 0x35A9, 0x572E, 0x57EF,
    0x37CC, 0x1748, 0x0EC7, 0x0626, 0x0585, 0x0504, 0x04C4, 0x04A4, 0x04A4, 0x04C4, 0x0524, 0x05A5,
    0x0645, 0x1708, 0x37CC, 0x476D, 0x3629, 0x1D47, 0x1D47, 0x1D88, 0x1D67, 0x1566, 0x1566, 0x1546,
    0x1526, 0x1D06, 0x1D07, 0x2527, 0x1D07, 0x14C6, 0x1D07, 0x2DC9, 0x3E2B, 0x1D87, 0x0D25, 0x1E48,
    0x2EEA, 0x2EEA, 0x2F0A, 0x2F2B, 0x26A9, 0x0D66, 0x1546, 0x360A, 0x466C, 0x2D49, 0x1425, 0x1C66,
    0x24C7, 0x1C86, 0x1425, 0x24A7, 0x3DCB, 0x3E4B, 0x1D06, 0x03E2, 0x04C4, 0x05A5, 0x0625, 0x06C7,
    0x1748, 0x27AA, 0x3FEC, 0x4FEE, 0x5FEF, 0x5FD0, 0x57CF, 0x4FEE, 0x37CC, 0x2F6A, 0x26C9, 0x1647,
    0x0524, 0x04C4, 0x362A, 0x3E8B, 0x25E8, 0x1DC8, 0x1DE8, 0x1E08, 0x1DE8, 0x1DE8, 0x25E8, 0x25C8,
    0x25A8, 0x2588, 0x2588, 0x1526, 0x1D47, 0x3E4B, 0x3E4B, 0x1DA7, 0x0625, 0x0EE7, 0x1F89, 0x278A,
    0x27AA, 0x1F69, 0x06A6, 0x0E06, 0x2608, 0x362A, 0x25A8, 0x1527, 0x2567, 0x1D67, 0x1547, 0x35EA,
    0x5E4E, 0x666F, 0x4E0C, 0x25C8, 0x1DA7, 0x35A9, 0x4DEC, 0x55ED, 0x2D49, 0x14E6, 0x1D07, 0x1D07,
    0x1D07, 0x1CC6, 0x1485, 0x2D69, 0x3E6B, 0x2587, 0x0D45, 0x1E28, 0x26AA, 0x2EEA, 0x2EC9, 0x26A9,
    0x1E08, 0x0D26, 0x04C4, 0x15A7, 0x1E08, 0x1466, 0x1BE6, 0x3D2A, 0x5E0E, 0x4E0D, 0x1DE8, 0x0686,
    0x0F47, 0x1768, 0x06A6, 0x15E6, 0x3DAA, 0x3529, 0x1CA7, 0x1485, 0x1CE7, 0x3E0B, 0x466C, 0x1546,
    0x0544, 0x0EC7, 0x1F89, 0x37CB, 0x47ED, 0x4FEE, 0x47CD, 0x2FAB, 0x1F69, 0x0E66, 0x0565, 0x15C6,
    0x2609, 0x45AB, 0x5D8E, 0x5DCD, 0x3E0A, 0x2DC9, 0x3DCA, 0x4DCC, 0x4DAC, 0x3529, 0x14C6, 0x0C65,
    0x2508, 0x3E2C, 0x3E4C, 0x1D67, 0x04C3, 0x1566, 0x3E4C, 0x5E4F, 0x86B2, 0x9F15, 0xA756, 0xA796,
    0xA7B6, 0xA796, 0xA756, 0x9EF5, 0x9693, 0x7610, 0x3D6B, 0x1526, 0x2E4A, 0x3EAC, 0x25E9, 0x1DC8,
    0x1DC8, 0x1DE8, 0x1DC8, 0x1DC8, 0x1DA8, 0x1D87, 0x1D67, 0x1D47, 0x1D27, 0x1D07, 0x2548, 0x3E8B,
    0x366A, 0x0D05, 0x0504, 0x0605, 0x0EA6, 0x0F08, 0x1728, 0x1F49, 0x1F49, 0x1F69, 0x1F69, 0x0F07,
    0x0625, 0x05A5, 0x1E28, 0x2609, 0x1D07, 0x1CC6, 0x1D07, 0x1D07, 0x1D27, 0x14E6, 0x14E6, 0x358A,
    0x560D, 0x5E4E, 0x4E2C, 0x3E2A, 0x360A, 0x3DCA, 0x4E0C, 0x4EAD, 0x2669, 0x1668, 0x3EEB, 0x46ED,
    0x360A, 0x1D67, 0x2DC9, 0x3E8B, 0x36CB, 0x2649, 0x15E7, 0x1DE8, 0x1DC8, 0x25A8, 0x25A8, 0x0D26,
    0x2588, 0x5E6E, 0x4DED, 0x2CE8, 0x34E9, 0x4D8C, 0x4DAC, 0x3509, 0x3529, 0x458B, 0x3DAB, 0x2527,
    0x14E6, 0x25A8, 0x466C, 0x364A, 0x05A5, 0x0665, 0x1768, 0x1F48, 0x1F69, 0x0F07, 0x0605, 0x1DE7,
    0x362A, 0x2E4A, 0x1E08, 0x15C7, 0x1E08, 0x1E48, 0x1E48, 0x1E48, 0x1E48, 0x1E48, 0x2628, 0x1DE7,
    0x15C7, 0x15C7, 0x1DA7, 0x1D88, 0x25C9, 0x2E6A, 0x2689, 0x15E6, 0x0544, 0x0503, 0x04C3, 0x04A4,
    0x04A4, 0x04E4, 0x1546, 0x14A7, 0x13A5, 0x2C07, 0x4D2C, 0x4D8B, 0x1C85, 0x03E1, 0x04E4, 0x0606,
    0x0EE6, 0x1F89, 0x3FED, 0x57EF, 0x5FF0, 0x57EE, 0x3FEC, 0x278A, 0x0686, 0x15E7, 0x55CC, 0x448A,
    0x1345, 0x2406, 0x2D49, 0x2628, 0x0666, 0x0F07, 0x27EB, 0x3FED, 0x57CE, 0x5FCF, 0x4FEE, 0x37CC,
    0x1F29, 0x0E46, 0x0565, 0x04A4, 0x0403, 0x03A2, 0x14A5, 0x3E2B, 0x352A, 0x1345, 0x1B85, 0x1BE6,
    0x1BC6, 0x1365, 0x2CE8, 0x362A, 0x1526, 0x0443, 0x0483, 0x0564, 0x0645, 0x0EE7, 0x1F89, 0x2FCB,
    0x47EE, 0x5FD0, 0x5FD0, 0x57CF, 0x47CD, 0x37AC, 0x272A, 0x1E88, 0x0545, 0x04E4, 0x2DE9, 0x364A,
    0x25A8, 0x1D67, 0x1D47, 0x1D68, 0x1D67, 0x1D47, 0x1D07, 0x14C6, 0x1E28, 0x1DE8, 0x1DE8, 0x2608,
    0x1DA7, 0x1D67, 0x2E4A, 0x2E8A, 0x15A6, 0x0544, 0x0584, 0x0606, 0x0606, 0x0565, 0x04C4, 0x0D45,
    0x1D87, 0x1CA6, 0x1425, 0x0C25, 0x24A7, 0x456B, 0x662F, 0x6E70, 0x660F, 0x5DAD, 0x5DAE, 0x65EF,
    0x6E50, 0x6E70, 0x564D, 0x2D69, 0x0CA5, 0x2568, 0x466C, 0x3E2B, 0x14E5, 0x0422, 0x04E4, 0x0504,
    0x04E4, 0x04E4, 0x04E4, 0x04E4, 0x04C4, 0x0463, 0x0423, 0x0484, 0x2608, 0x2E09, 0x1C86, 0x1445,
    0x14C6, 0x1CE7, 0x2D08, 0x3D6A, 0x45AC, 0x4DED, 0x4E0C, 0x4DEC, 0x55ED, 0x4DAC, 0x2D49, 0x0C65,
    0x14A6, 0x3E0B, 0x3E4C, 0x1D87, 0x0544, 0x0625, 0x1749, 0x27AA, 0x3FED, 0x57EF, 0x57EF, 0x47EE,
    0x2FEB, 0x1F89, 0x0686, 0x05C5, 0x25C8, 0x3E0B, 0x3549, 0x13C5, 0x1364, 0x13E5, 0x1426, 0x13E5,
    0x24C8, 0x468C, 0x2588, 0x0423, 0x04A4, 0x0D65, 0x25E9, 0x4E2C, 0x7670, 0x8ED3, 0xA736, 0xAFB7,
    0xAFF7, 0xAFF7, 0xAFD7, 0xA776, 0xA6D5, 0x9E34, 0x7DB1, 0x4D2C, 0x14C6, 0x1546, 0x3E4B, 0x3569,
    0x1C46, 0x1C67, 0x1C87, 0x1C66, 0x24C7, 0x468C, 0x5FD0, 0x47EE, 0x27AA, 0x1748, 0x0EC7, 0x0626,
    0x0584, 0x04E4, 0x0484, 0x0444, 0x0444, 0x0464, 0x04A4, 0x0524, 0x05E5, 0x06A6, 0x1F49, 0x37CC,
    0x374B, 0x1DA8, 0x1CE7, 0x1D07, 0x1D26, 0x1527, 0x1527, 0x1D06, 0x14E6, 0x1D07, 0x1D07, 0x1CC7,
    0x1466, 0x1445, 0x35AA, 0x466C, 0x2588, 0x0D25, 0x15E7, 0x26C9, 0x374B, 0x376B, 0x378B, 0x378B,
    0x2F2B, 0x1E89, 0x0D45, 0x1546, 0x468C, 0x3E0B, 0x1C66, 0x1BE5, 0x1C46, 0x1C46, 0x13C5, 0x2CE8,
    0x3E2B, 0x2D88, 0x0C64, 0x03E2, 0x04A4, 0x0545, 0x05E5, 0x06A6, 0x0F27, 0x1F89, 0x37CC, 0x47EE,
    0x5FCF, 0x67D0, 0x5FCF, 0x4FEE, 0x3FCC, 0x2F4B, 0x2EAA, 0x2609, 0x0D25, 0x0483, 0x1506, 0x360A,
    0x3E6B, 0x1DA8, 0x1567, 0x1DA7, 0x1D87, 0x1D88, 0x25A7, 0x1D87, 0x1D88, 0x1D68, 0x1D07, 0x1D06,
    0x2D89, 0x468C, 0x2E09, 0x0564, 0x0686, 0x1F89, 0x2FCB, 0x37CC, 0x37CC, 0x27AA, 0x1768, 0x0645,
    0x0DA6, 0x366B, 0x362B, 0x1547, 0x1D67, 0x1DA7, 0x15A7, 0x1D87, 0x25A9, 0x3DEB, 0x4E2D, 0x562D,
    0x4E0D, 0x4DEC, 0x3D8B, 0x2D28, 0x1CE6, 0x1CE7, 0x1CE7, 0x1CE7, 0x1445, 0x1425, 0x2D89, 0x3E4B,
    0x2DC9, 0x0D25, 0x0D86, 0x26CA, 0x374B, 0x378B, 0x378B, 0x2F4B, 0x26EA, 0x1E28, 0x04E5, 0x0D45,
    0x1E48, 0x1DA8, 0x14A6, 0x1C66, 0x2CE8, 0x4DAC, 0x560D, 0x360A, 0x0E25, 0x05E3, 0x0542, 0x1D87,
    0x55EC, 0x3529, 0x0C45, 0x1CA6, 0x462C, 0x466C, 0x1D47, 0x0504, 0x05C5, 0x16E8, 0x1F8A, 0x37CC,
    0x4FEE, 0x5FF0, 0x57CF, 0x3FED, 0x2FCB, 0x1748, 0x0645, 0x0585, 0x1DC7, 0x3E4B, 0x45CC, 0x450B,
    0x450A, 0x456B, 0x456B, 0x3D0A, 0x24A8, 0x1CA6, 0x1CA6, 0x1445, 0x2D69, 0x4EAD, 0x2568, 0x0443,
    0x04E4, 0x1587, 0x3E0B, 0x5E4E, 0x7E92, 0x9715, 0xA776, 0xAFB7, 0xAFD7, 0xAFD7, 0xA797, 0xA736,
    0x9EB5, 0x8E33, 0x5D8E, 0x2CE8, 0x1D47, 0x2E29, 0x366B, 0x25A8, 0x1526, 0x1D68, 0x1D88, 0x1D67,
    0x1D67, 0x1D47, 0x1D27, 0x1D27, 0x1486, 0x2507, 0x3E4B, 0x3E4B, 0x1D47, 0x04E4, 0x05C4, 0x06C7,
    0x1748, 0x278A, 0x2FAB, 0x37CC, 0x3FCC, 0x37EC, 0x2FEC, 0x27AA, 0x0F07, 0x0605, 0x0DA6, 0x2608,
    0x2E29, 0x1D67, 0x1506, 0x1D67, 0x2588, 0x1D87, 0x1587, 0x1D87, 0x25C9, 0x360A, 0x3E2B, 0x464C,
    0x464C, 0x4E6C, 0x3E6B, 0x2649, 0x1E28, 0x2E8A, 0x46CC, 0x25E8, 0x0D24, 0x0564, 0x0D44, 0x1DA7,
    0x36AB, 0x2EAA, 0x1E48, 0x1E48, 0x1E28, 0x1E08, 0x2608, 0x15C7, 0x15C7, 0x2E0A, 0x5E6F, 0x5DEE,
    0x24A7, 0x1465, 0x1486, 0x1445, 0x456A, 0x560D, 0x2D69, 0x0CC5, 0x1D27, 0x3E6C, 0x364A, 0x15A6,
    0x0645, 0x0F27, 0x27AA, 0x27CA, 0x27CB, 0x1F89, 0x0EE7, 0x05E6, 0x1DC8, 0x3E8B, 0x2E09, 0x1566,
    0x1DE8, 0x2608, 0x1DE8, 0x1DE8, 0x1DE8, 0x1DE8, 0x1DC8, 0x1DA8, 0x1D87, 0x1567, 0x1D67, 0x2DEA,
    0x468C, 0x2E49, 0x0DA5, 0x05C5, 0x0605, 0x0626, 0x0606, 0x05E6, 0x0585, 0x0524, 0x0504, 0x1526,
    0x1CE7, 0x1C26, 0x3C89, 0x6E2F, 0x3D49, 0x03E1, 0x04E3, 0x0626, 0x0F28, 0x278A, 0x3FCC, 0x47CD,
    0x47CE, 0x47EE, 0x2FEB, 0x0F27, 0x0E67, 0x35EA, 0x4D4C, 0x2BA7, 0x0B24, 0x34E9, 0x2DE9, 0x0E06,
    0x06C7, 0x1789, 0x37EC, 0x4FEE, 0x5FD0, 0x5FF0, 0x4FEE, 0x37AB, 0x1EE8, 0x0E06, 0x0504, 0x0463,
    0x0404, 0x0362, 0x0403, 0x35EA, 0x356A, 0x1B86, 0x1B25, 0x1B65, 0x1B65, 0x1B25, 0x24E8, 0x2629,
    0x0C84, 0x03C3, 0x0484, 0x0524, 0x05E5, 0x06A6, 0x1748, 0x27AA, 0x3FED, 0x57EF, 0x67D0, 0x5FEF,
    0x47CE, 0x378C, 0x2EEA, 0x2E49, 0x1547, 0x04A4, 0x14E5, 0x25C8, 0x2E09, 0x1D27, 0x14C6, 0x1D27,
    0x1D07, 0x1CE7, 0x1CE7, 0x1CC6, 0x1DE8, 0x1DC8, 0x1DA8, 0x1D87, 0x1D67, 0x25A8, 0x3EAC, 0x2E4A,
    0x0544, 0x0605, 0x0EE7, 0x0EE8, 0x16E7, 0x0E86, 0x05C5, 0x0524, 0x1566, 0x25A8, 0x24E8, 0x1426,
    0x0C45, 0x1486, 0x3D2A, 0x5E0E, 0x664F, 0x5E4E, 0x5E6E, 0x5E6F, 0x5E6E, 0x45EC, 0x2507, 0x0C44,
    0x0CC6, 0x466C, 0x4E8D, 0x1526, 0x04A3, 0x04E4, 0x0544, 0x0544, 0x0524, 0x0544, 0x0544, 0x0524,
    0x0524, 0x0524, 0x04A3, 0x0443, 0x1586, 0x2E6A, 0x2DC9, 0x2508, 0x1486, 0x0C85, 0x0CA5, 0x14E6,
    0x2528, 0x354A, 0x458B, 0x458B, 0x45AB, 0x2D29, 0x1465, 0x1CA6, 0x3DCA, 0x468C, 0x2588, 0x04C4,
    0x0584, 0x0E66, 0x1F29, 0x2FAB, 0x47ED, 0x5FEF, 0x5FD0, 0x57CF, 0x3FEC, 0x27CA, 0x0F27, 0x0645,
    0x0DA6, 0x360A, 0x3E2B, 0x3509, 0x1C06, 0x1B85, 0x1385, 0x1BC6, 0x24E8, 0x366A, 0x1506, 0x03A2,
    0x04A4, 0x0545, 0x15A7, 0x3E0B, 0x664F, 0x8692, 0x9F15, 0xA796, 0xAFF7, 0xAFF7, 0xAFD7, 0xAF77,
    0xA6B6, 0x9DF4, 0x8592, 0x5D6D, 0x1CA7, 0x04A4, 0x25C8, 0x35CA, 0x2CC8, 0x1C06, 0x13C5, 0x1C46,
    0x2D69, 0x572E, 0x5FF0, 0x3FED, 0x27AA, 0x1F69, 0x0EE7, 0x0646, 0x05A5, 0x0504, 0x0464, 0x0423,
    0x0423, 0x0443, 0x0464, 0x0504, 0x05C5, 0x0665, 0x0EC7, 0x1FAA, 0x2FCB, 0x2689, 0x1D27, 0x1C86,
    0x1CE7, 0x1D07, 0x1CE7, 0x1CE7, 0x1CE7, 0x1CC7, 0x1466, 0x1425, 0x1C87, 0x358A, 0x464C, 0x35EA,
    0x0CE5, 0x0D25, 0x2669, 0x2F0A, 0x376B, 0x3FCC, 0x3FCD, 0x37AC, 0x376B, 0x2F2B, 0x1607, 0x0D45,
    0x25C8, 0x464C, 0x3D8B, 0x1BC5, 0x1385, 0x1BE6, 0x1385, 0x2CE9, 0x3E2B, 0x1D27, 0x0423, 0x0403,
    0x0463, 0x04E4, 0x0585, 0x0665, 0x0EE6, 0x1F68, 0x27CA, 0x3FED, 0x57EF, 0x5FD0, 0x57EF, 0x47EE,
    0x3FAC, 0x372B, 0x366A, 0x2DA9, 0x1D27, 0x04A4, 0x0422, 0x2547, 0x3E8B, 0x25A9, 0x1506, 0x1D47,
    0x1D47, 0x1D47, 0x1D67, 0x1D47, 0x1D47, 0x1D07, 0x14A5, 0x2D69, 0x464C, 0x360A, 0x0D86, 0x05E4,
    0x1708, 0x27CA, 0x37EC, 0x47EE, 0x47ED, 0x37EC, 0x27CA, 0x06C6, 0x05E5, 0x25E8, 0x3E4B, 0x362A,
    0x1D87, 0x1D46, 0x1D68, 0x1567, 0x0D66, 0x1587, 0x2DC9, 0x3DEC, 0x45EC, 0x35AA, 0x1D27, 0x14C5,
    0x1CC6, 0x1CA7, 0x1466, 0x1445, 0x1C86, 0x2D49, 0x464C, 0x35EA, 0x0D05, 0x0525, 0x1608, 0x2EEA,
    0x378C, 0x3FCD, 0x3FED, 0x3FAC, 0x376B, 0x26E9, 0x15C7, 0x0525, 0x1566, 0x2E6A, 0x2DE9, 0x0C85,
    0x0C64, 0x2508, 0x4DAC, 0x55ED, 0x3DEA, 0x2DC8, 0x35A8, 0x4DEC, 0x4DCC, 0x24A7, 0x1486, 0x3DCA,
    0x466C, 0x25A8, 0x0483, 0x0524, 0x0E46, 0x16C8, 0x278A, 0x3FCC, 0x57CF, 0x67D0, 0x5FD0, 0x4FEE,
    0x37CC, 0x1FA9, 0x0F27, 0x0605, 0x0D86, 0x25E8, 0x35EA, 0x3DAB, 0x3D2A, 0x34A9, 0x2C68, 0x1C66,
    0x1445, 0x1425, 0x1C46, 0x1C67, 0x35AA, 0x466C, 0x14A5, 0x03C2, 0x0504, 0x0D86, 0x2DC9, 0x562D,
    0x7691, 0x96F4, 0xA756, 0xAFB7, 0xAFF7, 0xAFF7, 0xA7B7, 0xA736, 0xA695, 0x95F3, 0x7590, 0x452B,
    0x1485, 0x1546, 0x3E8B, 0x2DC9, 0x14E6, 0x1D07, 0x1D27, 0x1D27, 0x1D27, 0x1D07, 0x1CE7, 0x1CC7,
    0x1486, 0x2D69, 0x4EAD, 0x2568, 0x0443, 0x0524, 0x0645, 0x0F07, 0x1F69, 0x2FAB, 0x3FED, 0x4FEE,
    0x57EF, 0x4FEF, 0x47CD, 0x37CB, 0x1F69, 0x0E87, 0x0564, 0x1586, 0x366A, 0x2E09, 0x1D87, 0x1D87,
    0x1DC8, 0x2608, 0x1E28, 0x1607, 0x15E7, 0x1607, 0x2629, 0x2E4A, 0x364A, 0x366A, 0x1E28, 0x0DA6,
    0x2E29, 0x3E8C, 0x2E09, 0x0585, 0x05E4, 0x0666, 0x05E4, 0x0584, 0x2609, 0x366A, 0x2669, 0x1E27,
    0x1E48, 0x1E68, 0x1E48, 0x2668, 0x1E27, 0x15E7, 0x3E6C, 0x668F, 0x55AC, 0x34E8, 0x2CC7, 0x3D4A,
    0x560D, 0x45CC, 0x14C6, 0x14E6, 0x35EA, 0x468C, 0x1DC8, 0x0584, 0x0EE7, 0x1FA9, 0x2FCB, 0x37EC,
    0x37CC, 0x2FCB, 0x1F89, 0x0645, 0x0DA6, 0x362A, 0x3E2B, 0x25A8, 0x1546, 0x1D47, 0x1D88, 0x1D87,
    0x1D87, 0x1D87, 0x1D87, 0x1D88, 0x1D67, 0x1D27, 0x2DCA, 0x468C, 0x364A, 0x15A6, 0x05C4, 0x0666,
    0x0EE7, 0x1728, 0x1728, 0x1708, 0x0E86, 0x05E5, 0x0544, 0x0544, 0x1D66, 0x14C6, 0x2487, 0x558D,
    0x5DCE, 0x3549, 0x0D04, 0x05A3, 0x06C5, 0x1788, 0x2FCB, 0x37EC, 0x37EC, 0x27CB, 0x0F68, 0x0685,
    0x2E49, 0x55AD, 0x2C08, 0x1325, 0x2406, 0x3DAA, 0x1E08, 0x0625, 0x0F28, 0x27CB, 0x3FCD, 0x57EF,
    0x67F0, 0x5FEF, 0x47ED, 0x2F6A, 0x1EA8, 0x0DA6, 0x04C4, 0x0423, 0x03E3, 0x0362, 0x03E3, 0x2568,
    0x3569, 0x23E7, 0x1304, 0x1304, 0x1B45, 0x1B25, 0x1CC7, 0x1DC7, 0x0424, 0x03A3, 0x0444, 0x04C4,
    0x0585, 0x0645, 0x0F07, 0x1F89, 0x37CC, 0x4FEE, 0x57EF, 0x57EF, 0x47CD, 0x376C, 0x36AB, 0x35CA,
    0x2527, 0x0CA4, 0x0403, 0x1506, 0x2E29, 0x1D27, 0x1486, 0x1CC6, 0x1CC7, 0x1CA7, 0x1CA7, 0x24A7,
    0x1DA7, 0x1DA7, 0x1D87, 0x1506, 0x1D67, 0x3E4B, 0x362B, 0x1DC7, 0x0605, 0x0EE7, 0x1F69, 0x1F49,
    0x1F49, 0x1728, 0x0EA7, 0x0584, 0x0D65, 0x1E28, 0x1D47, 0x1C86, 0x1C87, 0x1486, 0x0C65, 0x1485,
    0x24E8, 0x356A, 0x356A, 0x2D28, 0x1CE6, 0x0CA5, 0x0C45, 0x1CC7, 0x3DEB, 0x468C, 0x2DC9, 0x04C4,
    0x0504, 0x0DA6, 0x0585, 0x0585, 0x0585, 0x05A4, 0x0584, 0x0584, 0x0584, 0x0585, 0x0565, 0x0504,
    0x04C4, 0x1DA7, 0x3EAC, 0x35EA, 0x1CC7, 0x14A6, 0x1CC6, 0x1CE6, 0x14A6, 0x0CA5, 0x14A5, 0x14C6,
    0x14C6, 0x0C65, 0x1466, 0x3DCA, 0x4E8C, 0x2DA8, 0x0CA4, 0x04A3, 0x05C5, 0x0E87, 0x1F09, 0x2FAB,
    0x47ED, 0x5FEF, 0x67F0, 0x5FEF, 0x47ED, 0x2FCB, 0x1FA9, 0x0F07, 0x05E5, 0x0D65, 0x2DC9, 0x468D,
    0x45CB, 0x2427, 0x1304, 0x1385, 0x2508, 0x25E8, 0x0CA5, 0x0382, 0x0443, 0x0504, 0x0D66, 0x2DC9,
    0x4E0D, 0x7671, 0x96D4, 0xA756, 0xA7B7, 0xAFF7, 0xAFB7, 0xAF37, 0xAE76, 0xA5B4, 0x8551, 0x5D2D,
    0x24E7, 0x0484, 0x0CA4, 0x2DA9, 0x3D8A, 0x1BE6, 0x0B24, 0x1C26, 0x35EA, 0x4F6E, 0x57EF, 0x47CE,
    0x37CB, 0x278A, 0x1728, 0x0686, 0x05E5, 0x0524, 0x0484, 0x0423, 0x0403, 0x0423, 0x0464, 0x04E4,
    0x05A4, 0x0625, 0x0EA7, 0x1729, 0x278A, 0x276A, 0x25C8, 0x1466, 0x1C66, 0x1C86, 0x1C86, 0x14A6,
    0x1C86, 0x1C66, 0x1425, 0x1C86, 0x35AA, 0x4EAD, 0x35EA, 0x0CA5, 0x04E4, 0x15A7, 0x2EA9, 0x2F4B,
    0x3FAC, 0x47CD, 0x4FCE, 0x47ED, 0x37CC, 0x2F6B, 0x26E9, 0x1607, 0x0505, 0x2DE9, 0x4E8D, 0x2C88,
    0x1385, 0x1365, 0x1324, 0x2CC8, 0x3E0B, 0x1506, 0x0403, 0x03E3, 0x0423, 0x04A4, 0x0544, 0x05E5,
    0x06A6, 0x0F27, 0x1F89, 0x2FCB, 0x47ED, 0x4FEF, 0x4FEE, 0x47CD, 0x3F6C, 0x3EAC, 0x3DEB, 0x2D49,
    0x1D27, 0x04A4, 0x03C2, 0x14A5, 0x2DE9, 0x25C9, 0x1D27, 0x14C6, 0x1CE7, 0x1D07, 0x1D07, 0x1D27,
    0x1CE6, 0x1CA6, 0x1CE7, 0x3E0B, 0x466C, 0x1526, 0x0523, 0x0686, 0x1F48, 0x2FAB, 0x47ED, 0x57EF,
    0x57EF, 0x47ED, 0x2FCB, 0x1768, 0x0686, 0x0585, 0x2DE9, 0x46AD, 0x2DE9, 0x1D26, 0x1D07, 0x1D27,
    0x1D47, 0x1D27, 0x1506, 0x0D06, 0x1506, 0x14C6, 0x14C6, 0x1CC7, 0x1CA7, 0x1466, 0x1C25, 0x2486,
    0x35AA, 0x466C, 0x35CA, 0x14E5, 0x04C3, 0x0D86, 0x2669, 0x2F0A, 0x3FAC, 0x47ED, 0x4FEE, 0x47EE,
    0x3FCC, 0x2F6B, 0x26EA, 0x15C7, 0x0505, 0x2608, 0x366B, 0x2D89, 0x1CC6, 0x0C85, 0x14E6, 0x3D8B,
    0x5E0E, 0x664F, 0x7E91, 0x662E, 0x3529, 0x1446, 0x2D69, 0x4EAD, 0x2568, 0x0443, 0x04A3, 0x0564,
    0x0E46, 0x16C8, 0x276A, 0x3FCC, 0x57EF, 0x5FF0, 0x5FD0, 0x57EF, 0x3FCD, 0x2FCB, 0x1F69, 0x0EE7,
    0x05E5, 0x0544, 0x25C8, 0x3E6C, 0x360B, 0x1C66, 0x0B84, 0x1BE5, 0x1C26, 0x1BE6, 0x13E5, 0x2487,
    0x35AA, 0x2DE9, 0x0C64, 0x03C2, 0x04A4, 0x0565, 0x1DC7, 0x460B, 0x6E4F, 0x8E93, 0x9F15, 0xA797,
    0xAFD7, 0xAFF7, 0xAF97, 0xAF16, 0xA675, 0x95B3, 0x7D50, 0x4D2B, 0x1485, 0x0CC4, 0x25A9, 0x35EA,
    0x2548, 0x14A6, 0x14A6, 0x1CE7, 0x1CC7, 0x1CE7, 0x1CA6, 0x1466, 0x24E7, 0x35CA, 0x3E0A, 0x14A5,
    0x0402, 0x0544, 0x0625, 0x06A6, 0x1768, 0x2FCA, 0x3FED, 0x57EF, 0x67D0, 0x5FD0, 0x4FEE, 0x37CC,
    0x2F6A, 0x26C9, 0x0DA6, 0x0525, 0x2587, 0x362A, 0x2E4A, 0x15C7, 0x15E7, 0x1E48, 0x1E48, 0x1E69,
    0x1E68, 0x1E48, 0x1E07, 0x15E7, 0x15C7, 0x15A6, 0x1586, 0x1DA8, 0x3E6B, 0x364A, 0x0DA5, 0x0666,
    0x1768, 0x1769, 0x0F48, 0x0686, 0x0DA6, 0x2E29, 0x366A, 0x1DE8, 0x1607, 0x1E48, 0x1E68, 0x1E68,
    0x1E48, 0x1627, 0x15E7, 0x3E4B, 0x76B1, 0x7630, 0x6DEF, 0x7E90, 0x562D, 0x1D07, 0x0C85, 0x2DA9,
    0x466C, 0x2DC9, 0x0D65, 0x05E5, 0x1728, 0x27CA, 0x3FCC, 0x4FEE, 0x4FEE, 0x3FEC, 0x27CA, 0x0EE7,
    0x0625, 0x1DC7, 0x3E4B, 0x3E4B, 0x1D27, 0x14C6, 0x1D07, 0x1D07, 0x1D07, 0x1D27, 0x1D27, 0x1D27,
    0x1506, 0x2547, 0x3E4B, 0x3E6B, 0x0D25, 0x0584, 0x06C7, 0x1748, 0x1F69, 0x276A, 0x278A, 0x1F49,
    0x1F29, 0x16E8, 0x0E46, 0x0584, 0x0D24, 0x1566, 0x1527, 0x24A7, 0x5DAE, 0x7670, 0x3589, 0x0564,
    0x0644, 0x0706, 0x1769, 0x1F8A, 0x1F89, 0x0F27, 0x06A6, 0x1E27, 0x4DEC, 0x4CAB, 0x1304, 0x1BA5,
    0x3D6A, 0x25E9, 0x0E26, 0x06A6, 0x1F89, 0x37EC, 0x47EE, 0x5FCF, 0x5FF0, 0x57EF, 0x3FCC, 0x274A,
    0x1647, 0x0565, 0x0484, 0x0403, 0x03E3, 0x0382, 0x03E3, 0x1D26, 0x2D49, 0x2427, 0x12E4, 0x0AC3,
    0x1304, 0x1304, 0x1C86, 0x1587, 0x0423, 0x03A2, 0x0423, 0x0484, 0x0524, 0x05E5, 0x06A6, 0x0F48,
    0x27AA, 0x37CC, 0x47EE, 0x47CE, 0x3FAD, 0x3F0C, 0x3E2B, 0x3569, 0x1D07, 0x0484, 0x03A2, 0x0C64,
    0x1DA7, 0x1D68, 0x1CA7, 0x1446, 0x1C66, 0x1C86, 0x1C66, 0x1C66, 0x1D87, 0x1D67, 0x1527, 0x14E6,
    0x2DC9, 0x46AD, 0x25A8, 0x0564, 0x06C6, 0x1F89, 0x2FCB, 0x37CC, 0x37CC, 0x2FAA, 0x1F69, 0x0E46,
    0x05A5, 0x15C7, 0x2608, 0x2548, 0x1C26, 0x1446, 0x14A6, 0x1486, 0x14A6, 0x1CC6, 0x14E6, 0x1CE6,
    0x14A5, 0x0C65, 0x14A6, 0x35CB, 0x4ECD, 0x2DC9, 0x04E4, 0x0D45, 0x0DA6, 0x15E7, 0x15C7, 0x0DC6,
    0x0DC6, 0x05C5, 0x05C5, 0x05C5, 0x0DC6, 0x0DC6, 0x15C7, 0x15A6, 0x0505, 0x0D05, 0x25A8, 0x468C,
    0x466C, 0x2D69, 0x1C86, 0x1465, 0x14A6, 0x1486, 0x1466, 0x1486, 0x0C25, 0x1446, 0x2D08, 0x3E2B,
    0x35E9, 0x0C44, 0x0443, 0x0524, 0x05E5, 0x1667, 0x1EE9, 0x2F8B, 0x47ED, 0x57EF, 0x67F0, 0x5FF0,
    0x57EF, 0x3FCD, 0x27CA, 0x1788, 0x0EC7, 0x0605, 0x0584, 0x1586, 0x3E4B, 0x3DCB, 0x23A6, 0x1345,
    0x1CA6, 0x1DA7, 0x0C84, 0x0362, 0x0403, 0x04A4, 0x0524, 0x1DA7, 0x3DEA, 0x662E, 0x8672, 0x9ED5,
    0xA756, 0xAF97, 0xAF57, 0xAED7, 0xAE16, 0x9D74, 0x7D30, 0x4D0B, 0x24E7, 0x0464, 0x03E2, 0x2547,
    0x3DCB, 0x2427, 0x12E4, 0x1BC6, 0x2E2A, 0x47AD, 0x4FEE, 0x4FCE, 0x3FCD, 0x2FCB, 0x1F49, 0x0EE7,
    0x0646, 0x0585, 0x04E4, 0x0463, 0x0423, 0x0423, 0x0484, 0x0504, 0x05A5, 0x0625, 0x0EA7, 0x16E8,
    0x1F49, 0x27AA, 0x1E69, 0x1CC7, 0x1C06, 0x1C05, 0x1C46, 0x1C46, 0x1405, 0x1C46, 0x356A, 0x466D,
    0x466C, 0x2D89, 0x0C84, 0x0483, 0x0D66, 0x1E08, 0x26AA, 0x376B, 0x3FCC, 0x4FCE, 0x57EF, 0x4FEE,
    0x3FED, 0x37AB, 0x2F6B, 0x26A9, 0x0D86, 0x1566, 0x360A, 0x462D, 0x34A9, 0x0AE3, 0x0AC4, 0x2C88,
    0x35C9, 0x1506, 0x0403, 0x03E3, 0x0403, 0x0464, 0x04C4, 0x0564, 0x0625, 0x0EC6, 0x1748, 0x27AA,
    0x37CB, 0x3FED, 0x3FCD, 0x3F8C, 0x3F0C, 0x462C, 0x3D8B, 0x2D08, 0x14E6, 0x0484, 0x03C2, 0x03E3,
    0x1526, 0x2609, 0x2568, 0x1446, 0x1C86, 0x1CC7, 0x1CA6, 0x1CC7, 0x1465, 0x1CC6, 0x464C, 0x466C,
    0x1D27, 0x04C3, 0x0584, 0x0EA7, 0x1F49, 0x37AB, 0x47EE, 0x5FF0, 0x5FD0, 0x4FEF, 0x3FCD, 0x27CA,
    0x1747, 0x0625, 0x0D85, 0x2DE9, 0x3E8B, 0x364A, 0x1D67, 0x1CA6, 0x1CA6, 0x1CE7, 0x14C6, 0x14A6,
    0x14C6, 0x14A6, 0x1CA6, 0x1C86, 0x1405, 0x1C46, 0x2D49, 0x464C, 0x3E4C, 0x2528, 0x0C84, 0x0483,
    0x0525, 0x15E7, 0x2689, 0x2F2B, 0x3FAC, 0x4FEE, 0x57CF, 0x57EF, 0x47EE, 0x37CC, 0x2F8B, 0x26A9,
    0x15A7, 0x0D26, 0x2E09, 0x46AC, 0x2589, 0x0C85, 0x14A6, 0x1CE7, 0x2D28, 0x3D8B, 0x4DAC, 0x34E9,
    0x1426, 0x24E7, 0x3DEA, 0x2DC9, 0x0C64, 0x0402, 0x04E4, 0x05A5, 0x0E26, 0x1EC8, 0x274A, 0x37CC,
    0x4FEE, 0x5FF0, 0x67D0, 0x5FF0, 0x4FCE, 0x37CC, 0x27AA, 0x1748, 0x0EE7, 0x0625, 0x0584, 0x1DA6,
    0x362A, 0x358A, 0x2447, 0x1364, 0x1BA5, 0x1BA5, 0x1385, 0x2C88, 0x358A, 0x2588, 0x0C44, 0x03A2,
    0x0463, 0x0504, 0x0D86, 0x2DE9, 0x562D, 0x7E71, 0x96D4, 0xA736, 0xA7B7, 0xAFB7, 0xAF77, 0xAED6,
    0xAE16, 0x9D73, 0x752F, 0x450B, 0x14A6, 0x0443, 0x0C85, 0x35CA, 0x35AA, 0x1445, 0x1446, 0x1C87,
    0x1C66, 0x1CA7, 0x1446, 0x1425, 0x2D29, 0x3DEA, 0x2547, 0x0423, 0x0402, 0x0504, 0x05C5, 0x0666,
    0x0F28, 0x1FAA, 0x37CC, 0x4FEE, 0x67D0, 0x5FF0, 0x4FEE, 0x3FAC, 0x2F4B, 0x2E8A, 0x1DC8, 0x04E5,
    0x0484, 0x2DC9, 0x366B, 0x1DE8, 0x15E7, 0x1E08, 0x1E28, 0x1E48, 0x1E28, 0x1E08, 0x1DC7, 0x1DA7,
    0x1DA8, 0x0D26, 0x1547, 0x362A, 0x362A, 0x1DE7, 0x0625, 0x0F27, 0x27CA, 0x2FCB, 0x27CA, 0x1748,
    0x0605, 0x1E08, 0x364A, 0x2609, 0x1DC8, 0x1DE7, 0x1E48, 0x1E28, 0x1E08, 0x1E08, 0x15C7, 0x1DA7,
    0x35EA, 0x562D, 0x664F, 0x560D, 0x24E7, 0x0C85, 0x2548, 0x466C, 0x3E2B, 0x0CE4, 0x0544, 0x0E86,
    0x1749, 0x2FCB, 0x47ED, 0x5FEF, 0x5FEF, 0x4FEE, 0x37CC, 0x1F89, 0x0EC6, 0x05C4, 0x25C8, 0x464C,
    0x3E2B, 0x2508, 0x1445, 0x1466, 0x1CA6, 0x1CC6, 0x1CC7, 0x1485, 0x1CE7, 0x3E0B, 0x360A, 0x1526,
    0x04E3, 0x05C4, 0x0F07, 0x1F89, 0x27CA, 0x37CB, 0x37CC, 0x2FCB, 0x27AB, 0x1F69, 0x16E8, 0x0E06,
    0x0504, 0x0D45, 0x15A7, 0x1506, 0x2CE8, 0x4D6C, 0x662F, 0x5E4E, 0x3609, 0x1626, 0x0665, 0x0665,
    0x0624, 0x05E4, 0x25E8, 0x5E0D, 0x4CEB, 0x1B66, 0x1365, 0x34E9, 0x362A, 0x0DE6, 0x0645, 0x1768,
    0x27CB, 0x3FED, 0x57EF, 0x5FD0, 0x5FF0, 0x4FEE, 0x2F8B, 0x1EE9, 0x0DE7, 0x0504, 0x0443, 0x03E3,
    0x03C3, 0x03A2, 0x03C3, 0x14C5, 0x2D48, 0x2C68, 0x0AC4, 0x0283, 0x12E4, 0x0AC4, 0x1446, 0x1567,
    0x0444, 0x03A2, 0x03E3, 0x0423, 0x04A4, 0x0544, 0x0625, 0x06C6, 0x1748, 0x27AA, 0x37CC, 0x3FAC,
    0x3F2C, 0x466C, 0x45AB, 0x3529, 0x14E6, 0x0463, 0x03A2, 0x03C3, 0x0CE5, 0x1D88, 0x1CE7, 0x13E5,
    0x1C06, 0x1C46, 0x1C26, 0x1405, 0x1D47, 0x14E6, 0x14C6, 0x2DCA, 0x464C, 0x35EA, 0x0D45, 0x05C4,
    0x1728, 0x27AB, 0x3FCC, 0x4FEE, 0x4FEE, 0x47CD, 0x2FAB, 0x1728, 0x0E26, 0x0565, 0x1E08, 0x2609,
    0x1D07, 0x1C86, 0x1C66, 0x1CA7, 0x14A6, 0x1485, 0x1485, 0x1CC6, 0x1CA6, 0x1CA6, 0x35CB, 0x468D,
    0x2E0A, 0x0D25, 0x0524, 0x1607, 0x1E28, 0x1E28, 0x1E28, 0x1E08, 0x15E7, 0x15E7, 0x0DE7, 0x15E7,
    0x15E7, 0x1DE7, 0x1E08, 0x1E08, 0x15C7, 0x0D25, 0x0D05, 0x25C8, 0x3E8C, 0x464C, 0x3569, 0x1C86,
    0x1426, 0x1C26, 0x1C67, 0x1C47, 0x13C5, 0x1C47, 0x3DAA, 0x2DC9, 0x14C5, 0x03E2, 0x0483, 0x0565,
    0x05C6, 0x1647, 0x26E9, 0x2F8B, 0x3FCD, 0x57EF, 0x5FF0, 0x67F0, 0x57EF, 0x47EE, 0x37CB, 0x27AA,
    0x1768, 0x0EE7, 0x0604, 0x0543, 0x1DE7, 0x362A, 0x34E9, 0x1B86, 0x1405, 0x1587, 0x0CA4, 0x0362,
    0x03E3, 0x0443, 0x04C4, 0x0D65, 0x25C8, 0x4DEC, 0x6E30, 0x8E93, 0x9ED5, 0xA716, 0xAED6, 0xB656,
    0xADD5, 0x9553, 0x6D0F, 0x3CEA, 0x1CC6, 0x0443, 0x03A2, 0x14A5, 0x2DA9, 0x2CE9, 0x1B05, 0x1345,
    0x2629, 0x37CC, 0x47ED, 0x4FCE, 0x47CE, 0x37EC, 0x278A, 0x1728, 0x0686, 0x0605, 0x0544, 0x04A4,
    0x0463, 0x0463, 0x04A4, 0x0524, 0x05A5, 0x0626, 0x0EA7, 0x16E8, 0x1F29, 0x1F6A, 0x1EE9, 0x1D87,
    0x1BE5, 0x1BA5, 0x1C05, 0x13C5, 0x1C46, 0x358A, 0x464C, 0x3E4B, 0x2D48, 0x0C44, 0x0442, 0x0504,
    0x15C7, 0x1E48, 0x26CA, 0x2F6B, 0x3FCD, 0x4FEE, 0x5FEF, 0x57CF, 0x4FEE, 0x3FCD, 0x37AB, 0x2F4A,
    0x1E88, 0x0D45, 0x1546, 0x468C, 0x45CB, 0x1B85, 0x0A83, 0x1BE6, 0x2DA9, 0x1506, 0x0423, 0x03C3,
    0x0403, 0x0443, 0x0484, 0x0504, 0x05C5, 0x0666, 0x0F07, 0x1768, 0x27AA, 0x2FAB, 0x378C, 0x3F2C,
    0x468C, 0x45CC, 0x3D4A, 0x24E7, 0x0CA5, 0x0443, 0x03C3, 0x0382, 0x0443, 0x1E08, 0x2588, 0x1C26,
    0x1C46, 0x1C86, 0x1C66, 0x1425, 0x1CA7, 0x35CA, 0x468C, 0x2588, 0x0443, 0x04E3, 0x05E5, 0x1687,
    0x2729, 0x37AB, 0x47EE, 0x5FF0, 0x67D0, 0x57F0, 0x47EE, 0x2FCB, 0x1F89, 0x0F07, 0x0605, 0x0D65,
    0x25C8, 0x2E4A, 0x2608, 0x1D27, 0x1C86, 0x1C66, 0x1C86, 0x1C87, 0x2487, 0x1C87, 0x1C66, 0x1426,
    0x1405, 0x2D08, 0x3E4C, 0x360B, 0x2507, 0x0423, 0x0422, 0x04C4, 0x0D86, 0x1E08, 0x2689, 0x2F2B,
    0x3FAC, 0x4FEE, 0x5FCF, 0x5FD0, 0x57EF, 0x47ED, 0x37AB, 0x2F6A, 0x1EA9, 0x0545, 0x1D67, 0x3E6B,
    0x360B, 0x2508, 0x1C66, 0x0C64, 0x0CA5, 0x14A6, 0x1CA6, 0x0C05, 0x13C5, 0x3549, 0x35CA, 0x14C5,
    0x0423, 0x0463, 0x0525, 0x0585, 0x0E06, 0x1EA9, 0x272A, 0x37AC, 0x47EE, 0x57EF, 0x5FD0, 0x5FF0,
    0x57CF, 0x47CD, 0x2FCB, 0x1F89, 0x1768, 0x0F07, 0x0625, 0x0584, 0x1DC7, 0x3E2B, 0x352A, 0x1345,
    0x1345, 0x1365, 0x1344, 0x2447, 0x2D69, 0x2568, 0x0444, 0x03A2, 0x0423, 0x04A4, 0x0525, 0x15A7,
    0x3DEB, 0x662F, 0x8692, 0x9ED5, 0xA736, 0xAF56, 0xAF16, 0xB676, 0xADB5, 0x9552, 0x6D0E, 0x3CE9,
    0x14C6, 0x0423, 0x03C2, 0x2D68, 0x3DEA, 0x1C67, 0x1406, 0x1C26, 0x1C26, 0x1C66, 0x1405, 0x13E5,
    0x2D29, 0x35CA, 0x14E6, 0x0403, 0x0403, 0x04A4, 0x0565, 0x0605, 0x0EC7, 0x1768, 0x2FCB, 0x47ED,
    0x57EF, 0x57EF, 0x4FEE, 0x3F8C, 0x36EB, 0x360A, 0x2DA9, 0x0CE5, 0x0423, 0x1CE6, 0x360A, 0x2E2A,
    0x1DC8, 0x1587, 0x1DC7, 0x1DE7, 0x1DC7, 0x1DA7, 0x1DA8, 0x1D68, 0x1D27, 0x1507, 0x2DA9, 0x466C,
    0x25C8, 0x0584, 0x0EC7, 0x1FAA, 0x37CC, 0x3FCD, 0x3FEC, 0x27AA, 0x06C6, 0x0E06, 0x25E8, 0x3E4B,
    0x25E9, 0x1566, 0x1587, 0x15A7, 0x1DA8, 0x1DA8, 0x1DA7, 0x1566, 0x0D25, 0x2568, 0x3569, 0x1CE7,
    0x0C65, 0x2507, 0x464C, 0x3E0B, 0x1D06, 0x04C3, 0x05A4, 0x0EC7, 0x1F29, 0x2FAB, 0x47EE, 0x5FF0,
    0x67D0, 0x57EF, 0x3FCD, 0x2FCB, 0x1748, 0x0665, 0x05A5, 0x25A8, 0x3E2B, 0x3E0B, 0x2D28, 0x1C46,
    0x1425, 0x1C46, 0x1C66, 0x1425, 0x24E8, 0x3E6C, 0x2568, 0x0423, 0x04E4, 0x05E5, 0x06C6, 0x1768,
    0x2FCB, 0x3FED, 0x4FEE, 0x47EE, 0x3FCD, 0x2FAB, 0x274A, 0x1E88, 0x0D66, 0x04C4, 0x1545, 0x1DC7,
    0x1506, 0x1C66, 0x4D6C, 0x5E0F, 0x55ED, 0x460B, 0x3609, 0x2608, 0x25E8, 0x35C9, 0x4DAC, 0x552C,
    0x23A7, 0x0B04, 0x2CA8, 0x35CA, 0x1E07, 0x0625, 0x06E6, 0x27AA, 0x37CC, 0x47CE, 0x5FEF, 0x67D0,
    0x57EF, 0x3FED, 0x274A, 0x1E88, 0x0D86, 0x04A4, 0x0403, 0x03C3, 0x03C3, 0x03A3, 0x03C3, 0x0CA5,
    0x2548, 0x2C88, 0x0AA3, 0x0242, 0x0AC3, 0x0A83, 0x13E5, 0x1547, 0x0444, 0x03A2, 0x03C3, 0x0403,
    0x0464, 0x04E4, 0x05A5, 0x0646, 0x0EE7, 0x1F49, 0x276A, 0x374B, 0x3EAC, 0x45EC, 0x454A, 0x24E8,
    0x0C85, 0x0403, 0x03A3, 0x03A2, 0x0464, 0x1587, 0x1D07, 0x1BC5, 0x1BC5, 0x1C06, 0x1BE6, 0x13C5,
    0x1CE6, 0x14C6, 0x2528, 0x4E8D, 0x464C, 0x14E5, 0x0544, 0x0E67, 0x1F09, 0x2FAB, 0x47CE, 0x5FD0,
    0x67D0, 0x57CF, 0x3FED, 0x27CB, 0x16E8, 0x05A5, 0x0D66, 0x2608, 0x2E49, 0x2547, 0x1C46, 0x1C46,
    0x1C66, 0x1C86, 0x1C86, 0x1C46, 0x1C66, 0x2D29, 0x4E8D, 0x3E4B, 0x0D05, 0x0D66, 0x1E48, 0x1E69,
    0x2689, 0x2689, 0x2689, 0x2648, 0x2628, 0x1E08, 0x1E08, 0x1E08, 0x2608, 0x2648, 0x2669, 0x2669,
    0x2669, 0x1E28, 0x0DA6, 0x0504, 0x1546, 0x364B, 0x468D, 0x356A, 0x13E5, 0x13A5, 0x1C26, 0x1C06,
    0x1384, 0x1C47, 0x35AA, 0x1D27, 0x0443, 0x0464, 0x04C4, 0x0544, 0x05C5, 0x1627, 0x26C9, 0x2F6A,
    0x37CC, 0x4FEE, 0x5FEF, 0x5FD0, 0x5FD0, 0x4FCE, 0x3FED, 0x2FCB, 0x1F89, 0x1748, 0x0F07, 0x0686,
    0x05A4, 0x15A6, 0x35EA, 0x2407, 0x1384, 0x1567, 0x0CA5, 0x0382, 0x03E3, 0x0403, 0x0463, 0x0504,
    0x0D86, 0x35CA, 0x560D, 0x7E51, 0x8E73, 0xA695, 0xAE56, 0xADF6, 0xA574, 0x8511, 0x5CED, 0x2CA9,
    0x0C85, 0x0403, 0x03A2, 0x0423, 0x1D47, 0x35AA, 0x2366, 0x0AC3, 0x25E8, 0x37AB, 0x3FED, 0x47CE,
    0x4FCE, 0x47ED, 0x2FCB, 0x1F69, 0x0EE7, 0x0666, 0x05C5, 0x0544, 0x04C4, 0x04C4, 0x04E4, 0x0565,
    0x05E5, 0x0646, 0x0EA7, 0x1EE8, 0x1F09, 0x1F09, 0x1F29, 0x1E27, 0x1C26, 0x1365, 0x1385, 0x1385,
    0x356A, 0x4E8D, 0x2D88, 0x0C44, 0x03C2, 0x0443, 0x04E4, 0x0565, 0x15C7, 0x1E48, 0x26CA, 0x376B,
    0x3FCD, 0x4FEE, 0x5FEF, 0x5FD0, 0x57CF, 0x47CE, 0x3FCC, 0x2F8B, 0x272A, 0x1607, 0x0D45, 0x1DA7,
    0x3E2B, 0x3D0A, 0x0A83, 0x1344, 0x2D68, 0x1526, 0x0444, 0x03C3, 0x0403, 0x0423, 0x0443, 0x04A4,
    0x0544, 0x0605, 0x06A6, 0x0F07, 0x1F49, 0x2F4A, 0x372B, 0x3ECC, 0x462C, 0x458B, 0x352A, 0x1CE7,
    0x0464, 0x03E3, 0x03C3, 0x0383, 0x0403, 0x15A7, 0x1D88, 0x1C46, 0x1405, 0x1C06, 0x1C06, 0x13E5,
    0x2D49, 0x468C, 0x2547, 0x0423, 0x0463, 0x0545, 0x0DE6, 0x1667, 0x2709, 0x37AB, 0x47EE, 0x5FEF,
    0x67D0, 0x5FD0, 0x4FEF, 0x3FCC, 0x27AA, 0x1F69, 0x0EE7, 0x05E5, 0x04E3, 0x0D25, 0x1E28, 0x1E08,
    0x1CE7, 0x13E5, 0x1C05, 0x1C46, 0x1C26, 0x1C46, 0x1405, 0x13E5, 0x24A7, 0x3DEB, 0x35EA, 0x0C24,
    0x0361, 0x0423, 0x04C4, 0x0545, 0x0D85, 0x1E28, 0x26A9, 0x2F2B, 0x3FAC, 0x4FEE, 0x5FEF, 0x5FF0,
    0x5FD0, 0x4FEF, 0x3FCD, 0x37AB, 0x272A, 0x1648, 0x0D86, 0x1D87, 0x3E2B, 0x3569, 0x1405, 0x1445,
    0x1C66, 0x1446, 0x1446, 0x13E5, 0x1BE6, 0x3529, 0x2D68, 0x0464, 0x0443, 0x04A4, 0x0504, 0x0585,
    0x0DE6, 0x1E68, 0x270A, 0x2F8B, 0x3FCD, 0x4FEF, 0x5FD0, 0x5FF0, 0x5FEF, 0x4FEE, 0x3FEC, 0x2FCB,
    0x1F89, 0x1F48, 0x1728, 0x0686, 0x05A4, 0x2628, 0x356A, 0x1B86, 0x1324, 0x1304, 0x1304, 0x1BE6,
    0x2508, 0x2588, 0x0C64, 0x03A2, 0x0403, 0x0444, 0x04C4, 0x0D65, 0x25C8, 0x4E0C, 0x7630, 0x8E73,
    0x9EB5, 0xA6D6, 0xAE76, 0xADF6, 0xA574, 0x8511, 0x54EC, 0x2CC8, 0x0CA5, 0x03E3, 0x0382, 0x1CE6,
    0x35CA, 0x2D09, 0x1C06, 0x1385, 0x13E5, 0x1C26, 0x13C5, 0x13A5, 0x2D09, 0x35AA, 0x14E6, 0x0403,
    0x03E3, 0x0464, 0x04E4, 0x05A5, 0x0666, 0x0F27, 0x1F89, 0x37CC, 0x47ED, 0x47EE, 0x47CD, 0x3F4C,
    0x3E6C, 0x3DAA, 0x2D48, 0x0CC5, 0x0423, 0x0423, 0x2547, 0x364B, 0x25A9, 0x1506, 0x1D67, 0x1D87,
    0x1D67, 0x1D67, 0x1D67, 0x1506, 0x14A6, 0x2568, 0x3E2B, 0x360A, 0x1565, 0x05C4, 0x1729, 0x37CB,
    0x47CD, 0x57CF, 0x4FCE, 0x37EC, 0x1F89, 0x0645, 0x15C6, 0x3E4B, 0x362B, 0x1D88, 0x1526, 0x1526,
    0x1D47, 0x1D47, 0x1D47, 0x1D47, 0x1527, 0x14E6, 0x0C85, 0x0C45, 0x2508, 0x3E2B, 0x3E4C, 0x1CE6,
    0x0422, 0x0524, 0x0DE6, 0x1687, 0x1F29, 0x2FAB, 0x47EE, 0x5FF0, 0x67D0, 0x5FCF, 0x47EE, 0x37CC,
    0x27AA, 0x1728, 0x0645, 0x0564, 0x1566, 0x3E4B, 0x466D, 0x2D09, 0x1C06, 0x13A5, 0x13C5, 0x1C26,
    0x2508, 0x2E0A, 0x14E6, 0x03C2, 0x04C4, 0x05A5, 0x0665, 0x0F27, 0x27AA, 0x3FCD, 0x57EF, 0x5FCF,
    0x4FEE, 0x37CD, 0x2F4B, 0x2E8A, 0x1DC8, 0x0CA4, 0x0483, 0x15C7, 0x1DA8, 0x14A6, 0x0C45, 0x24C7,
    0x4D8B, 0x65EE, 0x660E, 0x5E0E, 0x5E0E, 0x65EE, 0x550C, 0x1BC6, 0x0AE3, 0x1BA6, 0x3DAB, 0x2608,
    0x05C4, 0x0EE7, 0x17A9, 0x27CA, 0x3FCD, 0x57CF, 0x5FF0, 0x5FF0, 0x4FEF, 0x37CC, 0x2729, 0x1647,
    0x0D45, 0x0464, 0x03E3, 0x03C3, 0x03C3, 0x03A2, 0x03C3, 0x0C84, 0x2548, 0x2C88, 0x0A83, 0x0222,
    0x0AA3, 0x0A22, 0x1384, 0x1506, 0x0C64, 0x03C3, 0x03C3, 0x03E3, 0x0423, 0x0484, 0x0525, 0x05C5,
    0x0686, 0x16E8, 0x2709, 0x36CA, 0x3E2B, 0x458B, 0x3509, 0x14C6, 0x0444, 0x03C3, 0x03C3, 0x03C3,
    0x0443, 0x0D66, 0x1D06, 0x1BE6, 0x13A5, 0x13A5, 0x13A5, 0x13A5, 0x14A6, 0x2D69, 0x4E8D, 0x462B,
    0x1D07, 0x0CC4, 0x0D85, 0x1688, 0x2709, 0x37AB, 0x4FEE, 0x5FF0, 0x67D1, 0x5FD0, 0x4FEE, 0x37CC,
    0x1F49, 0x0E67, 0x0565, 0x0D45, 0x1DC7, 0x2649, 0x25A8, 0x1C86, 0x1C06, 0x1C27, 0x1C47, 0x13C5,
    0x2447, 0x3DCB, 0x360B, 0x1D87, 0x0D66, 0x1E28, 0x2EEA, 0x2EEA, 0x2F0A, 0x2F0A, 0x2EEA, 0x2EAA,
    0x2E69, 0x2649, 0x2E29, 0x2E49, 0x2E6A, 0x2EAA, 0x2ECA, 0x2ECA, 0x2ECA, 0x2ECA, 0x2669, 0x15E7,
    0x0D45, 0x0D25, 0x362A, 0x460C, 0x2487, 0x13A5, 0x13A5, 0x13A5, 0x1344, 0x1C06, 0x2D69, 0x1506,
    0x0423, 0x0484, 0x04E4, 0x0544, 0x05A6, 0x1E28, 0x26AA, 0x2F4B, 0x37AC, 0x47ED, 0x57EF, 0x5FD0,
    0x5FD0, 0x57EF, 0x47EE, 0x3FCC, 0x2FAB, 0x1F89, 0x1F69, 0x1728, 0x0625, 0x05E5, 0x2E29, 0x2C47,
    0x13A5, 0x1527, 0x0CA5, 0x03A3, 0x03E3, 0x0404, 0x0424, 0x0484, 0x0525, 0x1D87, 0x3DCB, 0x65EF,
    0x7E32, 0x9634, 0xA5F5, 0xA594, 0x8D52, 0x6CEF, 0x44CB, 0x1C87, 0x0444, 0x03E3, 0x03E3, 0x0402,
    0x0D05, 0x3E0B, 0x2BE7, 0x0AA3, 0x1D47, 0x2F6B, 0x37EC, 0x3FCD, 0x4FCE, 0x4FEE, 0x3FED, 0x27AA,
    0x1748, 0x0EC7, 0x0645, 0x05C5, 0x0544, 0x0524, 0x0544, 0x05A5, 0x0605, 0x0666, 0x16C7, 0x1EE8,
    0x1F09, 0x1EC9, 0x1708, 0x1688, 0x1CA6, 0x1324, 0x1325, 0x2C88, 0x3DEB, 0x2DA9, 0x0C23, 0x03A2,
    0x0443, 0x0484, 0x0504, 0x0585, 0x15E7, 0x2648, 0x2ECA, 0x376B, 0x3FCC, 0x4FEE, 0x5FEF, 0x5FD0,
    0x5FD0, 0x57EF, 0x47EE, 0x37CC, 0x2F6B, 0x26E9, 0x1607, 0x0D25, 0x2E09, 0x45CB, 0x1B05, 0x0AE3,
    0x24C7, 0x1D67, 0x0C85, 0x03C3, 0x0404, 0x0424, 0x0423, 0x0464, 0x04C4, 0x0584, 0x0625, 0x0EA7,
    0x1EE9, 0x2F0A, 0x36CB, 0x3E6B, 0x45AC, 0x454A, 0x2CE8, 0x14A6, 0x0444, 0x03C3, 0x03E3, 0x03E3,
    0x0424, 0x0D45, 0x1D67, 0x1CC7, 0x1BC6, 0x1385, 0x13C5, 0x1C06, 0x3569, 0x35EA, 0x0C64, 0x0402,
    0x04E4, 0x0565, 0x0DC6, 0x1E68, 0x270A, 0x2F8B, 0x47ED, 0x57EF, 0x67D0, 0x67D0, 0x5FEF, 0x4FEE,
    0x37EC, 0x278A, 0x1F29, 0x0E87, 0x05E5, 0x0504, 0x0505, 0x15E7, 0x1D67, 0x1C06, 0x1BC5, 0x1BE5,
    0x13E5, 0x1C06, 0x13A4, 0x1BC5, 0x3D8A, 0x35CA, 0x1465, 0x03C2, 0x03E2, 0x0484, 0x0504, 0x0545,
    0x0DA6, 0x1E28, 0x2EAA, 0x372B, 0x3FAC, 0x47CD, 0x57EF, 0x5FF0, 0x67F0, 0x5FEF, 0x4FCE, 0x3FCC,
    0x2F8B, 0x2F0A, 0x1608, 0x1566, 0x360A, 0x356A, 0x13E5, 0x1405, 0x1C26, 0x1405, 0x1426, 0x13C5,
    0x1BC5, 0x2CE8, 0x2548, 0x0484, 0x0463, 0x04A4, 0x0504, 0x0585, 0x0DE7, 0x1E48, 0x2EEA, 0x2F6B,
    0x3FCC, 0x4FEE, 0x5FD0, 0x5FD0, 0x5FEF, 0x57EE, 0x47ED, 0x37EC, 0x2FCB, 0x27AA, 0x1F89, 0x0F07,
    0x0625, 0x1647, 0x2D89, 0x23E7, 0x1304, 0x0AA3, 0x12E4, 0x1B65, 0x24C7, 0x1D87, 0x0C64, 0x03A2,
    0x0403, 0x0423, 0x0463, 0x0504, 0x1586, 0x35CA, 0x55EE, 0x7E31, 0x9653, 0x9E55, 0xADF5, 0xA594,
    0x8D32, 0x6CEF, 0x44CA, 0x1CA6, 0x0444, 0x03E3, 0x03C3, 0x0C64, 0x2568, 0x358A, 0x2407, 0x0B24,
    0x13C5, 0x1BE6, 0x1385, 0x1364, 0x2CA8, 0x3589, 0x14E6, 0x0423, 0x03C2, 0x0423, 0x0484, 0x0524,
    0x05E5, 0x06A6, 0x1728, 0x278A, 0x37CC, 0x3FAC, 0x3F6C, 0x3ECC, 0x460C, 0x3D4A, 0x24E7, 0x0CA5,
    0x0424, 0x03A3, 0x14A5, 0x362A, 0x25A9, 0x14C6, 0x1D06, 0x1D07, 0x1D27, 0x1D27, 0x14E6, 0x14C6,
    0x2507, 0x3E4B, 0x3E2B, 0x1505, 0x0544, 0x0E66, 0x1F49, 0x37CC, 0x4FEE, 0x67D0, 0x5FCF, 0x47ED,
    0x2FCB, 0x0F08, 0x0606, 0x15A7, 0x360A, 0x464C, 0x2DA9, 0x14E6, 0x14A5, 0x14E6, 0x1CE6, 0x1CE6,
    0x14E6, 0x14C6, 0x1465, 0x1425, 0x35AA, 0x464C, 0x1D06, 0x0C44, 0x0484, 0x0545, 0x0DE6, 0x1667,
    0x2729, 0x2FAB, 0x47ED, 0x57EF, 0x67D0, 0x5FD0, 0x57EF, 0x3FED, 0x2FCB, 0x1F89, 0x0F07, 0x0645,
    0x05A4, 0x1565, 0x25E9, 0x3E2C, 0x2CC9, 0x1344, 0x1345, 0x1BE6, 0x24E7, 0x1D88, 0x0C84, 0x03A2,
    0x0464, 0x0524, 0x05E5, 0x06C6, 0x1768, 0x2FCB, 0x4FEE, 0x5FEF, 0x57EF, 0x3FCD, 0x372C, 0x366A,
    0x2DA9, 0x14C5, 0x0463, 0x0CC5, 0x1D87, 0x1D67, 0x1465, 0x1445, 0x1CC6, 0x24C8, 0x34E9, 0x3CEA,
    0x3CEA, 0x3489, 0x23E7, 0x0B44, 0x1345, 0x2C68, 0x360A, 0x1647, 0x0645, 0x1768, 0x27EA, 0x37EC,
    0x4FEE, 0x5FEF, 0x67F0, 0x5FF0, 0x4FEE, 0x37AC, 0x2709, 0x1607, 0x0505, 0x0423, 0x03C3, 0x03C3,
    0x03C3, 0x03A2, 0x03C3, 0x0C84, 0x2548, 0x2CA8, 0x0A63, 0x0201, 0x0A83, 0x0202, 0x0B03, 0x14A5,
    0x0C84, 0x0403, 0x03A3, 0x03C3, 0x0403, 0x0423, 0x04A4, 0x0564, 0x0625, 0x0E87, 0x1EA8, 0x2E6A,
    0x3DCB, 0x3D4A, 0x24E8, 0x0C65, 0x03E3, 0x03A3, 0x03E3, 0x0404, 0x0C64, 0x0D25, 0x1506, 0x1C26,
    0x1365, 0x1345, 0x1385, 0x1365, 0x2508, 0x462C, 0x4E8D, 0x2D28, 0x0C64, 0x0D05, 0x15E7, 0x1E68,
    0x270A, 0x378C, 0x4FCE, 0x5FF0, 0x6FD1, 0x67F0, 0x57EF, 0x3FAC, 0x276A, 0x1F09, 0x0E26, 0x0D45,
    0x0D05, 0x1587, 0x1DE8, 0x2567, 0x1C47, 0x1BC7, 0x2427, 0x1BA5, 0x2C67, 0x460B, 0x25A9, 0x1546,
    0x1E28, 0x26CA, 0x2F2A, 0x2F6B, 0x2F6B, 0x2F6B, 0x2F4B, 0x2F0B, 0x2ECA, 0x36AA, 0x368A, 0x368A,
    0x36CB, 0x36EB, 0x370B, 0x372B, 0x372B, 0x372B, 0x370B, 0x370B, 0x1E08, 0x0D04, 0x1D87, 0x3E0B,
    0x3D8B, 0x2C07, 0x1B45, 0x1BA6, 0x1B45, 0x23C6, 0x2D48, 0x1D07, 0x0C64, 0x0CA5, 0x0CE5, 0x0D65,
    0x0DC6, 0x1E28, 0x2E8A, 0x370B, 0x3FAC, 0x47ED, 0x57CF, 0x5FD0, 0x67F0, 0x5FCF, 0x57EF, 0x47ED,
    0x3FCC, 0x2FAB, 0x27AA, 0x2789, 0x0EC7, 0x0E66, 0x2649, 0x2C88, 0x23E7, 0x1CE6, 0x14A5, 0x0BE4,
    0x0C04, 0x0C04, 0x0C24, 0x0C65, 0x0CE5, 0x1566, 0x2DA9, 0x55ED, 0x75F0, 0x8DF2, 0x9DB3, 0x9573,
    0x8531, 0x5D0D, 0x34C9, 0x1486, 0x0C24, 0x03E4, 0x0444, 0x0443, 0x0D05, 0x362A, 0x3468, 0x1B05,
    0x1CA7, 0x2EEB, 0x37ED, 0x3FEC, 0x4FCE, 0x57EF, 0x47EE, 0x37CC, 0x278A, 0x1728, 0x0EA7, 0x0626,
    0x0DC6, 0x0DA5, 0x0DA6, 0x0DE6, 0x0E47, 0x1687, 0x1EC9, 0x1EE9, 0x26E9, 0x1EC9, 0x1EE9, 0x1E88,
    0x1D88, 0x1365, 0x2346, 0x458B, 0x3DCA, 0x1465, 0x03C3, 0x0424, 0x0CC5, 0x04E5, 0x0525, 0x0D86,
    0x1DE7, 0x2649, 0x2ECA, 0x374B, 0x3FAD, 0x4FEE, 0x5FEF, 0x67F0, 0x67F1, 0x67F0, 0x57EF, 0x47CE,
    0x378C, 0x376C, 0x26CA, 0x0D66, 0x25C8, 0x3DCB, 0x2386, 0x12C4, 0x1C26, 0x1D67, 0x0CC5, 0x03A3,
    0x03E4, 0x0424, 0x0424, 0x0444, 0x0484, 0x0525, 0x05C5, 0x0E66, 0x16A8, 0x26A9, 0x368A, 0x3E0B,
    0x456B, 0x3D09, 0x1CC7, 0x0C85, 0x0404, 0x03C3, 0x03E3, 0x0C45, 0x1485, 0x0CE5, 0x1567, 0x2548,
    0x23E6, 0x1B45, 0x1BA6, 0x2C68, 0x3549, 0x2D48, 0x0C64, 0x0C44, 0x0525, 0x0565, 0x0DC6, 0x1E48,
    0x26CA, 0x2F6B, 0x3FCD, 0x57EE, 0x5FF0, 0x67D0, 0x67D0, 0x57EF, 0x47EE, 0x37AC, 0x274A, 0x1F09,
    0x16C8, 0x0DC6, 0x0CE5, 0x1566, 0x1D67, 0x1C87, 0x1BA6, 0x1B85, 0x1BC6, 0x1BC5, 0x1385, 0x2407,
    0x3DCB, 0x2D49, 0x0BA3, 0x0C24, 0x0CC5, 0x0CC5, 0x0524, 0x0565, 0x0DC7, 0x2628, 0x2E8A, 0x372B,
    0x3F8C, 0x47CD, 0x57EF, 0x67F0, 0x67F1, 0x67D0, 0x5FCF, 0x4FCE, 0x3FCD, 0x3F6C, 0x2669, 0x1D87,
    0x35E9, 0x3D6A, 0x2427, 0x1BE6, 0x1BE6, 0x1BE6, 0x1C06, 0x1BA5, 0x1B85, 0x2CC8, 0x2D48, 0x0CA5,
    0x0464, 0x04A4, 0x0524, 0x05A5, 0x0DE7, 0x2649, 0x2ECA, 0x374B, 0x3FCC, 0x4FEE, 0x5FEF, 0x5FD0,
    0x5FF0, 0x57EF, 0x4FEE, 0x47ED, 0x37EC, 0x2FCB, 0x27AA, 0x1748, 0x0EC7, 0x1667, 0x25A8, 0x2C48,
    0x1305, 0x0263, 0x0AE4, 0x1304, 0x1C46, 0x25A8, 0x0C84, 0x03C3, 0x0424, 0x0424, 0x0444, 0x0CC4,
    0x0D46, 0x25A8, 0x45EC, 0x6E0F, 0x8612, 0x95F4, 0xA594, 0x9D53, 0x7D30, 0x5CED, 0x34C9, 0x1486,
    0x0404, 0x0C04, 0x0424, 0x0464, 0x1D47, 0x3DEB, 0x2C68, 0x1324, 0x1B85, 0x1BA6, 0x1B45, 0x1324,
    0x2C47, 0x3549, 0x1D27, 0x0C44, 0x03E3, 0x0424, 0x0444, 0x04C4, 0x0564, 0x0625, 0x0EC7, 0x1F48,
    0x2F6A, 0x374B, 0x3F0C, 0x464C, 0x458B, 0x3529, 0x14C6, 0x0484, 0x0404, 0x0BA3, 0x0C65, 0x25E8,
    0x25C9, 0x2508, 0x1CA7, 0x1CC7, 0x1CE7, 0x1CC7, 0x1C86, 0x2508, 0x3E0B, 0x3E2B, 0x2547, 0x04A4,
    0x0D85, 0x16A8, 0x274A, 0x3FCC, 0x57EF, 0x67F0, 0x67D0, 0x57EF, 0x3FCC, 0x27AA, 0x16C8, 0x0DE5,
    0x25A7, 0x3E2A, 0x3E2B, 0x2D89, 0x1CC7, 0x1466, 0x1C86, 0x1CA6, 0x1CA6, 0x1CA7, 0x1C67, 0x2487,
    0x3DCB, 0x35EA, 0x0423, 0x0423, 0x0D05, 0x0565, 0x0DC6, 0x1E68, 0x2EEA, 0x378B, 0x47CD, 0x57EF,
    0x5FF0, 0x67D0, 0x5FCF, 0x4FEE, 0x3FCC, 0x2FAB, 0x276A, 0x1728, 0x0E86, 0x0583, 0x0D85, 0x366A,
    0x3D8B, 0x23C7, 0x1304, 0x1BA6, 0x24C8, 0x1D67, 0x0C85, 0x03C3, 0x0444, 0x04E4, 0x0585, 0x0646,
    0x0F07, 0x278A, 0x3FCC, 0x4FEE, 0x4FEE, 0x478D, 0x46ED, 0x460B, 0x3D6A, 0x1D07, 0x0C84, 0x0BE4,
    0x1D27, 0x2E09, 0x2508, 0x1466, 0x1485, 0x0C44, 0x1445, 0x1C46, 0x1C26, 0x13E6, 0x1385, 0x1345,
    0x2BE8, 0x3D2A, 0x2E09, 0x1E68, 0x1EC8, 0x278A, 0x37EC, 0x47EE, 0x5FEF, 0x67F0, 0x67F1, 0x5FF0,
    0x4FEF, 0x37AC, 0x2EEA, 0x1E08, 0x0D06, 0x0C44, 0x03E4, 0x0BE4, 0x03E3, 0x03C3, 0x03E3, 0x0C85,
    0x2D48, 0x2CA8, 0x0A63, 0x0201, 0x0A83, 0x0A02, 0x0AC3, 0x1425, 0x0CC5, 0x0424, 0x0383, 0x03C3,
    0x0403, 0x0424, 0x0464, 0x0505, 0x05E5, 0x0E67, 0x1E68, 0x362A, 0x3DAA, 0x3529, 0x1CC7, 0x0C44,
    0x03C3, 0x03A3, 0x0404, 0x1445, 0x1C86, 0x14E6, 0x0D06, 0x1C86, 0x1B65, 0x1B05, 0x1B65, 0x1B65,
    0x3DAB, 0x466D, 0x2D48, 0x1485, 0x0CA4, 0x0D46, 0x15E7, 0x1E68, 0x26EA, 0x378B, 0x47CD, 0x5FEF,
    0x67F1, 0x67F0, 0x57CF, 0x3FCC, 0x2F8B, 0x2709, 0x16A8, 0x0E06, 0x0D45, 0x0C84, 0x1526, 0x1DE8,
    0x2508, 0x23E6, 0x23C6, 0x1B85, 0x2C47, 0x3DCB, 0x25A8, 0x15A7, 0x2689, 0x2F2B, 0x378B, 0x37CC,
    0x37CC, 0x37AC, 0x378C, 0x376C, 0x372B, 0x36EB, 0x36CB, 0x3ECB, 0x3F0B, 0x3F2C, 0x3F6C, 0x3F8C,
    0x3F8D, 0x3F8C, 0x3F6C, 0x372B, 0x2EAA, 0x1DE8, 0x0D46, 0x2588, 0x4E0C, 0x3448, 0x1B05, 0x1B86,
    0x1B25, 0x2386, 0x2D08, 0x1D07, 0x0CA5, 0x0CA5, 0x0D05, 0x0D86, 0x0DC6, 0x1E08, 0x2E6A, 0x36EB,
    0x3F8C, 0x47CD, 0x57EF, 0x5FD0, 0x67F0, 0x5FF0, 0x5FEF, 0x57EE, 0x47EE, 0x3FCD, 0x37CC, 0x2FAB,
    0x1728, 0x16C7, 0x1E88, 0x2CE8, 0x2C07, 0x1CA6, 0x14A6, 0x0C25, 0x0C04, 0x0C04, 0x0C24, 0x0C44,
    0x0CA4, 0x0D26, 0x1DA8, 0x3DCB, 0x65CE, 0x7DB1, 0x8D92, 0x8571, 0x752F, 0x4D0B, 0x24C7, 0x0C65,
    0x0C04, 0x0C04, 0x0C85, 0x0CA5, 0x0D46, 0x2629, 0x3529, 0x2B87, 0x1BE6, 0x264A, 0x3FED, 0x3FEC,
    0x47AD, 0x57EF, 0x57CF, 0x4FEE, 0x37CC, 0x276A, 0x1F09, 0x1687, 0x0E46, 0x0E06, 0x0E06, 0x0E27,
    0x1667, 0x1EA8, 0x26E9, 0x26EA, 0x26E9, 0x26A9, 0x1EA8, 0x1E88, 0x15E7, 0x1BE5, 0x2B86, 0x3DCB,
    0x2548, 0x0BC3, 0x0C65, 0x0CA5, 0x0CA4, 0x0D05, 0x0D65, 0x0DC6, 0x1E08, 0x2E49, 0x36CA, 0x372C,
    0x3FAC, 0x4FCE, 0x5FEF, 0x67F0, 0x67F1, 0x67F1, 0x5FD0, 0x4FCE, 0x3FCD, 0x3FAC, 0x2F0A, 0x1DC7,
    0x25E8, 0x35AA, 0x23E7, 0x12C4, 0x1B85, 0x1D68, 0x1527, 0x0BC3, 0x0C04, 0x0C44, 0x0424, 0x0424,
    0x0464, 0x04C5, 0x0565, 0x0606, 0x1667, 0x1E88, 0x364A, 0x3DCB, 0x454B, 0x2D09, 0x14C6, 0x0C44,
    0x0BE4, 0x0BC4, 0x0C24, 0x1486, 0x24A7, 0x14A6, 0x1547, 0x1D87, 0x2427, 0x1B46, 0x23A6, 0x2C48,
    0x3529, 0x2548, 0x14A5, 0x0C84, 0x0D25, 0x0D86, 0x15C7, 0x2628, 0x2EAA, 0x374B, 0x3FAC, 0x4FEE,
    0x5FEF, 0x67F0, 0x67D0, 0x5FEF, 0x4FCE, 0x37CC, 0x2F6B, 0x2709, 0x1EC8, 0x1667, 0x15C6, 0x0D25,
    0x1526, 0x1CE7, 0x1BA6, 0x1B45, 0x1B85, 0x1365, 0x1B66, 0x2C68, 0x35AA, 0x2507, 0x0BE4, 0x0C65,
    0x0CC6, 0x0CE5, 0x0D46, 0x0DA6, 0x15E7, 0x2629, 0x368A, 0x370B, 0x3F6C, 0x47CD, 0x57EF, 0x67D0,
    0x6FD1, 0x67F1, 0x67D0, 0x57EF, 0x47EE, 0x3FAD, 0x268A, 0x1DA7, 0x2DC9, 0x354A, 0x2C07, 0x23C6,
    0x1BC6, 0x1BC6, 0x1BC6, 0x1B65, 0x1B65, 0x2C88, 0x2D28, 0x14C5, 0x0464, 0x04A4, 0x0545, 0x05A5,
    0x15E7, 0x2629, 0x36AA, 0x372C, 0x3FAD, 0x4FCE, 0x5FEF, 0x67F0, 0x5FF0, 0x5FEF, 0x57EF, 0x4FCE,
    0x47CD, 0x37EC, 0x2FCB, 0x278A, 0x1728, 0x0EA7, 0x25E8, 0x2CA9, 0x1B05, 0x0A63, 0x12E4, 0x12A4,
    0x1BE6, 0x2588, 0x0CA5, 0x03E3, 0x0C24, 0x0C44, 0x0C24, 0x0C64, 0x0CE5, 0x1566, 0x2DCA, 0x55ED,
    0x75D0, 0x8DD2, 0x9572, 0x8D51, 0x6D2E, 0x44EA, 0x24C7, 0x0C65, 0x0C04, 0x0C24, 0x0C85, 0x0CA4,
    0x1567, 0x3E2A, 0x34C9, 0x2366, 0x1B45, 0x1B66, 0x1B25, 0x1304, 0x23C7, 0x2CE9, 0x2548, 0x0C64,
    0x03C3, 0x0424, 0x0444, 0x0464, 0x0505, 0x05A5, 0x0E66, 0x16E8, 0x2709, 0x36EB, 0x3E8C, 0x45CC,
    0x454A, 0x24E8, 0x0CA5, 0x0444, 0x0C04, 0x0C04, 0x0CA5, 0x1567, 0x25C8, 0x2D48, 0x1C67, 0x1C66,
    0x1C86, 0x1C66, 0x1C86, 0x3569, 0x466C, 0x1D27, 0x0423, 0x0CE5, 0x15C6, 0x1E68, 0x2F2A, 0x3FAC,
    0x4FEE, 0x67F0, 0x67D1, 0x5FCF, 0x47CD, 0x37CB, 0x2769, 0x16C7, 0x0DC5, 0x1586, 0x360A, 0x464B,
    0x3569, 0x1C26, 0x1426, 0x1C67, 0x1C66, 0x1C26, 0x1C46, 0x2CA8, 0x3589, 0x2568, 0x0C44, 0x0464,
    0x0D05, 0x0565, 0x15C6, 0x1E48, 0x2ECA, 0x376B, 0x3FCC, 0x4FEE, 0x5FF0, 0x67D0, 0x67F0, 0x57EF,
    0x47EE, 0x37CC, 0x2FAB, 0x276A, 0x2749, 0x16A7, 0x0E26, 0x1DE7, 0x35CA, 0x34A9, 0x1AE5, 0x1B05,
    0x24A8, 0x1D67, 0x0CA5, 0x03A3, 0x0424, 0x0C84, 0x0505, 0x0DC6, 0x0EA7, 0x1F49, 0x2F8B, 0x3FCC,
    0x47AD, 0x472D, 0x4E6D, 0x45AB, 0x3529, 0x1CE6, 0x0C44, 0x0BA3, 0x14C6, 0x25E8, 0x2548, 0x24A8,
    0x2487, 0x2487, 0x2487, 0x1C66, 0x1C26, 0x2427, 0x23C7, 0x1B45, 0x3428, 0x3DAA, 0x2E29, 0x2689,
    0x372B, 0x3FAC, 0x47ED, 0x57CF, 0x5FD0, 0x67F1, 0x67F1, 0x5FF0, 0x4FEE, 0x37AC, 0x2EEA, 0x1E08,
    0x1526, 0x0C85, 0x0C24, 0x0C04, 0x0C25, 0x0C04, 0x0C04, 0x1485, 0x2D48, 0x3488, 0x0A83, 0x0A01,
    0x0A83, 0x0222, 0x0A63, 0x13A4, 0x14E6, 0x0C85, 0x03A3, 0x03E4, 0x0C24, 0x0C24, 0x0C44, 0x0CE5,
    0x0DA6, 0x0E27, 0x1E68, 0x362A, 0x3DAB, 0x354A, 0x24C7, 0x0C25, 0x0BE3, 0x0C04, 0x1445, 0x3488,
    0x3CA9, 0x24A7, 0x1526, 0x14E6, 0x1B85, 0x1AE5, 0x1B45, 0x1B45
  };

  // 1x64, 16 bit 565 RGB
  constexpr uint16_t leftScleraWidth = 1;
  constexpr uint16_t leftScleraHeight = 64;
  const uint16_t leftSclera[leftScleraWidth * leftScleraHeight] PROGMEM = {
    0x5000, 0x5000, 0x5000, 0x5000, 0x5000, 0x5800, 0x5800, 0x5800, 0x5800, 0x6000, 0x6000, 0x6000,
    0x6800, 0x6800, 0x6800, 0x7000, 0x7000, 0x7000, 0x7800, 0x7800, 0x8000, 0x8000, 0x8000, 0x8800,
    0x8800, 0x9000, 0x9000, 0x9800, 0x9800, 0x9800, 0xA000, 0xA000, 0xA800, 0xA800, 0xB000, 0xB000,
    0xB000, 0xB800, 0xB800, 0xC000, 0xC000, 0xC800, 0xC800, 0xC800, 0xD000, 0xD000, 0xD800, 0xD800,
    0xD800, 0xE000, 0xE000, 0xE000, 0xE800, 0xE800, 0xE800, 0xF000, 0xF000, 0xF000, 0xF000, 0xF800,
    0xF800, 0xF800, 0xF800, 0xF800
  };

  const EyeDefinition left PROGMEM = {
      "green", 125, 20480, true, 0.5, disp_240_125,
      { 0, 110, 0.05, 0.2 },
      { 125, { leftIris, leftIrisWidth, leftIrisHeight }, 0, 0, -3, 0, 0 },
      { { leftSclera, leftScleraWidth, leftScleraHeight }, 0, 0, 0, 0, 0 },
      { leftUpper, leftLower, 0 },
      { 240, polarAngle_240, polarDist_240_125_125_110 }
  };
  const EyeDefinition right PROGMEM = {
      "green", 125, 20480, true, 0.5, disp_240_125,
      { 0, 110, 0.05, 0.2 },
      { 125, { leftIris, leftIrisWidth, leftIrisHeight }, 0, 0, 3, 0, 0 },
      { { leftSclera, leftScleraWidth, leftScleraHeight }, 0, 0, 0, 0, 0 },
      { leftUpper, leftLower, 0 },
      { 240, polarAngle_240, polarDist_240_125_125_110 }
  };
}
